<?xml version="1.0" encoding="UTF-8"?>
<osm version="0.6" generator="openstreetmap-cgimap 2.0.1 (2858169 spike-06.openstreetmap.org)" copyright="OpenStreetMap and contributors" attribution="http://www.openstreetmap.org/copyright" license="http://opendatacommons.org/licenses/odbl/1-0/">
 <bounds minlat="30.6131830" minlon="-96.3521740" maxlat="30.6173340" maxlon="-96.3448780"/>
 <node id="222460063" visible="true" version="13" changeset="61911081" timestamp="2018-08-23T07:02:41Z" user="user_2104173" uid="2104173" lat="30.6116752" lon="-96.3723457"/>
 <node id="222465721" visible="true" version="4" changeset="16815485" timestamp="2013-07-04T02:46:14Z" user="25or6to4" uid="37392" lat="30.6124709" lon="-96.3523277"/>
 <node id="222466125" visible="true" version="6" changeset="143636964" timestamp="2023-11-05T04:04:57Z" user="kitto33" uid="14976430" lat="30.6151309" lon="-96.3480700">
  <tag k="highway" v="traffic_signals"/>
 </node>
 <node id="222466136" visible="true" version="4" changeset="143636964" timestamp="2023-11-05T04:04:57Z" user="kitto33" uid="14976430" lat="30.6152708" lon="-96.3478290"/>
 <node id="222466141" visible="true" version="3" changeset="36098748" timestamp="2015-12-22T05:53:09Z" user="25or6to4" uid="37392" lat="30.6153378" lon="-96.3477833"/>
 <node id="222466144" visible="true" version="3" changeset="36098748" timestamp="2015-12-22T05:53:09Z" user="25or6to4" uid="37392" lat="30.6154971" lon="-96.3477326"/>
 <node id="222466149" visible="true" version="3" changeset="36098748" timestamp="2015-12-22T05:53:09Z" user="25or6to4" uid="37392" lat="30.6156985" lon="-96.3477737"/>
 <node id="222466163" visible="true" version="5" changeset="141490416" timestamp="2023-09-20T01:35:39Z" user="kitto33" uid="14976430" lat="30.6164621" lon="-96.3474602"/>
 <node id="222466171" visible="true" version="3" changeset="36098748" timestamp="2015-12-22T05:53:09Z" user="25or6to4" uid="37392" lat="30.6152406" lon="-96.3477094"/>
 <node id="222466173" visible="true" version="4" changeset="143636964" timestamp="2023-11-05T04:04:57Z" user="kitto33" uid="14976430" lat="30.6148718" lon="-96.3476073"/>
 <node id="222466177" visible="true" version="4" changeset="36098748" timestamp="2015-12-22T05:53:09Z" user="25or6to4" uid="37392" lat="30.6142173" lon="-96.3472402"/>
 <node id="222466185" visible="true" version="8" changeset="62655940" timestamp="2018-09-17T08:06:48Z" user="user_2104173" uid="2104173" lat="30.6160628" lon="-96.3482589"/>
 <node id="222466202" visible="true" version="2" changeset="2191038" timestamp="2009-08-18T16:06:48Z" user="woodpeck_fixbot" uid="147510" lat="30.6157220" lon="-96.3479000"/>
 <node id="222466208" visible="true" version="3" changeset="143636964" timestamp="2023-11-05T04:04:57Z" user="kitto33" uid="14976430" lat="30.6156569" lon="-96.3478517"/>
 <node id="222466216" visible="true" version="3" changeset="143636964" timestamp="2023-11-05T04:04:57Z" user="kitto33" uid="14976430" lat="30.6155838" lon="-96.3478276"/>
 <node id="222466219" visible="true" version="3" changeset="143636964" timestamp="2023-11-05T04:04:57Z" user="kitto33" uid="14976430" lat="30.6155200" lon="-96.3478213"/>
 <node id="222466224" visible="true" version="3" changeset="143636964" timestamp="2023-11-05T04:04:57Z" user="kitto33" uid="14976430" lat="30.6154035" lon="-96.3478453"/>
 <node id="222466228" visible="true" version="3" changeset="143636964" timestamp="2023-11-05T04:04:57Z" user="kitto33" uid="14976430" lat="30.6153180" lon="-96.3479059"/>
 <node id="222466244" visible="true" version="6" changeset="62655940" timestamp="2018-09-17T08:06:48Z" user="user_2104173" uid="2104173" lat="30.6163454" lon="-96.3491543">
  <tag k="highway" v="traffic_signals"/>
 </node>
 <node id="222466249" visible="true" version="5" changeset="62655940" timestamp="2018-09-17T08:06:48Z" user="user_2104173" uid="2104173" lat="30.6164161" lon="-96.3489650"/>
 <node id="222466253" visible="true" version="5" changeset="62655940" timestamp="2018-09-17T08:06:48Z" user="user_2104173" uid="2104173" lat="30.6164622" lon="-96.3488274"/>
 <node id="222466260" visible="true" version="5" changeset="62655940" timestamp="2018-09-17T08:06:48Z" user="user_2104173" uid="2104173" lat="30.6164660" lon="-96.3487246"/>
 <node id="222466262" visible="true" version="6" changeset="62655940" timestamp="2018-09-17T08:06:48Z" user="user_2104173" uid="2104173" lat="30.6164333" lon="-96.3485883"/>
 <node id="222466267" visible="true" version="6" changeset="62655940" timestamp="2018-09-17T08:06:48Z" user="user_2104173" uid="2104173" lat="30.6164127" lon="-96.3485490"/>
 <node id="222466274" visible="true" version="6" changeset="62655940" timestamp="2018-09-17T08:06:48Z" user="user_2104173" uid="2104173" lat="30.6163625" lon="-96.3484812"/>
 <node id="222466313" visible="true" version="6" changeset="62655940" timestamp="2018-09-17T08:06:48Z" user="user_2104173" uid="2104173" lat="30.6163938" lon="-96.3483618"/>
 <node id="222466324" visible="true" version="4" changeset="62655940" timestamp="2018-09-17T08:06:48Z" user="user_2104173" uid="2104173" lat="30.6165647" lon="-96.3487496"/>
 <node id="222466328" visible="true" version="4" changeset="62655940" timestamp="2018-09-17T08:06:48Z" user="user_2104173" uid="2104173" lat="30.6165422" lon="-96.3489002"/>
 <node id="222466330" visible="true" version="4" changeset="62655940" timestamp="2018-09-17T08:06:48Z" user="user_2104173" uid="2104173" lat="30.6164790" lon="-96.3490540"/>
 <node id="222479175" visible="true" version="7" changeset="16815485" timestamp="2013-07-04T02:46:15Z" user="25or6to4" uid="37392" lat="30.6154309" lon="-96.3491517"/>
 <node id="222479844" visible="true" version="11" changeset="61911081" timestamp="2018-08-23T07:02:41Z" user="user_2104173" uid="2104173" lat="30.6027200" lon="-96.3625008"/>
 <node id="222490370" visible="true" version="5" changeset="140729018" timestamp="2023-09-02T17:17:09Z" user="UrbanUnPlanner" uid="14692283" lat="30.6243374" lon="-96.3568203">
  <tag k="crossing:activation" v="automatic"/>
  <tag k="crossing:barrier" v="half"/>
  <tag k="crossing:bell" v="yes"/>
  <tag k="crossing:light" v="yes"/>
  <tag k="crossing:saltire" v="yes"/>
  <tag k="lit" v="yes"/>
  <tag k="operator" v="Union Pacific"/>
  <tag k="operator:phone" v="+1-800-848-8715"/>
  <tag k="railway" v="level_crossing"/>
  <tag k="railway:position" v="mi:74.38"/>
  <tag k="ref:fra_crossing" v="743209X"/>
 </node>
 <node id="222490395" visible="true" version="12" changeset="38026819" timestamp="2016-03-23T19:15:49Z" user="JMG3" uid="1928909" lat="30.6202606" lon="-96.3759803"/>
 <node id="222495938" visible="true" version="3" changeset="31756535" timestamp="2015-06-05T21:37:04Z" user="ediyes" uid="1240849" lat="30.6160246" lon="-96.3529009"/>
 <node id="222501001" visible="true" version="11" changeset="61911081" timestamp="2018-08-23T07:02:41Z" user="user_2104173" uid="2104173" lat="30.6083551" lon="-96.3691667"/>
 <node id="222501010" visible="true" version="10" changeset="61911081" timestamp="2018-08-23T07:02:41Z" user="user_2104173" uid="2104173" lat="30.6056568" lon="-96.3662697"/>
 <node id="222501068" visible="true" version="8" changeset="61911081" timestamp="2018-08-23T07:02:41Z" user="user_2104173" uid="2104173" lat="30.5960889" lon="-96.3586418"/>
 <node id="222529465" visible="true" version="3" changeset="120671017" timestamp="2022-05-07T14:38:32Z" user="Trevor_1" uid="3715012" lat="30.6180060" lon="-96.3477460">
  <tag k="highway" v="stop"/>
  <tag k="stop" v="all"/>
 </node>
 <node id="222529471" visible="true" version="6" changeset="111466712" timestamp="2021-09-20T20:53:17Z" user="Andrew Humes" uid="14146837" lat="30.6176418" lon="-96.3473875"/>
 <node id="222529473" visible="true" version="4" changeset="95349936" timestamp="2020-12-05T22:04:04Z" user="user_11254435" uid="11254435" lat="30.6175578" lon="-96.3472993"/>
 <node id="222529477" visible="true" version="4" changeset="36098748" timestamp="2015-12-22T05:53:10Z" user="25or6to4" uid="37392" lat="30.6170394" lon="-96.3467826">
  <tag k="highway" v="traffic_signals"/>
 </node>
 <node id="222529906" visible="true" version="7" changeset="124852336" timestamp="2022-08-13T12:56:02Z" user="Trevor_1" uid="3715012" lat="30.6137702" lon="-96.3508585">
  <tag k="highway" v="traffic_signals"/>
 </node>
 <node id="222529913" visible="true" version="13" changeset="90836146" timestamp="2020-09-14T02:36:43Z" user="user_11254435" uid="11254435" lat="30.6153563" lon="-96.3487944"/>
 <node id="222534084" visible="true" version="7" changeset="90836146" timestamp="2020-09-14T02:36:43Z" user="user_11254435" uid="11254435" lat="30.6213936" lon="-96.3417830"/>
 <node id="222545466" visible="true" version="2" changeset="2191038" timestamp="2009-08-18T16:17:09Z" user="woodpeck_fixbot" uid="147510" lat="30.6202320" lon="-96.3512860"/>
 <node id="222548302" visible="true" version="5" changeset="90836146" timestamp="2020-09-14T02:36:43Z" user="user_11254435" uid="11254435" lat="30.6076409" lon="-96.3362597"/>
 <node id="222552536" visible="true" version="3" changeset="149039503" timestamp="2024-03-23T06:59:27Z" user="kitto33" uid="14976430" lat="30.6202793" lon="-96.3568055"/>
 <node id="222556232" visible="true" version="5" changeset="90836146" timestamp="2020-09-14T02:36:43Z" user="user_11254435" uid="11254435" lat="30.6201325" lon="-96.3257274"/>
 <node id="222561629" visible="true" version="6" changeset="62655940" timestamp="2018-09-17T08:06:48Z" user="user_2104173" uid="2104173" lat="30.6165942" lon="-96.3493323"/>
 <node id="222561635" visible="true" version="3" changeset="36098938" timestamp="2015-12-22T06:18:31Z" user="25or6to4" uid="37392" lat="30.6173361" lon="-96.3485006"/>
 <node id="222587265" visible="true" version="3" changeset="36098938" timestamp="2015-12-22T06:18:31Z" user="25or6to4" uid="37392" lat="30.6169435" lon="-96.3481322"/>
 <node id="222587271" visible="true" version="3" changeset="123154550" timestamp="2022-07-03T14:56:05Z" user="Trevor_1" uid="3715012" lat="30.6186181" lon="-96.3496391"/>
 <node id="222587274" visible="true" version="2" changeset="2191038" timestamp="2009-08-18T16:21:44Z" user="woodpeck_fixbot" uid="147510" lat="30.6194490" lon="-96.3504300"/>
 <node id="222592656" visible="true" version="5" changeset="36099121" timestamp="2015-12-22T06:42:38Z" user="25or6to4" uid="37392" lat="30.6179712" lon="-96.3503649"/>
 <node id="222604708" visible="true" version="5" changeset="62655940" timestamp="2018-09-17T08:06:48Z" user="user_2104173" uid="2104173" lat="30.6153976" lon="-96.3486690"/>
 <node id="222604710" visible="true" version="4" changeset="30713920" timestamp="2015-05-02T08:07:36Z" user="25or6to4" uid="37392" lat="30.6162839" lon="-96.3494218"/>
 <node id="222604713" visible="true" version="4" changeset="62655940" timestamp="2018-09-17T08:06:48Z" user="user_2104173" uid="2104173" lat="30.6167496" lon="-96.3497287"/>
 <node id="222604719" visible="true" version="5" changeset="62655940" timestamp="2018-09-17T08:06:48Z" user="user_2104173" uid="2104173" lat="30.6173050" lon="-96.3500669"/>
 <node id="222604723" visible="true" version="4" changeset="62655940" timestamp="2018-09-17T08:06:48Z" user="user_2104173" uid="2104173" lat="30.6178672" lon="-96.3505156"/>
 <node id="222604961" visible="true" version="3" changeset="30713920" timestamp="2015-05-02T08:07:37Z" user="25or6to4" uid="37392" lat="30.6192509" lon="-96.3521893"/>
 <node id="222604965" visible="true" version="3" changeset="30713920" timestamp="2015-05-02T08:07:37Z" user="25or6to4" uid="37392" lat="30.6229674" lon="-96.3555916"/>
 <node id="222604968" visible="true" version="9" changeset="38001495" timestamp="2016-03-22T15:38:42Z" user="JMG3" uid="1928909" lat="30.6239069" lon="-96.3568831"/>
 <node id="222604971" visible="true" version="3" changeset="30713920" timestamp="2015-05-02T08:07:37Z" user="25or6to4" uid="37392" lat="30.6309621" lon="-96.3628784"/>
 <node id="222604975" visible="true" version="3" changeset="30713920" timestamp="2015-05-02T08:07:37Z" user="25or6to4" uid="37392" lat="30.6314045" lon="-96.3632901"/>
 <node id="222604979" visible="true" version="3" changeset="30713920" timestamp="2015-05-02T08:07:37Z" user="25or6to4" uid="37392" lat="30.6323346" lon="-96.3641262"/>
 <node id="222604984" visible="true" version="4" changeset="161572825" timestamp="2025-01-20T17:39:09Z" user="Trevor_1" uid="3715012" lat="30.6342788" lon="-96.3658935"/>
 <node id="222614210" visible="true" version="6" changeset="143636964" timestamp="2023-11-05T04:04:57Z" user="kitto33" uid="14976430" lat="30.6127652" lon="-96.3499982"/>
 <node id="222614212" visible="true" version="3" changeset="9810335" timestamp="2011-11-13T02:40:14Z" user="*KAP*" uid="406788" lat="30.6131533" lon="-96.3502147"/>
 <node id="222664487" visible="true" version="4" changeset="62656826" timestamp="2018-09-17T08:39:42Z" user="user_2104173" uid="2104173" lat="30.6133786" lon="-96.3448348"/>
 <node id="222664492" visible="true" version="3" changeset="62656826" timestamp="2018-09-17T08:39:41Z" user="user_2104173" uid="2104173" lat="30.6136639" lon="-96.3449364"/>
 <node id="222664496" visible="true" version="3" changeset="62656826" timestamp="2018-09-17T08:39:41Z" user="user_2104173" uid="2104173" lat="30.6138094" lon="-96.3449697"/>
 <node id="222664503" visible="true" version="2" changeset="2879126" timestamp="2009-10-18T00:52:46Z" user="woodpeck_fixbot" uid="147510" lat="30.6143970" lon="-96.3450030"/>
 <node id="222664507" visible="true" version="2" changeset="2191038" timestamp="2009-08-18T16:31:08Z" user="woodpeck_fixbot" uid="147510" lat="30.6146570" lon="-96.3449590"/>
 <node id="222664516" visible="true" version="2" changeset="2879126" timestamp="2009-10-18T00:52:46Z" user="woodpeck_fixbot" uid="147510" lat="30.6149980" lon="-96.3447810"/>
 <node id="222664527" visible="true" version="3" changeset="61938315" timestamp="2018-08-24T03:31:17Z" user="user_2104173" uid="2104173" lat="30.6158781" lon="-96.3435443"/>
 <node id="222664531" visible="true" version="5" changeset="61938315" timestamp="2018-08-24T03:31:16Z" user="user_2104173" uid="2104173" lat="30.6159125" lon="-96.3433795"/>
 <node id="222686708" visible="true" version="4" changeset="62655940" timestamp="2018-09-17T08:06:48Z" user="user_2104173" uid="2104173" lat="30.6155193" lon="-96.3484266"/>
 <node id="222686710" visible="true" version="4" changeset="62655940" timestamp="2018-09-17T08:06:48Z" user="user_2104173" uid="2104173" lat="30.6166914" lon="-96.3493994"/>
 <node id="222686714" visible="true" version="4" changeset="123450011" timestamp="2022-07-10T23:38:09Z" user="Trevor_1" uid="3715012" lat="30.6168388" lon="-96.3495031"/>
 <node id="222686719" visible="true" version="5" changeset="62655940" timestamp="2018-09-17T08:06:48Z" user="user_2104173" uid="2104173" lat="30.6172932" lon="-96.3497958"/>
 <node id="222686743" visible="true" version="4" changeset="93449735" timestamp="2020-11-03T03:57:05Z" user="Trevor_1" uid="3715012" lat="30.6200621" lon="-96.3522577"/>
 <node id="485283688" visible="true" version="4" changeset="18658207" timestamp="2013-11-01T20:19:09Z" user="riordabr" uid="586964" lat="30.6126925" lon="-96.3501379"/>
 <node id="583032195" visible="true" version="10" changeset="90836146" timestamp="2020-09-14T02:36:43Z" user="user_11254435" uid="11254435" lat="30.6049655" lon="-96.3389930"/>
 <node id="583287705" visible="true" version="8" changeset="61911081" timestamp="2018-08-23T07:02:41Z" user="user_2104173" uid="2104173" lat="30.6036620" lon="-96.3636319"/>
 <node id="583300185" visible="true" version="2" changeset="143636964" timestamp="2023-11-05T04:04:57Z" user="kitto33" uid="14976430" lat="30.6130539" lon="-96.3503553"/>
 <node id="583370078" visible="true" version="8" changeset="90836146" timestamp="2020-09-14T02:36:43Z" user="user_11254435" uid="11254435" lat="30.6193053" lon="-96.3442220"/>
 <node id="583370175" visible="true" version="2" changeset="36098938" timestamp="2015-12-22T06:18:33Z" user="25or6to4" uid="37392" lat="30.6188417" lon="-96.3511486"/>
 <node id="1192167850" visible="true" version="4" changeset="140700859" timestamp="2023-09-02T00:36:09Z" user="UrbanUnPlanner" uid="14692283" lat="30.6158774" lon="-96.3491016">
  <tag k="railway" v="switch"/>
  <tag k="railway:switch:electric" v="yes"/>
  <tag k="railway:turnout_side" v="right"/>
 </node>
 <node id="1574700644" visible="true" version="2" changeset="62655940" timestamp="2018-09-17T08:06:48Z" user="user_2104173" uid="2104173" lat="30.6157420" lon="-96.3489803"/>
 <node id="1574700647" visible="true" version="2" changeset="62655940" timestamp="2018-09-17T08:06:48Z" user="user_2104173" uid="2104173" lat="30.6159545" lon="-96.3488174"/>
 <node id="1586302884" visible="true" version="5" changeset="90836146" timestamp="2020-09-14T02:36:43Z" user="user_11254435" uid="11254435" lat="30.6274833" lon="-96.3349360"/>
 <node id="1674931159" visible="true" version="1" changeset="10981757" timestamp="2012-03-14T20:05:35Z" user="mayar" uid="612391" lat="30.6129745" lon="-96.3484189"/>
 <node id="1674931164" visible="true" version="2" changeset="143636964" timestamp="2023-11-05T04:04:57Z" user="kitto33" uid="14976430" lat="30.6130904" lon="-96.3490366"/>
 <node id="1674931188" visible="true" version="1" changeset="10981757" timestamp="2012-03-14T20:05:35Z" user="mayar" uid="612391" lat="30.6130491" lon="-96.3480345"/>
 <node id="1674931215" visible="true" version="1" changeset="10981757" timestamp="2012-03-14T20:05:37Z" user="mayar" uid="612391" lat="30.6130996" lon="-96.3485390"/>
 <node id="1674931241" visible="true" version="1" changeset="10981757" timestamp="2012-03-14T20:05:37Z" user="mayar" uid="612391" lat="30.6131534" lon="-96.3481479"/>
 <node id="1674931255" visible="true" version="1" changeset="10981757" timestamp="2012-03-14T20:05:38Z" user="mayar" uid="612391" lat="30.6131798" lon="-96.3478323"/>
 <node id="1674931299" visible="true" version="2" changeset="143636964" timestamp="2023-11-05T04:04:57Z" user="kitto33" uid="14976430" lat="30.6132664" lon="-96.3487674"/>
 <node id="1674931312" visible="true" version="1" changeset="10981757" timestamp="2012-03-14T20:05:40Z" user="mayar" uid="612391" lat="30.6134261" lon="-96.3480580"/>
 <node id="1674931349" visible="true" version="1" changeset="10981757" timestamp="2012-03-14T20:05:41Z" user="mayar" uid="612391" lat="30.6135141" lon="-96.3479072"/>
 <node id="1674931354" visible="true" version="1" changeset="10981757" timestamp="2012-03-14T20:05:41Z" user="mayar" uid="612391" lat="30.6135512" lon="-96.3484834"/>
 <node id="1674931360" visible="true" version="1" changeset="10981757" timestamp="2012-03-14T20:05:42Z" user="mayar" uid="612391" lat="30.6135843" lon="-96.3477998"/>
 <node id="1674931439" visible="true" version="1" changeset="10981757" timestamp="2012-03-14T20:05:44Z" user="mayar" uid="612391" lat="30.6136583" lon="-96.3480345"/>
 <node id="1674931446" visible="true" version="2" changeset="143636964" timestamp="2023-11-05T04:04:57Z" user="kitto33" uid="14976430" lat="30.6137169" lon="-96.3495894"/>
 <node id="1674931478" visible="true" version="1" changeset="10981757" timestamp="2012-03-14T20:05:46Z" user="mayar" uid="612391" lat="30.6136892" lon="-96.3482722"/>
 <node id="1674931530" visible="true" version="1" changeset="10981757" timestamp="2012-03-14T20:05:47Z" user="mayar" uid="612391" lat="30.6137285" lon="-96.3479271"/>
 <node id="1674931554" visible="true" version="1" changeset="10981757" timestamp="2012-03-14T20:05:48Z" user="mayar" uid="612391" lat="30.6137388" lon="-96.3489971"/>
 <node id="1674931577" visible="true" version="1" changeset="10981757" timestamp="2012-03-14T20:05:49Z" user="mayar" uid="612391" lat="30.6137694" lon="-96.3486759"/>
 <node id="1674931579" visible="true" version="2" changeset="143636964" timestamp="2023-11-05T04:04:57Z" user="kitto33" uid="14976430" lat="30.6137907" lon="-96.3495497"/>
 <node id="1674931593" visible="true" version="1" changeset="10981757" timestamp="2012-03-14T20:05:51Z" user="mayar" uid="612391" lat="30.6138030" lon="-96.3488988"/>
 <node id="1674931610" visible="true" version="1" changeset="10981757" timestamp="2012-03-14T20:05:52Z" user="mayar" uid="612391" lat="30.6138401" lon="-96.3490865"/>
 <node id="1674931613" visible="true" version="2" changeset="143636964" timestamp="2023-11-05T04:04:57Z" user="kitto33" uid="14976430" lat="30.6138928" lon="-96.3493202"/>
 <node id="1674931629" visible="true" version="1" changeset="10981757" timestamp="2012-03-14T20:05:53Z" user="mayar" uid="612391" lat="30.6139043" lon="-96.3489882"/>
 <node id="1674931642" visible="true" version="1" changeset="10981757" timestamp="2012-03-14T20:05:53Z" user="mayar" uid="612391" lat="30.6139074" lon="-96.3484647"/>
 <node id="1674931676" visible="true" version="2" changeset="143636964" timestamp="2023-11-05T04:04:57Z" user="kitto33" uid="14976430" lat="30.6139227" lon="-96.3496680"/>
 <node id="1674931770" visible="true" version="1" changeset="10981757" timestamp="2012-03-14T20:05:57Z" user="mayar" uid="612391" lat="30.6140229" lon="-96.3485349"/>
 <node id="1674931810" visible="true" version="1" changeset="10981757" timestamp="2012-03-14T20:05:58Z" user="mayar" uid="612391" lat="30.6140790" lon="-96.3484490"/>
 <node id="1674931867" visible="true" version="3" changeset="102495907" timestamp="2021-04-07T16:20:19Z" user="xenopus" uid="13004708" lat="30.6141599" lon="-96.3457082"/>
 <node id="1674931883" visible="true" version="1" changeset="10981757" timestamp="2012-03-14T20:06:02Z" user="mayar" uid="612391" lat="30.6142136" lon="-96.3487032"/>
 <node id="1674931905" visible="true" version="1" changeset="10981757" timestamp="2012-03-14T20:06:03Z" user="mayar" uid="612391" lat="30.6142698" lon="-96.3486174"/>
 <node id="1674931952" visible="true" version="3" changeset="102495907" timestamp="2021-04-07T16:20:19Z" user="xenopus" uid="13004708" lat="30.6143088" lon="-96.3458554"/>
 <node id="1674931992" visible="true" version="2" changeset="143636964" timestamp="2023-11-05T04:04:57Z" user="kitto33" uid="14976430" lat="30.6143556" lon="-96.3486984"/>
 <node id="1674932032" visible="true" version="2" changeset="143636964" timestamp="2023-11-05T04:04:57Z" user="kitto33" uid="14976430" lat="30.6144877" lon="-96.3488167"/>
 <node id="1674932114" visible="true" version="3" changeset="102495907" timestamp="2021-04-07T16:20:19Z" user="xenopus" uid="13004708" lat="30.6145720" lon="-96.3451456"/>
 <node id="1674932217" visible="true" version="4" changeset="114940256" timestamp="2021-12-14T21:24:38Z" user="Andrew Matheny" uid="3265371" lat="30.6146975" lon="-96.3458430"/>
 <node id="1674932236" visible="true" version="3" changeset="102495907" timestamp="2021-04-07T16:20:19Z" user="xenopus" uid="13004708" lat="30.6147209" lon="-96.3452928"/>
 <node id="1674932368" visible="true" version="3" changeset="114940256" timestamp="2021-12-14T21:24:38Z" user="Andrew Matheny" uid="3265371" lat="30.6149560" lon="-96.3460774"/>
 <node id="1674932910" visible="true" version="4" changeset="114940256" timestamp="2021-12-14T21:24:38Z" user="Andrew Matheny" uid="3265371" lat="30.6151562" lon="-96.3449570"/>
 <node id="1674933171" visible="true" version="3" changeset="114940256" timestamp="2021-12-14T21:24:38Z" user="Andrew Matheny" uid="3265371" lat="30.6152361" lon="-96.3450308"/>
 <node id="1674933207" visible="true" version="4" changeset="114940256" timestamp="2021-12-14T21:24:38Z" user="Andrew Matheny" uid="3265371" lat="30.6152467" lon="-96.3450406"/>
 <node id="1674933224" visible="true" version="2" changeset="105946957" timestamp="2021-06-07T06:20:30Z" user="kondokum" uid="11676401" lat="30.6152501" lon="-96.3462709"/>
 <node id="1674933276" visible="true" version="4" changeset="114940256" timestamp="2021-12-14T21:24:38Z" user="Andrew Matheny" uid="3265371" lat="30.6153256" lon="-96.3449509"/>
 <node id="1674933293" visible="true" version="2" changeset="105946957" timestamp="2021-06-07T06:20:30Z" user="kondokum" uid="11676401" lat="30.6153291" lon="-96.3461568"/>
 <node id="1674933351" visible="true" version="4" changeset="114940256" timestamp="2021-12-14T21:24:38Z" user="Andrew Matheny" uid="3265371" lat="30.6154170" lon="-96.3451980"/>
 <node id="1674933367" visible="true" version="4" changeset="114940256" timestamp="2021-12-14T21:24:38Z" user="Andrew Matheny" uid="3265371" lat="30.6154609" lon="-96.3460406"/>
 <node id="1674933409" visible="true" version="3" changeset="114940256" timestamp="2021-12-14T21:24:38Z" user="Andrew Matheny" uid="3265371" lat="30.6155033" lon="-96.3452777"/>
 <node id="1674933461" visible="true" version="3" changeset="102495907" timestamp="2021-04-07T16:20:19Z" user="xenopus" uid="13004708" lat="30.6156221" lon="-96.3448342"/>
 <node id="1674933518" visible="true" version="3" changeset="114940256" timestamp="2021-12-14T21:24:38Z" user="Andrew Matheny" uid="3265371" lat="30.6157082" lon="-96.3454671"/>
 <node id="1674933579" visible="true" version="4" changeset="114940256" timestamp="2021-12-14T21:24:38Z" user="Andrew Matheny" uid="3265371" lat="30.6157342" lon="-96.3454290"/>
 <node id="1674933599" visible="true" version="2" changeset="105946957" timestamp="2021-06-07T06:20:30Z" user="kondokum" uid="11676401" lat="30.6157190" lon="-96.3467204"/>
 <node id="1674933609" visible="true" version="3" changeset="102495907" timestamp="2021-04-07T16:20:19Z" user="xenopus" uid="13004708" lat="30.6157749" lon="-96.3449735"/>
 <node id="1674933630" visible="true" version="4" changeset="114940256" timestamp="2021-12-14T21:24:38Z" user="Andrew Matheny" uid="3265371" lat="30.6157764" lon="-96.3453674"/>
 <node id="1674933667" visible="true" version="2" changeset="105946957" timestamp="2021-06-07T06:20:30Z" user="kondokum" uid="11676401" lat="30.6158016" lon="-96.3466055"/>
 <node id="1674933668" visible="true" version="4" changeset="114940256" timestamp="2021-12-14T21:24:38Z" user="Andrew Matheny" uid="3265371" lat="30.6158232" lon="-96.3455113"/>
 <node id="1674933779" visible="true" version="3" changeset="102495907" timestamp="2021-04-07T16:20:19Z" user="xenopus" uid="13004708" lat="30.6160662" lon="-96.3441764"/>
 <node id="1674933798" visible="true" version="3" changeset="102495907" timestamp="2021-04-07T16:20:19Z" user="xenopus" uid="13004708" lat="30.6162190" lon="-96.3443158"/>
 <node id="1674933885" visible="true" version="2" changeset="20474786" timestamp="2014-02-09T22:36:19Z" user="N Rosenheim" uid="1926928" lat="30.6165983" lon="-96.3454730"/>
 <node id="1674933937" visible="true" version="2" changeset="20474786" timestamp="2014-02-09T22:36:19Z" user="N Rosenheim" uid="1926928" lat="30.6167387" lon="-96.3454495"/>
 <node id="1674933941" visible="true" version="3" changeset="94153968" timestamp="2020-11-15T16:11:37Z" user="Trevor_1" uid="3715012" lat="30.6167589" lon="-96.3478553"/>
 <node id="1674933982" visible="true" version="3" changeset="94153968" timestamp="2020-11-15T16:11:37Z" user="Trevor_1" uid="3715012" lat="30.6168513" lon="-96.3476498"/>
 <node id="1674933988" visible="true" version="2" changeset="20474786" timestamp="2014-02-09T22:36:19Z" user="N Rosenheim" uid="1926928" lat="30.6168361" lon="-96.3456985"/>
 <node id="1674934017" visible="true" version="3" changeset="94153968" timestamp="2020-11-15T16:11:37Z" user="Trevor_1" uid="3715012" lat="30.6169252" lon="-96.3480308"/>
 <node id="1674934031" visible="true" version="2" changeset="20474786" timestamp="2014-02-09T22:36:19Z" user="N Rosenheim" uid="1926928" lat="30.6169021" lon="-96.3456045"/>
 <node id="1674934035" visible="true" version="2" changeset="20474786" timestamp="2014-02-09T22:36:20Z" user="N Rosenheim" uid="1926928" lat="30.6169233" lon="-96.3457078"/>
 <node id="1674934047" visible="true" version="2" changeset="20474786" timestamp="2014-02-09T22:36:19Z" user="N Rosenheim" uid="1926928" lat="30.6170156" lon="-96.3448790"/>
 <node id="1674934048" visible="true" version="2" changeset="20474786" timestamp="2014-02-09T22:36:20Z" user="N Rosenheim" uid="1926928" lat="30.6170204" lon="-96.3458008"/>
 <node id="1674934049" visible="true" version="2" changeset="20474786" timestamp="2014-02-09T22:36:19Z" user="N Rosenheim" uid="1926928" lat="30.6170272" lon="-96.3450388"/>
 <node id="1674934056" visible="true" version="2" changeset="94154353" timestamp="2020-11-15T16:19:47Z" user="Trevor_1" uid="3715012" lat="30.6171043" lon="-96.3471553"/>
 <node id="1674934058" visible="true" version="2" changeset="94154353" timestamp="2020-11-15T16:19:47Z" user="Trevor_1" uid="3715012" lat="30.6170951" lon="-96.3476021"/>
 <node id="1674934060" visible="true" version="2" changeset="94154353" timestamp="2020-11-15T16:19:47Z" user="Trevor_1" uid="3715012" lat="30.6171042" lon="-96.3471069"/>
 <node id="1674934067" visible="true" version="2" changeset="20474786" timestamp="2014-02-09T22:36:19Z" user="N Rosenheim" uid="1926928" lat="30.6171914" lon="-96.3451945"/>
 <node id="1674934069" visible="true" version="2" changeset="94154353" timestamp="2020-11-15T16:19:47Z" user="Trevor_1" uid="3715012" lat="30.6172030" lon="-96.3476051"/>
 <node id="1674934075" visible="true" version="2" changeset="20474786" timestamp="2014-02-09T22:36:19Z" user="N Rosenheim" uid="1926928" lat="30.6172541" lon="-96.3451052"/>
 <node id="1674934097" visible="true" version="3" changeset="114940256" timestamp="2021-12-14T21:24:38Z" user="Andrew Matheny" uid="3265371" lat="30.6172900" lon="-96.3474031"/>
 <node id="1674934099" visible="true" version="2" changeset="20474786" timestamp="2014-02-09T22:36:20Z" user="N Rosenheim" uid="1926928" lat="30.6172867" lon="-96.3451955"/>
 <node id="1674934102" visible="true" version="2" changeset="94154353" timestamp="2020-11-15T16:19:47Z" user="Trevor_1" uid="3715012" lat="30.6172121" lon="-96.3471565"/>
 <node id="1674934103" visible="true" version="3" changeset="114940256" timestamp="2021-12-14T21:24:38Z" user="Andrew Matheny" uid="3265371" lat="30.6173760" lon="-96.3472921"/>
 <node id="1674934104" visible="true" version="2" changeset="20474786" timestamp="2014-02-09T22:36:20Z" user="N Rosenheim" uid="1926928" lat="30.6173838" lon="-96.3452885"/>
 <node id="1674934108" visible="true" version="3" changeset="114940256" timestamp="2021-12-14T21:24:38Z" user="Andrew Matheny" uid="3265371" lat="30.6174281" lon="-96.3475475"/>
 <node id="1674934113" visible="true" version="3" changeset="114940256" timestamp="2021-12-14T21:24:38Z" user="Andrew Matheny" uid="3265371" lat="30.6175141" lon="-96.3474365"/>
 <node id="2372852757" visible="true" version="1" changeset="16815485" timestamp="2013-07-04T02:45:49Z" user="25or6to4" uid="37392" lat="30.6117936" lon="-96.3530387"/>
 <node id="2372852758" visible="true" version="1" changeset="16815485" timestamp="2013-07-04T02:45:49Z" user="25or6to4" uid="37392" lat="30.6122693" lon="-96.3523758"/>
 <node id="2372852759" visible="true" version="1" changeset="16815485" timestamp="2013-07-04T02:45:49Z" user="25or6to4" uid="37392" lat="30.6123879" lon="-96.3522457"/>
 <node id="2372852761" visible="true" version="2" changeset="143636964" timestamp="2023-11-05T04:04:57Z" user="kitto33" uid="14976430" lat="30.6135985" lon="-96.3507707"/>
 <node id="2372852763" visible="true" version="2" changeset="62740421" timestamp="2018-09-19T18:49:27Z" user="Trevor_1" uid="3715012" lat="30.6136708" lon="-96.3506875"/>
 <node id="2372852764" visible="true" version="3" changeset="62740421" timestamp="2018-09-19T18:49:27Z" user="Trevor_1" uid="3715012" lat="30.6136902" lon="-96.3507894">
  <tag k="highway" v="traffic_signals"/>
 </node>
 <node id="2372852765" visible="true" version="2" changeset="143636964" timestamp="2023-11-05T04:04:57Z" user="kitto33" uid="14976430" lat="30.6140998" lon="-96.3505615"/>
 <node id="2372852766" visible="true" version="2" changeset="16815560" timestamp="2013-07-04T03:07:30Z" user="25or6to4" uid="37392" lat="30.6144268" lon="-96.3500813"/>
 <node id="2372852767" visible="true" version="1" changeset="16815485" timestamp="2013-07-04T02:45:49Z" user="25or6to4" uid="37392" lat="30.6146736" lon="-96.3498387"/>
 <node id="2372852768" visible="true" version="2" changeset="143636964" timestamp="2023-11-05T04:04:57Z" user="kitto33" uid="14976430" lat="30.6146547" lon="-96.3500444"/>
 <node id="2372852769" visible="true" version="1" changeset="16815485" timestamp="2013-07-04T02:45:49Z" user="25or6to4" uid="37392" lat="30.6149238" lon="-96.3495706"/>
 <node id="2372852770" visible="true" version="1" changeset="16815485" timestamp="2013-07-04T02:45:49Z" user="25or6to4" uid="37392" lat="30.6150823" lon="-96.3495837"/>
 <node id="2372852772" visible="true" version="1" changeset="16815485" timestamp="2013-07-04T02:45:49Z" user="25or6to4" uid="37392" lat="30.6153537" lon="-96.3490524"/>
 <node id="2372852773" visible="true" version="1" changeset="16815485" timestamp="2013-07-04T02:45:49Z" user="25or6to4" uid="37392" lat="30.6155891" lon="-96.3487254"/>
 <node id="2372852774" visible="true" version="2" changeset="36098748" timestamp="2015-12-22T05:53:12Z" user="25or6to4" uid="37392" lat="30.6158976" lon="-96.3482828"/>
 <node id="2372852775" visible="true" version="2" changeset="36098748" timestamp="2015-12-22T05:53:12Z" user="25or6to4" uid="37392" lat="30.6161844" lon="-96.3478428"/>
 <node id="2372852777" visible="true" version="3" changeset="62655940" timestamp="2018-09-17T08:06:48Z" user="user_2104173" uid="2104173" lat="30.6164351" lon="-96.3489259"/>
 <node id="2372852794" visible="true" version="3" changeset="126830779" timestamp="2022-09-30T16:27:56Z" user="otj4b" uid="13808159" lat="30.6266665" lon="-96.3364768"/>
 <node id="2664152338" visible="true" version="5" changeset="144688376" timestamp="2023-12-02T11:25:48Z" user="kitto33" uid="14976430" lat="30.6178509" lon="-96.3459059"/>
 <node id="2664171694" visible="true" version="3" changeset="52423106" timestamp="2017-09-27T18:52:44Z" user="JMG3" uid="1928909" lat="30.6170668" lon="-96.3462057"/>
 <node id="2664171697" visible="true" version="3" changeset="52423106" timestamp="2017-09-27T18:52:44Z" user="JMG3" uid="1928909" lat="30.6165064" lon="-96.3456639"/>
 <node id="2664171700" visible="true" version="3" changeset="52423106" timestamp="2017-09-27T18:52:44Z" user="JMG3" uid="1928909" lat="30.6164926" lon="-96.3456832"/>
 <node id="2664171703" visible="true" version="3" changeset="52423106" timestamp="2017-09-27T18:52:44Z" user="JMG3" uid="1928909" lat="30.6164170" lon="-96.3456102"/>
 <node id="2664171706" visible="true" version="3" changeset="52423106" timestamp="2017-09-27T18:52:44Z" user="JMG3" uid="1928909" lat="30.6163510" lon="-96.3457873"/>
 <node id="2664171710" visible="true" version="3" changeset="52423106" timestamp="2017-09-27T18:52:44Z" user="JMG3" uid="1928909" lat="30.6167560" lon="-96.3461763"/>
 <node id="2664171712" visible="true" version="3" changeset="52423106" timestamp="2017-09-27T18:52:44Z" user="JMG3" uid="1928909" lat="30.6167038" lon="-96.3462498"/>
 <node id="2664171715" visible="true" version="3" changeset="52423106" timestamp="2017-09-27T18:52:44Z" user="JMG3" uid="1928909" lat="30.6166305" lon="-96.3461795"/>
 <node id="2664171718" visible="true" version="3" changeset="52423106" timestamp="2017-09-27T18:52:44Z" user="JMG3" uid="1928909" lat="30.6163757" lon="-96.3465376"/>
 <node id="2664171721" visible="true" version="3" changeset="52423106" timestamp="2017-09-27T18:52:44Z" user="JMG3" uid="1928909" lat="30.6163659" lon="-96.3466398"/>
 <node id="2664171724" visible="true" version="4" changeset="114665502" timestamp="2021-12-07T15:23:34Z" user="VLD182" uid="13753595" lat="30.6161946" lon="-96.3464742"/>
 <node id="2664171727" visible="true" version="4" changeset="114665502" timestamp="2021-12-07T15:23:34Z" user="VLD182" uid="13753595" lat="30.6163810" lon="-96.3461957"/>
 <node id="2664171730" visible="true" version="4" changeset="114665502" timestamp="2021-12-07T15:23:34Z" user="VLD182" uid="13753595" lat="30.6164271" lon="-96.3461606"/>
 <node id="2664171733" visible="true" version="4" changeset="114665502" timestamp="2021-12-07T15:23:34Z" user="VLD182" uid="13753595" lat="30.6163791" lon="-96.3460416"/>
 <node id="2664171736" visible="true" version="4" changeset="114665502" timestamp="2021-12-07T15:23:34Z" user="VLD182" uid="13753595" lat="30.6163491" lon="-96.3460456"/>
 <node id="2664171740" visible="true" version="4" changeset="114665502" timestamp="2021-12-07T15:23:34Z" user="VLD182" uid="13753595" lat="30.6162386" lon="-96.3459394"/>
 <node id="2664171743" visible="true" version="3" changeset="52423106" timestamp="2017-09-27T18:52:44Z" user="JMG3" uid="1928909" lat="30.6161694" lon="-96.3460313"/>
 <node id="2664171746" visible="true" version="3" changeset="52423106" timestamp="2017-09-27T18:52:44Z" user="JMG3" uid="1928909" lat="30.6162007" lon="-96.3460616"/>
 <node id="2664171749" visible="true" version="3" changeset="52423106" timestamp="2017-09-27T18:52:44Z" user="JMG3" uid="1928909" lat="30.6159060" lon="-96.3464722"/>
 <node id="2664171752" visible="true" version="3" changeset="52423106" timestamp="2017-09-27T18:52:44Z" user="JMG3" uid="1928909" lat="30.6164947" lon="-96.3470426"/>
 <node id="2664171754" visible="true" version="3" changeset="52423106" timestamp="2017-09-27T18:52:44Z" user="JMG3" uid="1928909" lat="30.6166180" lon="-96.3468708"/>
 <node id="2664171756" visible="true" version="3" changeset="52423106" timestamp="2017-09-27T18:52:44Z" user="JMG3" uid="1928909" lat="30.6165569" lon="-96.3468116"/>
 <node id="2664171758" visible="true" version="3" changeset="52423106" timestamp="2017-09-27T18:52:44Z" user="JMG3" uid="1928909" lat="30.6169135" lon="-96.3463141"/>
 <node id="2664171761" visible="true" version="3" changeset="52423106" timestamp="2017-09-27T18:52:44Z" user="JMG3" uid="1928909" lat="30.6169582" lon="-96.3463574"/>
 <node id="2664171763" visible="true" version="3" changeset="52423106" timestamp="2017-09-27T18:52:44Z" user="JMG3" uid="1928909" lat="30.6164131" lon="-96.3465735"/>
 <node id="2669595407" visible="true" version="2" changeset="94153968" timestamp="2020-11-15T16:11:37Z" user="Trevor_1" uid="3715012" lat="30.6167498" lon="-96.3488458"/>
 <node id="2669595410" visible="true" version="2" changeset="94153968" timestamp="2020-11-15T16:11:37Z" user="Trevor_1" uid="3715012" lat="30.6166833" lon="-96.3489259"/>
 <node id="2669595412" visible="true" version="2" changeset="94153968" timestamp="2020-11-15T16:11:37Z" user="Trevor_1" uid="3715012" lat="30.6167735" lon="-96.3490272"/>
 <node id="2669595414" visible="true" version="2" changeset="94153968" timestamp="2020-11-15T16:11:37Z" user="Trevor_1" uid="3715012" lat="30.6168401" lon="-96.3489471"/>
 <node id="3004001952" visible="true" version="5" changeset="90836146" timestamp="2020-09-14T02:36:43Z" user="user_11254435" uid="11254435" lat="30.6263639" lon="-96.3361942"/>
 <node id="3112201677" visible="true" version="3" changeset="90836146" timestamp="2020-09-14T02:36:43Z" user="user_11254435" uid="11254435" lat="30.6173572" lon="-96.3250648"/>
 <node id="3492826465" visible="true" version="2" changeset="62655940" timestamp="2018-09-17T08:06:48Z" user="user_2104173" uid="2104173" lat="30.6165367" lon="-96.3495939"/>
 <node id="3492826466" visible="true" version="2" changeset="62655940" timestamp="2018-09-17T08:06:48Z" user="user_2104173" uid="2104173" lat="30.6171069" lon="-96.3499422"/>
 <node id="3492826467" visible="true" version="2" changeset="62655940" timestamp="2018-09-17T08:06:48Z" user="user_2104173" uid="2104173" lat="30.6176613" lon="-96.3503362"/>
 <node id="3492826469" visible="true" version="1" changeset="30713920" timestamp="2015-05-02T08:07:13Z" user="25or6to4" uid="37392" lat="30.6197872" lon="-96.3526805"/>
 <node id="3492826471" visible="true" version="3" changeset="140700859" timestamp="2023-09-02T00:36:09Z" user="UrbanUnPlanner" uid="14692283" lat="30.6217187" lon="-96.3544448">
  <tag k="railway" v="switch"/>
  <tag k="railway:local_operated" v="yes"/>
  <tag k="railway:switch:electric" v="no"/>
  <tag k="railway:turnout_side" v="right"/>
 </node>
 <node id="3492826472" visible="true" version="1" changeset="30713920" timestamp="2015-05-02T08:07:13Z" user="25or6to4" uid="37392" lat="30.6235218" lon="-96.3560882"/>
 <node id="3492826473" visible="true" version="1" changeset="30713920" timestamp="2015-05-02T08:07:13Z" user="25or6to4" uid="37392" lat="30.6239137" lon="-96.3564440"/>
 <node id="3492826474" visible="true" version="1" changeset="30713920" timestamp="2015-05-02T08:07:13Z" user="25or6to4" uid="37392" lat="30.6247390" lon="-96.3572024"/>
 <node id="3492826476" visible="true" version="1" changeset="30713920" timestamp="2015-05-02T08:07:13Z" user="25or6to4" uid="37392" lat="30.6256744" lon="-96.3580512"/>
 <node id="3492826478" visible="true" version="1" changeset="30713920" timestamp="2015-05-02T08:07:13Z" user="25or6to4" uid="37392" lat="30.6268374" lon="-96.3591022"/>
 <node id="3492826479" visible="true" version="1" changeset="30713920" timestamp="2015-05-02T08:07:13Z" user="25or6to4" uid="37392" lat="30.6277891" lon="-96.3599835"/>
 <node id="3492826481" visible="true" version="1" changeset="30713920" timestamp="2015-05-02T08:07:13Z" user="25or6to4" uid="37392" lat="30.6289142" lon="-96.3610093"/>
 <node id="3492826482" visible="true" version="1" changeset="30713920" timestamp="2015-05-02T08:07:13Z" user="25or6to4" uid="37392" lat="30.6300447" lon="-96.3620458"/>
 <node id="3492826483" visible="true" version="1" changeset="30713920" timestamp="2015-05-02T08:07:13Z" user="25or6to4" uid="37392" lat="30.6329721" lon="-96.3647132"/>
 <node id="3708568230" visible="true" version="2" changeset="62655940" timestamp="2018-09-17T08:06:48Z" user="user_2104173" uid="2104173" lat="30.6134355" lon="-96.3462223"/>
 <node id="3708568231" visible="true" version="2" changeset="62655940" timestamp="2018-09-17T08:06:48Z" user="user_2104173" uid="2104173" lat="30.6140367" lon="-96.3453301"/>
 <node id="3708568232" visible="true" version="2" changeset="62655940" timestamp="2018-09-17T08:06:48Z" user="user_2104173" uid="2104173" lat="30.6140717" lon="-96.3452465"/>
 <node id="3708568233" visible="true" version="2" changeset="62656826" timestamp="2018-09-17T08:39:41Z" user="user_2104173" uid="2104173" lat="30.6140866" lon="-96.3450096"/>
 <node id="3845818910" visible="true" version="2" changeset="61911081" timestamp="2018-08-23T07:02:41Z" user="user_2104173" uid="2104173" lat="30.5987253" lon="-96.3609685"/>
 <node id="3845818911" visible="true" version="2" changeset="61911081" timestamp="2018-08-23T07:02:41Z" user="user_2104173" uid="2104173" lat="30.5991383" lon="-96.3612647"/>
 <node id="3845818913" visible="true" version="2" changeset="61911081" timestamp="2018-08-23T07:02:41Z" user="user_2104173" uid="2104173" lat="30.6005632" lon="-96.3619930"/>
 <node id="3845818914" visible="true" version="2" changeset="61911081" timestamp="2018-08-23T07:02:41Z" user="user_2104173" uid="2104173" lat="30.6018408" lon="-96.3623109"/>
 <node id="3894500004" visible="true" version="5" changeset="61911081" timestamp="2018-08-23T07:02:41Z" user="user_2104173" uid="2104173" lat="30.5921174" lon="-96.3535207"/>
 <node id="3894500006" visible="true" version="5" changeset="61911081" timestamp="2018-08-23T07:02:41Z" user="user_2104173" uid="2104173" lat="30.5886121" lon="-96.3482190"/>
 <node id="3894500007" visible="true" version="4" changeset="50725565" timestamp="2017-07-31T15:26:26Z" user="JMG3" uid="1928909" lat="30.5921340" lon="-96.3442253"/>
 <node id="3894500010" visible="true" version="4" changeset="90836146" timestamp="2020-09-14T02:36:43Z" user="user_11254435" uid="11254435" lat="30.6023604" lon="-96.3421035"/>
 <node id="3894500014" visible="true" version="3" changeset="90836146" timestamp="2020-09-14T02:36:43Z" user="user_11254435" uid="11254435" lat="30.6038593" lon="-96.3404512"/>
 <node id="3903956449" visible="true" version="1" changeset="36098748" timestamp="2015-12-22T05:52:43Z" user="25or6to4" uid="37392" lat="30.6157528" lon="-96.3478075"/>
 <node id="3903957082" visible="true" version="1" changeset="36098748" timestamp="2015-12-22T05:52:41Z" user="25or6to4" uid="37392" lat="30.6150205" lon="-96.3476639"/>
 <node id="3903957163" visible="true" version="1" changeset="36098748" timestamp="2015-12-22T05:52:43Z" user="25or6to4" uid="37392" lat="30.6158313" lon="-96.3478750"/>
 <node id="3903957176" visible="true" version="3" changeset="143636964" timestamp="2023-11-05T04:04:57Z" user="kitto33" uid="14976430" lat="30.6158521" lon="-96.3480174"/>
 <node id="3903957180" visible="true" version="1" changeset="36098748" timestamp="2015-12-22T05:52:43Z" user="25or6to4" uid="37392" lat="30.6158952" lon="-96.3479293"/>
 <node id="3903957182" visible="true" version="3" changeset="149377443" timestamp="2024-03-31T06:40:56Z" user="kitto33" uid="14976430" lat="30.6159086" lon="-96.3481125">
  <tag k="crossing" v="marked"/>
  <tag k="crossing:markings" v="zebra"/>
  <tag k="highway" v="crossing"/>
 </node>
 <node id="3903957183" visible="true" version="1" changeset="36098748" timestamp="2015-12-22T05:52:43Z" user="25or6to4" uid="37392" lat="30.6159157" lon="-96.3481561"/>
 <node id="3903957184" visible="true" version="1" changeset="36098748" timestamp="2015-12-22T05:52:43Z" user="25or6to4" uid="37392" lat="30.6159399" lon="-96.3479559"/>
 <node id="3903957190" visible="true" version="1" changeset="36098748" timestamp="2015-12-22T05:52:43Z" user="25or6to4" uid="37392" lat="30.6160026" lon="-96.3479679"/>
 <node id="3903957192" visible="true" version="1" changeset="36098748" timestamp="2015-12-22T05:52:43Z" user="25or6to4" uid="37392" lat="30.6160460" lon="-96.3479547"/>
 <node id="3903957199" visible="true" version="4" changeset="62655940" timestamp="2018-09-17T08:06:48Z" user="user_2104173" uid="2104173" lat="30.6161363" lon="-96.3482773"/>
 <node id="3903957203" visible="true" version="4" changeset="62655940" timestamp="2018-09-17T08:06:48Z" user="user_2104173" uid="2104173" lat="30.6161545" lon="-96.3482892"/>
 <node id="3903957207" visible="true" version="5" changeset="90836146" timestamp="2020-09-14T02:36:43Z" user="user_11254435" uid="11254435" lat="30.6163641" lon="-96.3474919"/>
 <node id="3903957211" visible="true" version="5" changeset="62655940" timestamp="2018-09-17T08:06:48Z" user="user_2104173" uid="2104173" lat="30.6162869" lon="-96.3482408"/>
 <node id="3903957213" visible="true" version="3" changeset="58301233" timestamp="2018-04-22T02:13:35Z" user="clay_c" uid="119881" lat="30.6162855" lon="-96.3479318"/>
 <node id="3903957225" visible="true" version="4" changeset="62655940" timestamp="2018-09-17T08:06:48Z" user="user_2104173" uid="2104173" lat="30.6164949" lon="-96.3484920"/>
 <node id="3903957232" visible="true" version="2" changeset="62655940" timestamp="2018-09-17T08:06:48Z" user="user_2104173" uid="2104173" lat="30.6165505" lon="-96.3486473"/>
 <node id="3903957245" visible="true" version="1" changeset="36098748" timestamp="2015-12-22T05:52:44Z" user="25or6to4" uid="37392" lat="30.6167102" lon="-96.3473475"/>
 <node id="3903957270" visible="true" version="2" changeset="95349936" timestamp="2020-12-05T22:04:04Z" user="user_11254435" uid="11254435" lat="30.6171336" lon="-96.3468765">
  <tag k="highway" v="traffic_signals"/>
 </node>
 <node id="3903957509" visible="true" version="3" changeset="90836146" timestamp="2020-09-14T02:36:43Z" user="user_11254435" uid="11254435" lat="30.6183934" lon="-96.3452208"/>
 <node id="3903978733" visible="true" version="3" changeset="140700859" timestamp="2023-09-02T00:36:09Z" user="UrbanUnPlanner" uid="14692283" lat="30.6127112" lon="-96.3455695">
  <tag k="inscription" v="16FT 9IN"/>
  <tag k="traffic_sign" v="US:W12-2a"/>
  <tag k="traffic_sign:direction" v="forward"/>
 </node>
 <node id="3903978740" visible="true" version="2" changeset="62656826" timestamp="2018-09-17T08:39:42Z" user="user_2104173" uid="2104173" lat="30.6128203" lon="-96.3454366"/>
 <node id="3903978743" visible="true" version="2" changeset="62656826" timestamp="2018-09-17T08:39:41Z" user="user_2104173" uid="2104173" lat="30.6129043" lon="-96.3453698"/>
 <node id="3903978746" visible="true" version="2" changeset="62656826" timestamp="2018-09-17T08:39:41Z" user="user_2104173" uid="2104173" lat="30.6129844" lon="-96.3453327"/>
 <node id="3903978748" visible="true" version="2" changeset="62656826" timestamp="2018-09-17T08:39:41Z" user="user_2104173" uid="2104173" lat="30.6132223" lon="-96.3452376"/>
 <node id="3903978751" visible="true" version="2" changeset="62656826" timestamp="2018-09-17T08:39:41Z" user="user_2104173" uid="2104173" lat="30.6133365" lon="-96.3451564"/>
 <node id="3903978753" visible="true" version="2" changeset="62656826" timestamp="2018-09-17T08:39:41Z" user="user_2104173" uid="2104173" lat="30.6134457" lon="-96.3450094"/>
 <node id="3903978756" visible="true" version="2" changeset="62656826" timestamp="2018-09-17T08:39:41Z" user="user_2104173" uid="2104173" lat="30.6134938" lon="-96.3448818"/>
 <node id="3903979757" visible="true" version="2" changeset="62656826" timestamp="2018-09-17T08:39:41Z" user="user_2104173" uid="2104173" lat="30.6135086" lon="-96.3444360"/>
 <node id="3903979758" visible="true" version="2" changeset="62656826" timestamp="2018-09-17T08:39:41Z" user="user_2104173" uid="2104173" lat="30.6135100" lon="-96.3444934"/>
 <node id="3903979759" visible="true" version="4" changeset="140700859" timestamp="2023-09-02T00:36:09Z" user="UrbanUnPlanner" uid="14692283" lat="30.6135081" lon="-96.3448092">
  <tag k="crossing" v="uncontrolled"/>
  <tag k="crossing:markings" v="surface"/>
  <tag k="highway" v="crossing"/>
  <tag k="tactile_paving" v="yes"/>
 </node>
 <node id="3903979760" visible="true" version="2" changeset="62656826" timestamp="2018-09-17T08:39:41Z" user="user_2104173" uid="2104173" lat="30.6135171" lon="-96.3443195"/>
 <node id="3903979762" visible="true" version="1" changeset="36098938" timestamp="2015-12-22T06:18:18Z" user="25or6to4" uid="37392" lat="30.6135719" lon="-96.3440734"/>
 <node id="3903979772" visible="true" version="2" changeset="61938315" timestamp="2018-08-24T03:31:17Z" user="user_2104173" uid="2104173" lat="30.6158994" lon="-96.3435000"/>
 <node id="3903979777" visible="true" version="2" changeset="62655940" timestamp="2018-09-17T08:06:48Z" user="user_2104173" uid="2104173" lat="30.6176846" lon="-96.3500972"/>
 <node id="3903995861" visible="true" version="1" changeset="36099121" timestamp="2015-12-22T06:42:23Z" user="25or6to4" uid="37392" lat="30.6196526" lon="-96.3506360"/>
 <node id="4073558427" visible="true" version="3" changeset="45037467" timestamp="2017-01-09T21:19:30Z" user="JMG3" uid="1928909" lat="30.6311096" lon="-96.3632088"/>
 <node id="4073558436" visible="true" version="3" changeset="61936325" timestamp="2018-08-24T00:43:04Z" user="user_2104173" uid="2104173" lat="30.6243294" lon="-96.3765075"/>
 <node id="4073558437" visible="true" version="3" changeset="61911081" timestamp="2018-08-23T07:02:41Z" user="user_2104173" uid="2104173" lat="30.6154730" lon="-96.3739680"/>
 <node id="4075581316" visible="true" version="3" changeset="50725565" timestamp="2017-07-31T15:26:26Z" user="JMG3" uid="1928909" lat="30.5907301" lon="-96.3457987"/>
 <node id="4075612075" visible="true" version="2" changeset="61911081" timestamp="2018-08-23T07:02:41Z" user="user_2104173" uid="2104173" lat="30.6128615" lon="-96.3731000"/>
 <node id="4075612077" visible="true" version="2" changeset="45037467" timestamp="2017-01-09T21:19:30Z" user="JMG3" uid="1928909" lat="30.6282783" lon="-96.3663032"/>
 <node id="4075612078" visible="true" version="1" changeset="38026819" timestamp="2016-03-23T19:15:49Z" user="JMG3" uid="1928909" lat="30.6323156" lon="-96.3712478"/>
 <node id="4075612079" visible="true" version="1" changeset="38026819" timestamp="2016-03-23T19:15:49Z" user="JMG3" uid="1928909" lat="30.6284568" lon="-96.3758041"/>
 <node id="4075612080" visible="true" version="1" changeset="38026819" timestamp="2016-03-23T19:15:49Z" user="JMG3" uid="1928909" lat="30.6263846" lon="-96.3760138"/>
 <node id="4075612081" visible="true" version="1" changeset="38026819" timestamp="2016-03-23T19:15:49Z" user="JMG3" uid="1928909" lat="30.6223341" lon="-96.3765554"/>
 <node id="4076773099" visible="true" version="1" changeset="38042595" timestamp="2016-03-24T14:29:51Z" user="JMG3" uid="1928909" lat="30.6177310" lon="-96.3526216"/>
 <node id="4076773100" visible="true" version="1" changeset="38042595" timestamp="2016-03-24T14:29:51Z" user="JMG3" uid="1928909" lat="30.6170270" lon="-96.3519752"/>
 <node id="4076773101" visible="true" version="1" changeset="38042595" timestamp="2016-03-24T14:29:51Z" user="JMG3" uid="1928909" lat="30.6166646" lon="-96.3525116"/>
 <node id="4076773102" visible="true" version="1" changeset="38042595" timestamp="2016-03-24T14:29:51Z" user="JMG3" uid="1928909" lat="30.6168493" lon="-96.3526833"/>
 <node id="4076773103" visible="true" version="1" changeset="38042595" timestamp="2016-03-24T14:29:51Z" user="JMG3" uid="1928909" lat="30.6167985" lon="-96.3527718"/>
 <node id="4076773104" visible="true" version="1" changeset="38042595" timestamp="2016-03-24T14:29:51Z" user="JMG3" uid="1928909" lat="30.6168608" lon="-96.3528281"/>
 <node id="4076773105" visible="true" version="1" changeset="38042595" timestamp="2016-03-24T14:29:51Z" user="JMG3" uid="1928909" lat="30.6167523" lon="-96.3530051"/>
 <node id="4076773106" visible="true" version="1" changeset="38042595" timestamp="2016-03-24T14:29:51Z" user="JMG3" uid="1928909" lat="30.6170547" lon="-96.3532760"/>
 <node id="4076773107" visible="true" version="1" changeset="38042595" timestamp="2016-03-24T14:29:51Z" user="JMG3" uid="1928909" lat="30.6172186" lon="-96.3530266"/>
 <node id="4076773108" visible="true" version="1" changeset="38042595" timestamp="2016-03-24T14:29:51Z" user="JMG3" uid="1928909" lat="30.6173663" lon="-96.3531553"/>
 <node id="4077341825" visible="true" version="3" changeset="61938315" timestamp="2018-08-24T03:31:17Z" user="user_2104173" uid="2104173" lat="30.6154102" lon="-96.3429116"/>
 <node id="4077341826" visible="true" version="2" changeset="114940256" timestamp="2021-12-14T21:24:38Z" user="Andrew Matheny" uid="3265371" lat="30.6142298" lon="-96.3446628"/>
 <node id="4077341827" visible="true" version="2" changeset="62656826" timestamp="2018-09-17T08:39:41Z" user="user_2104173" uid="2104173" lat="30.6142405" lon="-96.3450145"/>
 <node id="4077367464" visible="true" version="2" changeset="62655940" timestamp="2018-09-17T08:06:48Z" user="user_2104173" uid="2104173" lat="30.6140748" lon="-96.3452098"/>
 <node id="4077367481" visible="true" version="3" changeset="52423106" timestamp="2017-09-27T18:52:44Z" user="JMG3" uid="1928909" lat="30.6163281" lon="-96.3457343"/>
 <node id="4085508575" visible="true" version="2" changeset="38868269" timestamp="2016-04-25T21:21:05Z" user="JMG3" uid="1928909" lat="30.6160132" lon="-96.3455007"/>
 <node id="4085508576" visible="true" version="1" changeset="38151488" timestamp="2016-03-29T19:41:51Z" user="JMG3" uid="1928909" lat="30.6158227" lon="-96.3452278"/>
 <node id="4085508577" visible="true" version="2" changeset="38151528" timestamp="2016-03-29T19:44:03Z" user="JMG3" uid="1928909" lat="30.6151740" lon="-96.3445940"/>
 <node id="4085508889" visible="true" version="2" changeset="52423106" timestamp="2017-09-27T18:52:44Z" user="JMG3" uid="1928909" lat="30.6162257" lon="-96.3458629"/>
 <node id="4085508890" visible="true" version="1" changeset="38151478" timestamp="2016-03-29T19:41:29Z" user="JMG3" uid="1928909" lat="30.6159550" lon="-96.3456152"/>
 <node id="4085508891" visible="true" version="1" changeset="38151478" timestamp="2016-03-29T19:41:29Z" user="JMG3" uid="1928909" lat="30.6158244" lon="-96.3456459"/>
 <node id="4085508892" visible="true" version="1" changeset="38151478" timestamp="2016-03-29T19:41:29Z" user="JMG3" uid="1928909" lat="30.6156710" lon="-96.3458693"/>
 <node id="4085508893" visible="true" version="1" changeset="38151478" timestamp="2016-03-29T19:41:29Z" user="JMG3" uid="1928909" lat="30.6155316" lon="-96.3460497"/>
 <node id="4085508894" visible="true" version="1" changeset="38151478" timestamp="2016-03-29T19:41:29Z" user="JMG3" uid="1928909" lat="30.6154028" lon="-96.3461112"/>
 <node id="4085508895" visible="true" version="1" changeset="38151478" timestamp="2016-03-29T19:41:30Z" user="JMG3" uid="1928909" lat="30.6151894" lon="-96.3459062"/>
 <node id="4085508896" visible="true" version="2" changeset="114940256" timestamp="2021-12-14T21:24:38Z" user="Andrew Matheny" uid="3265371" lat="30.6147401" lon="-96.3454680"/>
 <node id="4085508897" visible="true" version="2" changeset="114940256" timestamp="2021-12-14T21:24:38Z" user="Andrew Matheny" uid="3265371" lat="30.6148197" lon="-96.3451781"/>
 <node id="4085508898" visible="true" version="2" changeset="38151528" timestamp="2016-03-29T19:44:03Z" user="JMG3" uid="1928909" lat="30.6148330" lon="-96.3448880"/>
 <node id="4085607982" visible="true" version="2" changeset="52423106" timestamp="2017-09-27T18:52:44Z" user="JMG3" uid="1928909" lat="30.6158628" lon="-96.3465167"/>
 <node id="4085607983" visible="true" version="2" changeset="39071243" timestamp="2016-05-03T17:00:35Z" user="JMG3" uid="1928909" lat="30.6158963" lon="-96.3467808"/>
 <node id="4085613889" visible="true" version="1" changeset="38152910" timestamp="2016-03-29T20:53:13Z" user="JMG3" uid="1928909" lat="30.6159501" lon="-96.3463051"/>
 <node id="4085613890" visible="true" version="1" changeset="38152910" timestamp="2016-03-29T20:53:13Z" user="JMG3" uid="1928909" lat="30.6162710" lon="-96.3456155"/>
 <node id="4085613892" visible="true" version="2" changeset="144688376" timestamp="2023-12-02T11:25:48Z" user="kitto33" uid="14976430" lat="30.6168369" lon="-96.3447599"/>
 <node id="4085613893" visible="true" version="1" changeset="38152910" timestamp="2016-03-29T20:53:13Z" user="JMG3" uid="1928909" lat="30.6171243" lon="-96.3448341"/>
 <node id="4085613894" visible="true" version="3" changeset="144688376" timestamp="2023-12-02T11:25:48Z" user="kitto33" uid="14976430" lat="30.6172897" lon="-96.3449788"/>
 <node id="4085614082" visible="true" version="2" changeset="144688376" timestamp="2023-12-02T11:25:48Z" user="kitto33" uid="14976430" lat="30.6168511" lon="-96.3444068"/>
 <node id="4085614083" visible="true" version="1" changeset="38152916" timestamp="2016-03-29T20:53:40Z" user="JMG3" uid="1928909" lat="30.6167983" lon="-96.3449022"/>
 <node id="4085614084" visible="true" version="1" changeset="38152916" timestamp="2016-03-29T20:53:40Z" user="JMG3" uid="1928909" lat="30.6165283" lon="-96.3453106"/>
 <node id="4085614085" visible="true" version="3" changeset="52423106" timestamp="2017-09-27T18:52:44Z" user="JMG3" uid="1928909" lat="30.6163272" lon="-96.3454675"/>
 <node id="4085614086" visible="true" version="1" changeset="38152916" timestamp="2016-03-29T20:53:40Z" user="JMG3" uid="1928909" lat="30.6161055" lon="-96.3455208"/>
 <node id="4085622767" visible="true" version="1" changeset="38153068" timestamp="2016-03-29T21:00:41Z" user="JMG3" uid="1928909" lat="30.6146233" lon="-96.3440766"/>
 <node id="4085622769" visible="true" version="1" changeset="38153068" timestamp="2016-03-29T21:00:41Z" user="JMG3" uid="1928909" lat="30.6147846" lon="-96.3438374"/>
 <node id="4085647820" visible="true" version="2" changeset="102495907" timestamp="2021-04-07T16:20:19Z" user="xenopus" uid="13004708" lat="30.6152402" lon="-96.3501831"/>
 <node id="4085647821" visible="true" version="2" changeset="102495907" timestamp="2021-04-07T16:20:19Z" user="xenopus" uid="13004708" lat="30.6148294" lon="-96.3507703"/>
 <node id="4085647822" visible="true" version="2" changeset="102495907" timestamp="2021-04-07T16:20:19Z" user="xenopus" uid="13004708" lat="30.6146914" lon="-96.3506400"/>
 <node id="4085647823" visible="true" version="2" changeset="102495907" timestamp="2021-04-07T16:20:19Z" user="xenopus" uid="13004708" lat="30.6151022" lon="-96.3500528"/>
 <node id="4085647824" visible="true" version="2" changeset="102495907" timestamp="2021-04-07T16:20:19Z" user="xenopus" uid="13004708" lat="30.6145292" lon="-96.3514017"/>
 <node id="4085647825" visible="true" version="2" changeset="102495907" timestamp="2021-04-07T16:20:19Z" user="xenopus" uid="13004708" lat="30.6143893" lon="-96.3512653"/>
 <node id="4085647826" visible="true" version="2" changeset="102495907" timestamp="2021-04-07T16:20:19Z" user="xenopus" uid="13004708" lat="30.6145025" lon="-96.3511086"/>
 <node id="4085647827" visible="true" version="2" changeset="102495907" timestamp="2021-04-07T16:20:19Z" user="xenopus" uid="13004708" lat="30.6142120" lon="-96.3508251"/>
 <node id="4085647828" visible="true" version="2" changeset="102495907" timestamp="2021-04-07T16:20:19Z" user="xenopus" uid="13004708" lat="30.6142775" lon="-96.3507345"/>
 <node id="4085647829" visible="true" version="2" changeset="102495907" timestamp="2021-04-07T16:20:19Z" user="xenopus" uid="13004708" lat="30.6143294" lon="-96.3507852"/>
 <node id="4085647830" visible="true" version="2" changeset="102495907" timestamp="2021-04-07T16:20:19Z" user="xenopus" uid="13004708" lat="30.6144933" lon="-96.3505584"/>
 <node id="4085647831" visible="true" version="2" changeset="102495907" timestamp="2021-04-07T16:20:19Z" user="xenopus" uid="13004708" lat="30.6145892" lon="-96.3506520"/>
 <node id="4085647832" visible="true" version="2" changeset="102495907" timestamp="2021-04-07T16:20:19Z" user="xenopus" uid="13004708" lat="30.6144248" lon="-96.3508796"/>
 <node id="4085647833" visible="true" version="2" changeset="102495907" timestamp="2021-04-07T16:20:19Z" user="xenopus" uid="13004708" lat="30.6144558" lon="-96.3509098"/>
 <node id="4085647834" visible="true" version="2" changeset="102495907" timestamp="2021-04-07T16:20:19Z" user="xenopus" uid="13004708" lat="30.6146147" lon="-96.3506899"/>
 <node id="4085647835" visible="true" version="2" changeset="102495907" timestamp="2021-04-07T16:20:19Z" user="xenopus" uid="13004708" lat="30.6147043" lon="-96.3507773"/>
 <node id="4085647836" visible="true" version="2" changeset="102495907" timestamp="2021-04-07T16:20:19Z" user="xenopus" uid="13004708" lat="30.6145700" lon="-96.3509631"/>
 <node id="4085647837" visible="true" version="2" changeset="102495907" timestamp="2021-04-07T16:20:19Z" user="xenopus" uid="13004708" lat="30.6145816" lon="-96.3509743"/>
 <node id="4085647838" visible="true" version="2" changeset="102495907" timestamp="2021-04-07T16:20:19Z" user="xenopus" uid="13004708" lat="30.6146135" lon="-96.3509301"/>
 <node id="4085647839" visible="true" version="2" changeset="102495907" timestamp="2021-04-07T16:20:19Z" user="xenopus" uid="13004708" lat="30.6147639" lon="-96.3510769"/>
 <node id="4085651028" visible="true" version="1" changeset="38153624" timestamp="2016-03-29T21:31:17Z" user="JMG3" uid="1928909" lat="30.6155331" lon="-96.3504926"/>
 <node id="4085651029" visible="true" version="1" changeset="38153624" timestamp="2016-03-29T21:31:17Z" user="JMG3" uid="1928909" lat="30.6150590" lon="-96.3511790"/>
 <node id="4085651030" visible="true" version="1" changeset="38153624" timestamp="2016-03-29T21:31:17Z" user="JMG3" uid="1928909" lat="30.6148387" lon="-96.3509208"/>
 <node id="4085651031" visible="true" version="1" changeset="38153624" timestamp="2016-03-29T21:31:17Z" user="JMG3" uid="1928909" lat="30.6152664" lon="-96.3502129"/>
 <node id="4085651032" visible="true" version="1" changeset="38153624" timestamp="2016-03-29T21:31:17Z" user="JMG3" uid="1928909" lat="30.6156071" lon="-96.3504345"/>
 <node id="4085651033" visible="true" version="1" changeset="38153624" timestamp="2016-03-29T21:31:17Z" user="JMG3" uid="1928909" lat="30.6152405" lon="-96.3500429"/>
 <node id="4085651034" visible="true" version="1" changeset="38153624" timestamp="2016-03-29T21:31:17Z" user="JMG3" uid="1928909" lat="30.6157219" lon="-96.3492920"/>
 <node id="4085651035" visible="true" version="1" changeset="38153624" timestamp="2016-03-29T21:31:17Z" user="JMG3" uid="1928909" lat="30.6160701" lon="-96.3496836"/>
 <node id="4085651036" visible="true" version="3" changeset="124852410" timestamp="2022-08-13T12:58:38Z" user="Trevor_1" uid="3715012" lat="30.6146211" lon="-96.3516108"/>
 <node id="4085651037" visible="true" version="1" changeset="38153624" timestamp="2016-03-29T21:31:17Z" user="JMG3" uid="1928909" lat="30.6150905" lon="-96.3509509"/>
 <node id="4085651038" visible="true" version="1" changeset="38153624" timestamp="2016-03-29T21:31:17Z" user="JMG3" uid="1928909" lat="30.6154775" lon="-96.3504151"/>
 <node id="4085651039" visible="true" version="1" changeset="38153624" timestamp="2016-03-29T21:31:17Z" user="JMG3" uid="1928909" lat="30.6159127" lon="-96.3497288"/>
 <node id="4085651040" visible="true" version="1" changeset="38153624" timestamp="2016-03-29T21:31:17Z" user="JMG3" uid="1928909" lat="30.6157590" lon="-96.3495201"/>
 <node id="4085651041" visible="true" version="1" changeset="38153624" timestamp="2016-03-29T21:31:17Z" user="JMG3" uid="1928909" lat="30.6153183" lon="-96.3503463"/>
 <node id="4085651042" visible="true" version="1" changeset="38153624" timestamp="2016-03-29T21:31:17Z" user="JMG3" uid="1928909" lat="30.6151090" lon="-96.3506518"/>
 <node id="4085651043" visible="true" version="1" changeset="38153624" timestamp="2016-03-29T21:31:17Z" user="JMG3" uid="1928909" lat="30.6152182" lon="-96.3507741"/>
 <node id="4085651044" visible="true" version="2" changeset="102495907" timestamp="2021-04-07T16:20:19Z" user="xenopus" uid="13004708" lat="30.6159598" lon="-96.3525157"/>
 <node id="4085651045" visible="true" version="2" changeset="102495907" timestamp="2021-04-07T16:20:19Z" user="xenopus" uid="13004708" lat="30.6157765" lon="-96.3523436"/>
 <node id="4085651046" visible="true" version="2" changeset="102495907" timestamp="2021-04-07T16:20:19Z" user="xenopus" uid="13004708" lat="30.6159868" lon="-96.3520412"/>
 <node id="4085651047" visible="true" version="2" changeset="102495907" timestamp="2021-04-07T16:20:19Z" user="xenopus" uid="13004708" lat="30.6161701" lon="-96.3522133"/>
 <node id="4085651627" visible="true" version="2" changeset="143636964" timestamp="2023-11-05T04:04:57Z" user="kitto33" uid="14976430" lat="30.6133570" lon="-96.3492718"/>
 <node id="4085651628" visible="true" version="1" changeset="38153703" timestamp="2016-03-29T21:36:33Z" user="JMG3" uid="1928909" lat="30.6143019" lon="-96.3502009"/>
 <node id="4085651629" visible="true" version="2" changeset="143636964" timestamp="2023-11-05T04:04:57Z" user="kitto33" uid="14976430" lat="30.6142687" lon="-96.3501118"/>
 <node id="4085651630" visible="true" version="2" changeset="143636964" timestamp="2023-11-05T04:04:57Z" user="kitto33" uid="14976430" lat="30.6144246" lon="-96.3491831"/>
 <node id="4085651631" visible="true" version="2" changeset="143636964" timestamp="2023-11-05T04:04:57Z" user="kitto33" uid="14976430" lat="30.6143223" lon="-96.3490659"/>
 <node id="4085651632" visible="true" version="2" changeset="143636964" timestamp="2023-11-05T04:04:57Z" user="kitto33" uid="14976430" lat="30.6145659" lon="-96.3489626"/>
 <node id="4085651633" visible="true" version="2" changeset="143636964" timestamp="2023-11-05T04:04:57Z" user="kitto33" uid="14976430" lat="30.6146950" lon="-96.3489374"/>
 <node id="4085651635" visible="true" version="1" changeset="38153703" timestamp="2016-03-29T21:36:33Z" user="JMG3" uid="1928909" lat="30.6162709" lon="-96.3473700"/>
 <node id="4085651636" visible="true" version="1" changeset="38153703" timestamp="2016-03-29T21:36:33Z" user="JMG3" uid="1928909" lat="30.6153711" lon="-96.3475941"/>
 <node id="4085651637" visible="true" version="1" changeset="38153703" timestamp="2016-03-29T21:36:33Z" user="JMG3" uid="1928909" lat="30.6151926" lon="-96.3475643"/>
 <node id="4085651638" visible="true" version="1" changeset="38153703" timestamp="2016-03-29T21:36:33Z" user="JMG3" uid="1928909" lat="30.6148650" lon="-96.3475049"/>
 <node id="4085651639" visible="true" version="1" changeset="38153703" timestamp="2016-03-29T21:36:33Z" user="JMG3" uid="1928909" lat="30.6145476" lon="-96.3473185"/>
 <node id="4085651640" visible="true" version="1" changeset="38153703" timestamp="2016-03-29T21:36:33Z" user="JMG3" uid="1928909" lat="30.6140869" lon="-96.3468427"/>
 <node id="4085651641" visible="true" version="1" changeset="38153703" timestamp="2016-03-29T21:36:33Z" user="JMG3" uid="1928909" lat="30.6141585" lon="-96.3467435"/>
 <node id="4085651642" visible="true" version="1" changeset="38153703" timestamp="2016-03-29T21:36:33Z" user="JMG3" uid="1928909" lat="30.6144452" lon="-96.3470013"/>
 <node id="4085651643" visible="true" version="1" changeset="38153703" timestamp="2016-03-29T21:36:33Z" user="JMG3" uid="1928909" lat="30.6149810" lon="-96.3461646"/>
 <node id="4085651644" visible="true" version="1" changeset="38153703" timestamp="2016-03-29T21:36:33Z" user="JMG3" uid="1928909" lat="30.6155952" lon="-96.3467554"/>
 <node id="4085651645" visible="true" version="1" changeset="38153703" timestamp="2016-03-29T21:36:33Z" user="JMG3" uid="1928909" lat="30.6160184" lon="-96.3467911"/>
 <node id="4085651646" visible="true" version="1" changeset="38153703" timestamp="2016-03-29T21:36:33Z" user="JMG3" uid="1928909" lat="30.6163767" lon="-96.3471559"/>
 <node id="4085651647" visible="true" version="1" changeset="38153703" timestamp="2016-03-29T21:36:33Z" user="JMG3" uid="1928909" lat="30.6160913" lon="-96.3475718"/>
 <node id="4085651649" visible="true" version="2" changeset="52423106" timestamp="2017-09-27T18:52:44Z" user="JMG3" uid="1928909" lat="30.6171340" lon="-96.3461513"/>
 <node id="4085651650" visible="true" version="2" changeset="52423106" timestamp="2017-09-27T18:52:44Z" user="JMG3" uid="1928909" lat="30.6164356" lon="-96.3471351"/>
 <node id="4085651652" visible="true" version="2" changeset="105966014" timestamp="2021-06-07T10:56:31Z" user="kondokum" uid="11676401" lat="30.6163575" lon="-96.3471219"/>
 <node id="4085651653" visible="true" version="1" changeset="38153703" timestamp="2016-03-29T21:36:33Z" user="JMG3" uid="1928909" lat="30.6153473" lon="-96.3470748"/>
 <node id="4085651654" visible="true" version="2" changeset="105966014" timestamp="2021-06-07T10:56:31Z" user="kondokum" uid="11676401" lat="30.6150120" lon="-96.3475407"/>
 <node id="4085651655" visible="true" version="2" changeset="105966014" timestamp="2021-06-07T10:56:31Z" user="kondokum" uid="11676401" lat="30.6144823" lon="-96.3471021"/>
 <node id="4085651656" visible="true" version="1" changeset="38153703" timestamp="2016-03-29T21:36:33Z" user="JMG3" uid="1928909" lat="30.6150288" lon="-96.3463177"/>
 <node id="4085651657" visible="true" version="1" changeset="38153703" timestamp="2016-03-29T21:36:33Z" user="JMG3" uid="1928909" lat="30.6155331" lon="-96.3468000"/>
 <node id="4085651658" visible="true" version="1" changeset="38153703" timestamp="2016-03-29T21:36:33Z" user="JMG3" uid="1928909" lat="30.6160814" lon="-96.3468553"/>
 <node id="4085651659" visible="true" version="1" changeset="38153703" timestamp="2016-03-29T21:36:33Z" user="JMG3" uid="1928909" lat="30.6171595" lon="-96.3460794"/>
 <node id="4085651660" visible="true" version="1" changeset="38153703" timestamp="2016-03-29T21:36:33Z" user="JMG3" uid="1928909" lat="30.6170654" lon="-96.3459504"/>
 <node id="4085651661" visible="true" version="1" changeset="38153703" timestamp="2016-03-29T21:36:33Z" user="JMG3" uid="1928909" lat="30.6174177" lon="-96.3454401"/>
 <node id="4085651662" visible="true" version="1" changeset="38153703" timestamp="2016-03-29T21:36:33Z" user="JMG3" uid="1928909" lat="30.6176372" lon="-96.3456224"/>
 <node id="4085651663" visible="true" version="1" changeset="38153703" timestamp="2016-03-29T21:36:33Z" user="JMG3" uid="1928909" lat="30.6176469" lon="-96.3457205"/>
 <node id="4085651664" visible="true" version="1" changeset="38153703" timestamp="2016-03-29T21:36:33Z" user="JMG3" uid="1928909" lat="30.6172874" lon="-96.3462308"/>
 <node id="4085670700" visible="true" version="2" changeset="52423106" timestamp="2017-09-27T18:52:44Z" user="JMG3" uid="1928909" lat="30.6164456" lon="-96.3454892"/>
 <node id="4098318512" visible="true" version="2" changeset="95349936" timestamp="2020-12-05T22:04:04Z" user="user_11254435" uid="11254435" lat="30.6177699" lon="-96.3475106"/>
 <node id="4100005049" visible="true" version="1" changeset="38319936" timestamp="2016-04-05T14:52:37Z" user="JMG3" uid="1928909" lat="30.6153238" lon="-96.3522737"/>
 <node id="4100005050" visible="true" version="1" changeset="38319936" timestamp="2016-04-05T14:52:37Z" user="JMG3" uid="1928909" lat="30.6158593" lon="-96.3514784"/>
 <node id="4100005051" visible="true" version="1" changeset="38319936" timestamp="2016-04-05T14:52:37Z" user="JMG3" uid="1928909" lat="30.6159768" lon="-96.3516056"/>
 <node id="4100005052" visible="true" version="1" changeset="38319936" timestamp="2016-04-05T14:52:37Z" user="JMG3" uid="1928909" lat="30.6155095" lon="-96.3522571"/>
 <node id="4100005053" visible="true" version="1" changeset="38319936" timestamp="2016-04-05T14:52:37Z" user="JMG3" uid="1928909" lat="30.6153935" lon="-96.3521702"/>
 <node id="4100005639" visible="true" version="1" changeset="38319908" timestamp="2016-04-05T14:51:58Z" user="JMG3" uid="1928909" lat="30.6167662" lon="-96.3518868"/>
 <node id="4100005640" visible="true" version="1" changeset="38319908" timestamp="2016-04-05T14:51:58Z" user="JMG3" uid="1928909" lat="30.6172908" lon="-96.3511257"/>
 <node id="4100005641" visible="true" version="1" changeset="38319908" timestamp="2016-04-05T14:51:58Z" user="JMG3" uid="1928909" lat="30.6170299" lon="-96.3508806"/>
 <node id="4100005642" visible="true" version="1" changeset="38319908" timestamp="2016-04-05T14:51:58Z" user="JMG3" uid="1928909" lat="30.6164443" lon="-96.3516901"/>
 <node id="4100005643" visible="true" version="1" changeset="38319908" timestamp="2016-04-05T14:51:58Z" user="JMG3" uid="1928909" lat="30.6167154" lon="-96.3519564"/>
 <node id="4100005644" visible="true" version="1" changeset="38319908" timestamp="2016-04-05T14:51:58Z" user="JMG3" uid="1928909" lat="30.6171159" lon="-96.3539005"/>
 <node id="4100005647" visible="true" version="1" changeset="38319908" timestamp="2016-04-05T14:51:58Z" user="JMG3" uid="1928909" lat="30.6176886" lon="-96.3544243"/>
 <node id="4100005653" visible="true" version="2" changeset="149039503" timestamp="2024-03-23T06:59:27Z" user="kitto33" uid="14976430" lat="30.6183506" lon="-96.3550374"/>
 <node id="4100005658" visible="true" version="2" changeset="149039503" timestamp="2024-03-23T06:59:27Z" user="kitto33" uid="14976430" lat="30.6189173" lon="-96.3555532"/>
 <node id="4100005661" visible="true" version="2" changeset="149039503" timestamp="2024-03-23T06:59:27Z" user="kitto33" uid="14976430" lat="30.6189955" lon="-96.3556269"/>
 <node id="4100005664" visible="true" version="2" changeset="149039503" timestamp="2024-03-23T06:59:27Z" user="kitto33" uid="14976430" lat="30.6193917" lon="-96.3559865"/>
 <node id="4100005667" visible="true" version="2" changeset="149039503" timestamp="2024-03-23T06:59:27Z" user="kitto33" uid="14976430" lat="30.6200079" lon="-96.3565476"/>
 <node id="4100005672" visible="true" version="2" changeset="149039503" timestamp="2024-03-23T06:59:27Z" user="kitto33" uid="14976430" lat="30.6208811" lon="-96.3573504"/>
 <node id="4103549462" visible="true" version="3" changeset="90836146" timestamp="2020-09-14T02:36:43Z" user="user_11254435" uid="11254435" lat="30.6220779" lon="-96.3409555"/>
 <node id="4103621186" visible="true" version="2" changeset="102495907" timestamp="2021-04-07T16:20:19Z" user="xenopus" uid="13004708" lat="30.6138259" lon="-96.3519877"/>
 <node id="4103621187" visible="true" version="2" changeset="102495907" timestamp="2021-04-07T16:20:19Z" user="xenopus" uid="13004708" lat="30.6135349" lon="-96.3516467"/>
 <node id="4103621188" visible="true" version="2" changeset="102495907" timestamp="2021-04-07T16:20:19Z" user="xenopus" uid="13004708" lat="30.6130528" lon="-96.3522023"/>
 <node id="4103621289" visible="true" version="2" changeset="102495907" timestamp="2021-04-07T16:20:19Z" user="xenopus" uid="13004708" lat="30.6131725" lon="-96.3523427"/>
 <node id="4103621290" visible="true" version="3" changeset="102495907" timestamp="2021-04-07T16:20:19Z" user="xenopus" uid="13004708" lat="30.6131431" lon="-96.3523767"/>
 <node id="4103621291" visible="true" version="3" changeset="102495907" timestamp="2021-04-07T16:20:19Z" user="xenopus" uid="13004708" lat="30.6131847" lon="-96.3524247"/>
 <node id="4103621292" visible="true" version="2" changeset="102495907" timestamp="2021-04-07T16:20:19Z" user="xenopus" uid="13004708" lat="30.6132241" lon="-96.3523793"/>
 <node id="4103621293" visible="true" version="2" changeset="102495907" timestamp="2021-04-07T16:20:19Z" user="xenopus" uid="13004708" lat="30.6134756" lon="-96.3526739"/>
 <node id="4103621294" visible="true" version="2" changeset="102495907" timestamp="2021-04-07T16:20:19Z" user="xenopus" uid="13004708" lat="30.6136168" lon="-96.3525112"/>
 <node id="4103621295" visible="true" version="2" changeset="102495907" timestamp="2021-04-07T16:20:19Z" user="xenopus" uid="13004708" lat="30.6133489" lon="-96.3521973"/>
 <node id="4103621296" visible="true" version="2" changeset="102495907" timestamp="2021-04-07T16:20:19Z" user="xenopus" uid="13004708" lat="30.6135625" lon="-96.3519511"/>
 <node id="4103621297" visible="true" version="2" changeset="102495907" timestamp="2021-04-07T16:20:19Z" user="xenopus" uid="13004708" lat="30.6137089" lon="-96.3521226"/>
 <node id="4103621361" visible="true" version="1" changeset="38363986" timestamp="2016-04-06T21:29:10Z" user="JMG3" uid="1928909" lat="30.6151618" lon="-96.3522467"/>
 <node id="4103621362" visible="true" version="1" changeset="38363986" timestamp="2016-04-06T21:29:10Z" user="JMG3" uid="1928909" lat="30.6146298" lon="-96.3530543"/>
 <node id="4103621363" visible="true" version="1" changeset="38363986" timestamp="2016-04-06T21:29:10Z" user="JMG3" uid="1928909" lat="30.6141992" lon="-96.3524968"/>
 <node id="4103621364" visible="true" version="1" changeset="38363986" timestamp="2016-04-06T21:29:10Z" user="JMG3" uid="1928909" lat="30.6135441" lon="-96.3532366"/>
 <node id="4103621365" visible="true" version="1" changeset="38363986" timestamp="2016-04-06T21:29:10Z" user="JMG3" uid="1928909" lat="30.6132457" lon="-96.3529114"/>
 <node id="4103621366" visible="true" version="1" changeset="38363986" timestamp="2016-04-06T21:29:10Z" user="JMG3" uid="1928909" lat="30.6134118" lon="-96.3527827"/>
 <node id="4103621367" visible="true" version="1" changeset="38363986" timestamp="2016-04-06T21:29:10Z" user="JMG3" uid="1928909" lat="30.6135841" lon="-96.3530114"/>
 <node id="4103621368" visible="true" version="1" changeset="38363986" timestamp="2016-04-06T21:29:10Z" user="JMG3" uid="1928909" lat="30.6138455" lon="-96.3527220"/>
 <node id="4103621369" visible="true" version="1" changeset="38363986" timestamp="2016-04-06T21:29:10Z" user="JMG3" uid="1928909" lat="30.6135287" lon="-96.3523324"/>
 <node id="4103621370" visible="true" version="1" changeset="38363986" timestamp="2016-04-06T21:29:10Z" user="JMG3" uid="1928909" lat="30.6140085" lon="-96.3517642"/>
 <node id="4103621371" visible="true" version="1" changeset="38363986" timestamp="2016-04-06T21:29:10Z" user="JMG3" uid="1928909" lat="30.6136179" lon="-96.3514211"/>
 <node id="4103621372" visible="true" version="1" changeset="38363986" timestamp="2016-04-06T21:29:10Z" user="JMG3" uid="1928909" lat="30.6138055" lon="-96.3511138"/>
 <node id="4131715341" visible="true" version="1" changeset="38680821" timestamp="2016-04-18T23:37:48Z" user="JMG3" uid="1928909" lat="30.6125249" lon="-96.3522656"/>
 <node id="4131715342" visible="true" version="1" changeset="38680821" timestamp="2016-04-18T23:37:48Z" user="JMG3" uid="1928909" lat="30.6126576" lon="-96.3524312"/>
 <node id="4131715343" visible="true" version="1" changeset="38680821" timestamp="2016-04-18T23:37:48Z" user="JMG3" uid="1928909" lat="30.6133927" lon="-96.3515920"/>
 <node id="4131715345" visible="true" version="1" changeset="38680821" timestamp="2016-04-18T23:37:48Z" user="JMG3" uid="1928909" lat="30.6119354" lon="-96.3534276"/>
 <node id="4131715346" visible="true" version="1" changeset="38680821" timestamp="2016-04-18T23:37:48Z" user="JMG3" uid="1928909" lat="30.6118000" lon="-96.3532628"/>
 <node id="4131715347" visible="true" version="1" changeset="38680821" timestamp="2016-04-18T23:37:48Z" user="JMG3" uid="1928909" lat="30.6133798" lon="-96.3514459"/>
 <node id="4131715348" visible="true" version="1" changeset="38680821" timestamp="2016-04-18T23:37:48Z" user="JMG3" uid="1928909" lat="30.6135055" lon="-96.3515958"/>
 <node id="4131715349" visible="true" version="1" changeset="38680821" timestamp="2016-04-18T23:37:48Z" user="JMG3" uid="1928909" lat="30.6126979" lon="-96.3524930"/>
 <node id="4131715602" visible="true" version="1" changeset="38680821" timestamp="2016-04-18T23:37:52Z" user="JMG3" uid="1928909" lat="30.6153460" lon="-96.3443343"/>
 <node id="4131715603" visible="true" version="1" changeset="38680821" timestamp="2016-04-18T23:37:52Z" user="JMG3" uid="1928909" lat="30.6148963" lon="-96.3439293"/>
 <node id="4131715604" visible="true" version="1" changeset="38680821" timestamp="2016-04-18T23:37:52Z" user="JMG3" uid="1928909" lat="30.6144307" lon="-96.3446605"/>
 <node id="4131715605" visible="true" version="1" changeset="38680821" timestamp="2016-04-18T23:37:52Z" user="JMG3" uid="1928909" lat="30.6147413" lon="-96.3449250"/>
 <node id="4131715606" visible="true" version="1" changeset="38680821" timestamp="2016-04-18T23:37:52Z" user="JMG3" uid="1928909" lat="30.6152157" lon="-96.3442170"/>
 <node id="4131715607" visible="true" version="2" changeset="62655940" timestamp="2018-09-17T08:06:49Z" user="user_2104173" uid="2104173" lat="30.6139684" lon="-96.3451957"/>
 <node id="4131715608" visible="true" version="2" changeset="62655940" timestamp="2018-09-17T08:06:49Z" user="user_2104173" uid="2104173" lat="30.6139397" lon="-96.3453503"/>
 <node id="4131715609" visible="true" version="2" changeset="62655940" timestamp="2018-09-17T08:06:49Z" user="user_2104173" uid="2104173" lat="30.6133194" lon="-96.3461513"/>
 <node id="4131715610" visible="true" version="2" changeset="62655940" timestamp="2018-09-17T08:06:49Z" user="user_2104173" uid="2104173" lat="30.6130044" lon="-96.3458692"/>
 <node id="4131715611" visible="true" version="2" changeset="62655940" timestamp="2018-09-17T08:06:49Z" user="user_2104173" uid="2104173" lat="30.6130885" lon="-96.3456471"/>
 <node id="4131715612" visible="true" version="3" changeset="62655940" timestamp="2018-09-17T08:06:49Z" user="user_2104173" uid="2104173" lat="30.6133881" lon="-96.3455414"/>
 <node id="4131715613" visible="true" version="2" changeset="43341250" timestamp="2016-11-02T01:26:54Z" user="FTA" uid="652301" lat="30.6134244" lon="-96.3455755"/>
 <node id="4131715614" visible="true" version="3" changeset="62655940" timestamp="2018-09-17T08:06:49Z" user="user_2104173" uid="2104173" lat="30.6137117" lon="-96.3451565"/>
 <node id="4131715615" visible="true" version="1" changeset="38680821" timestamp="2016-04-18T23:37:52Z" user="JMG3" uid="1928909" lat="30.6143913" lon="-96.3462050"/>
 <node id="4131715616" visible="true" version="1" changeset="38680821" timestamp="2016-04-18T23:37:52Z" user="JMG3" uid="1928909" lat="30.6139396" lon="-96.3457833"/>
 <node id="4131715617" visible="true" version="1" changeset="38680821" timestamp="2016-04-18T23:37:52Z" user="JMG3" uid="1928909" lat="30.6135815" lon="-96.3462301"/>
 <node id="4131715618" visible="true" version="1" changeset="38680821" timestamp="2016-04-18T23:37:52Z" user="JMG3" uid="1928909" lat="30.6135791" lon="-96.3463976"/>
 <node id="4131715619" visible="true" version="1" changeset="38680821" timestamp="2016-04-18T23:37:52Z" user="JMG3" uid="1928909" lat="30.6139804" lon="-96.3467885"/>
 <node id="4131715620" visible="true" version="2" changeset="62655940" timestamp="2018-09-17T08:06:48Z" user="user_2104173" uid="2104173" lat="30.6137561" lon="-96.3457357"/>
 <node id="4131715621" visible="true" version="1" changeset="38680821" timestamp="2016-04-18T23:37:52Z" user="JMG3" uid="1928909" lat="30.6143096" lon="-96.3462552"/>
 <node id="4131715622" visible="true" version="2" changeset="62655940" timestamp="2018-09-17T08:06:48Z" user="user_2104173" uid="2104173" lat="30.6140134" lon="-96.3466763"/>
 <node id="4131715623" visible="true" version="2" changeset="62655940" timestamp="2018-09-17T08:06:49Z" user="user_2104173" uid="2104173" lat="30.6136745" lon="-96.3463690"/>
 <node id="4131715624" visible="true" version="2" changeset="62655940" timestamp="2018-09-17T08:06:49Z" user="user_2104173" uid="2104173" lat="30.6136583" lon="-96.3462731"/>
 <node id="4131715625" visible="true" version="2" changeset="62655940" timestamp="2018-09-17T08:06:48Z" user="user_2104173" uid="2104173" lat="30.6139238" lon="-96.3458950"/>
 <node id="4131715626" visible="true" version="2" changeset="62655940" timestamp="2018-09-17T08:06:48Z" user="user_2104173" uid="2104173" lat="30.6141850" lon="-96.3461371"/>
 <node id="4131715627" visible="true" version="2" changeset="62655940" timestamp="2018-09-17T08:06:49Z" user="user_2104173" uid="2104173" lat="30.6138930" lon="-96.3465672"/>
 <node id="4131715628" visible="true" version="2" changeset="62655940" timestamp="2018-09-17T08:06:49Z" user="user_2104173" uid="2104173" lat="30.6137566" lon="-96.3464453"/>
 <node id="4131715629" visible="true" version="2" changeset="62655940" timestamp="2018-09-17T08:06:48Z" user="user_2104173" uid="2104173" lat="30.6140548" lon="-96.3460145"/>
 <node id="4131715630" visible="true" version="2" changeset="62655940" timestamp="2018-09-17T08:06:49Z" user="user_2104173" uid="2104173" lat="30.6136306" lon="-96.3456264"/>
 <node id="4131715631" visible="true" version="1" changeset="38680821" timestamp="2016-04-18T23:37:52Z" user="JMG3" uid="1928909" lat="30.6133340" lon="-96.3460653"/>
 <node id="4131715632" visible="true" version="2" changeset="62655940" timestamp="2018-09-17T08:06:49Z" user="user_2104173" uid="2104173" lat="30.6130752" lon="-96.3458306"/>
 <node id="4131715633" visible="true" version="2" changeset="62655940" timestamp="2018-09-17T08:06:49Z" user="user_2104173" uid="2104173" lat="30.6134263" lon="-96.3456264"/>
 <node id="4131715637" visible="true" version="2" changeset="62655940" timestamp="2018-09-17T08:06:49Z" user="user_2104173" uid="2104173" lat="30.6138647" lon="-96.3452217"/>
 <node id="4131715639" visible="true" version="2" changeset="62655940" timestamp="2018-09-17T08:06:49Z" user="user_2104173" uid="2104173" lat="30.6137266" lon="-96.3452043"/>
 <node id="4131715640" visible="true" version="1" changeset="38680821" timestamp="2016-04-18T23:37:52Z" user="JMG3" uid="1928909" lat="30.6131984" lon="-96.3459468"/>
 <node id="4131745093" visible="true" version="1" changeset="38681184" timestamp="2016-04-19T00:11:58Z" user="JMG3" uid="1928909" lat="30.6157205" lon="-96.3451280"/>
 <node id="4131745107" visible="true" version="2" changeset="144688376" timestamp="2023-12-02T11:25:48Z" user="kitto33" uid="14976430" lat="30.6162944" lon="-96.3442989"/>
 <node id="4131745108" visible="true" version="1" changeset="38681184" timestamp="2016-04-19T00:11:58Z" user="JMG3" uid="1928909" lat="30.6157058" lon="-96.3437910"/>
 <node id="4131745109" visible="true" version="1" changeset="38681184" timestamp="2016-04-19T00:11:58Z" user="JMG3" uid="1928909" lat="30.6160345" lon="-96.3440748"/>
 <node id="4131745110" visible="true" version="1" changeset="38681184" timestamp="2016-04-19T00:11:58Z" user="JMG3" uid="1928909" lat="30.6154785" lon="-96.3448915"/>
 <node id="4131890028" visible="true" version="1" changeset="38682785" timestamp="2016-04-19T02:34:28Z" user="JMG3" uid="1928909" lat="30.6172841" lon="-96.3462962"/>
 <node id="4131890029" visible="true" version="1" changeset="38682785" timestamp="2016-04-19T02:34:28Z" user="JMG3" uid="1928909" lat="30.6169812" lon="-96.3459931"/>
 <node id="4131890030" visible="true" version="1" changeset="38682785" timestamp="2016-04-19T02:34:28Z" user="JMG3" uid="1928909" lat="30.6173956" lon="-96.3453502"/>
 <node id="4131890031" visible="true" version="1" changeset="38682785" timestamp="2016-04-19T02:34:28Z" user="JMG3" uid="1928909" lat="30.6176669" lon="-96.3455971"/>
 <node id="4131890032" visible="true" version="1" changeset="38682785" timestamp="2016-04-19T02:34:28Z" user="JMG3" uid="1928909" lat="30.6176775" lon="-96.3457413"/>
 <node id="4131890033" visible="true" version="3" changeset="143636964" timestamp="2023-11-05T04:04:57Z" user="kitto33" uid="14976430" lat="30.6171377" lon="-96.3462997"/>
 <node id="4131890034" visible="true" version="3" changeset="143636964" timestamp="2023-11-05T04:04:57Z" user="kitto33" uid="14976430" lat="30.6170777" lon="-96.3462448"/>
 <node id="4131890035" visible="true" version="3" changeset="143636964" timestamp="2023-11-05T04:04:57Z" user="kitto33" uid="14976430" lat="30.6165725" lon="-96.3469905"/>
 <node id="4131890036" visible="true" version="3" changeset="143636964" timestamp="2023-11-05T04:04:57Z" user="kitto33" uid="14976430" lat="30.6166325" lon="-96.3470454"/>
 <node id="4131890037" visible="true" version="2" changeset="144688376" timestamp="2023-12-02T11:25:48Z" user="kitto33" uid="14976430" lat="30.6175957" lon="-96.3480743"/>
 <node id="4131890038" visible="true" version="2" changeset="144688376" timestamp="2023-12-02T11:25:48Z" user="kitto33" uid="14976430" lat="30.6173111" lon="-96.3478086"/>
 <node id="4131890039" visible="true" version="2" changeset="144688376" timestamp="2023-12-02T11:25:48Z" user="kitto33" uid="14976430" lat="30.6170675" lon="-96.3480799"/>
 <node id="4131890040" visible="true" version="2" changeset="144688376" timestamp="2023-12-02T11:25:48Z" user="kitto33" uid="14976430" lat="30.6173530" lon="-96.3483422"/>
 <node id="4131890070" visible="true" version="3" changeset="90836146" timestamp="2020-09-14T02:36:43Z" user="user_11254435" uid="11254435" lat="30.6250108" lon="-96.3432975"/>
 <node id="4147603872" visible="true" version="2" changeset="102495907" timestamp="2021-04-07T16:20:19Z" user="xenopus" uid="13004708" lat="30.6158505" lon="-96.3512458"/>
 <node id="4147603873" visible="true" version="2" changeset="102495907" timestamp="2021-04-07T16:20:19Z" user="xenopus" uid="13004708" lat="30.6156554" lon="-96.3510621"/>
 <node id="4147603874" visible="true" version="2" changeset="102495907" timestamp="2021-04-07T16:20:19Z" user="xenopus" uid="13004708" lat="30.6157429" lon="-96.3509367"/>
 <node id="4147603875" visible="true" version="2" changeset="102495907" timestamp="2021-04-07T16:20:19Z" user="xenopus" uid="13004708" lat="30.6159380" lon="-96.3511203"/>
 <node id="4147603876" visible="true" version="1" changeset="38867312" timestamp="2016-04-25T20:40:48Z" user="JMG3" uid="1928909" lat="30.6151810" lon="-96.3517550"/>
 <node id="4147603877" visible="true" version="1" changeset="38867312" timestamp="2016-04-25T20:40:48Z" user="JMG3" uid="1928909" lat="30.6149982" lon="-96.3515942"/>
 <node id="4147603878" visible="true" version="1" changeset="38867312" timestamp="2016-04-25T20:40:48Z" user="JMG3" uid="1928909" lat="30.6152306" lon="-96.3512604"/>
 <node id="4147603879" visible="true" version="1" changeset="38867312" timestamp="2016-04-25T20:40:48Z" user="JMG3" uid="1928909" lat="30.6153038" lon="-96.3513302"/>
 <node id="4147603880" visible="true" version="1" changeset="38867312" timestamp="2016-04-25T20:40:48Z" user="JMG3" uid="1928909" lat="30.6151784" lon="-96.3515092"/>
 <node id="4147603881" visible="true" version="1" changeset="38867312" timestamp="2016-04-25T20:40:48Z" user="JMG3" uid="1928909" lat="30.6152855" lon="-96.3516094"/>
 <node id="4147603882" visible="true" version="1" changeset="38867312" timestamp="2016-04-25T20:40:48Z" user="JMG3" uid="1928909" lat="30.6150180" lon="-96.3514708"/>
 <node id="4147603883" visible="true" version="1" changeset="38867312" timestamp="2016-04-25T20:40:48Z" user="JMG3" uid="1928909" lat="30.6149027" lon="-96.3513673"/>
 <node id="4147603884" visible="true" version="1" changeset="38867312" timestamp="2016-04-25T20:40:48Z" user="JMG3" uid="1928909" lat="30.6148503" lon="-96.3514424"/>
 <node id="4147603885" visible="true" version="1" changeset="38867312" timestamp="2016-04-25T20:40:48Z" user="JMG3" uid="1928909" lat="30.6149656" lon="-96.3515520"/>
 <node id="4147603886" visible="true" version="1" changeset="38867312" timestamp="2016-04-25T20:40:48Z" user="JMG3" uid="1928909" lat="30.6153521" lon="-96.3510444"/>
 <node id="4147603887" visible="true" version="1" changeset="38867312" timestamp="2016-04-25T20:40:48Z" user="JMG3" uid="1928909" lat="30.6152455" lon="-96.3509466"/>
 <node id="4147603888" visible="true" version="1" changeset="38867312" timestamp="2016-04-25T20:40:48Z" user="JMG3" uid="1928909" lat="30.6150651" lon="-96.3511981"/>
 <node id="4147606289" visible="true" version="1" changeset="38867312" timestamp="2016-04-25T20:40:48Z" user="JMG3" uid="1928909" lat="30.6151751" lon="-96.3512979"/>
 <node id="4147606290" visible="true" version="2" changeset="102495907" timestamp="2021-04-07T16:20:19Z" user="xenopus" uid="13004708" lat="30.6156463" lon="-96.3514601"/>
 <node id="4147606291" visible="true" version="2" changeset="102495907" timestamp="2021-04-07T16:20:19Z" user="xenopus" uid="13004708" lat="30.6154286" lon="-96.3512611"/>
 <node id="4147606292" visible="true" version="2" changeset="102495907" timestamp="2021-04-07T16:20:19Z" user="xenopus" uid="13004708" lat="30.6154986" lon="-96.3511577"/>
 <node id="4147606293" visible="true" version="2" changeset="102495907" timestamp="2021-04-07T16:20:19Z" user="xenopus" uid="13004708" lat="30.6157163" lon="-96.3513567"/>
 <node id="4147606294" visible="true" version="1" changeset="38867312" timestamp="2016-04-25T20:40:48Z" user="JMG3" uid="1928909" lat="30.6153590" lon="-96.3519052"/>
 <node id="4147606295" visible="true" version="1" changeset="38867312" timestamp="2016-04-25T20:40:48Z" user="JMG3" uid="1928909" lat="30.6152321" lon="-96.3517925"/>
 <node id="4147606296" visible="true" version="1" changeset="38867312" timestamp="2016-04-25T20:40:48Z" user="JMG3" uid="1928909" lat="30.6153025" lon="-96.3516798"/>
 <node id="4147606297" visible="true" version="1" changeset="38867312" timestamp="2016-04-25T20:40:48Z" user="JMG3" uid="1928909" lat="30.6154364" lon="-96.3517952"/>
 <node id="4147606298" visible="true" version="2" changeset="102495907" timestamp="2021-04-07T16:20:19Z" user="xenopus" uid="13004708" lat="30.6155128" lon="-96.3516753"/>
 <node id="4147606299" visible="true" version="2" changeset="102495907" timestamp="2021-04-07T16:20:19Z" user="xenopus" uid="13004708" lat="30.6154440" lon="-96.3516126"/>
 <node id="4147606300" visible="true" version="2" changeset="102495907" timestamp="2021-04-07T16:20:19Z" user="xenopus" uid="13004708" lat="30.6153715" lon="-96.3517199"/>
 <node id="4147606301" visible="true" version="2" changeset="102495907" timestamp="2021-04-07T16:20:19Z" user="xenopus" uid="13004708" lat="30.6154403" lon="-96.3517826"/>
 <node id="4147606302" visible="true" version="2" changeset="102495907" timestamp="2021-04-07T16:20:19Z" user="xenopus" uid="13004708" lat="30.6155338" lon="-96.3515740"/>
 <node id="4147606303" visible="true" version="2" changeset="102495907" timestamp="2021-04-07T16:20:19Z" user="xenopus" uid="13004708" lat="30.6154396" lon="-96.3514872"/>
 <node id="4147606304" visible="true" version="2" changeset="102495907" timestamp="2021-04-07T16:20:19Z" user="xenopus" uid="13004708" lat="30.6154890" lon="-96.3514149"/>
 <node id="4147606305" visible="true" version="2" changeset="102495907" timestamp="2021-04-07T16:20:19Z" user="xenopus" uid="13004708" lat="30.6155832" lon="-96.3515017"/>
 <node id="4147606306" visible="true" version="1" changeset="38867312" timestamp="2016-04-25T20:40:48Z" user="JMG3" uid="1928909" lat="30.6153914" lon="-96.3514747"/>
 <node id="4147606307" visible="true" version="1" changeset="38867312" timestamp="2016-04-25T20:40:48Z" user="JMG3" uid="1928909" lat="30.6153290" lon="-96.3514156"/>
 <node id="4147606308" visible="true" version="1" changeset="38867312" timestamp="2016-04-25T20:40:48Z" user="JMG3" uid="1928909" lat="30.6152748" lon="-96.3514948"/>
 <node id="4147606309" visible="true" version="1" changeset="38867312" timestamp="2016-04-25T20:40:48Z" user="JMG3" uid="1928909" lat="30.6152494" lon="-96.3514666"/>
 <node id="4147606310" visible="true" version="1" changeset="38867312" timestamp="2016-04-25T20:40:48Z" user="JMG3" uid="1928909" lat="30.6153671" lon="-96.3513030"/>
 <node id="4147606311" visible="true" version="1" changeset="38867312" timestamp="2016-04-25T20:40:48Z" user="JMG3" uid="1928909" lat="30.6154525" lon="-96.3513861"/>
 <node id="4147712782" visible="true" version="1" changeset="38868269" timestamp="2016-04-25T21:20:53Z" user="JMG3" uid="1928909" lat="30.6135704" lon="-96.3531056"/>
 <node id="4147712784" visible="true" version="1" changeset="38868269" timestamp="2016-04-25T21:20:53Z" user="JMG3" uid="1928909" lat="30.6139208" lon="-96.3527172"/>
 <node id="4147712785" visible="true" version="1" changeset="38868269" timestamp="2016-04-25T21:20:53Z" user="JMG3" uid="1928909" lat="30.6136257" lon="-96.3523503"/>
 <node id="4147712786" visible="true" version="1" changeset="38868269" timestamp="2016-04-25T21:20:53Z" user="JMG3" uid="1928909" lat="30.6140983" lon="-96.3518146"/>
 <node id="4147712787" visible="true" version="1" changeset="38868269" timestamp="2016-04-25T21:20:53Z" user="JMG3" uid="1928909" lat="30.6142735" lon="-96.3515521"/>
 <node id="4147712788" visible="true" version="1" changeset="38868269" timestamp="2016-04-25T21:20:53Z" user="JMG3" uid="1928909" lat="30.6146446" lon="-96.3518842"/>
 <node id="4147712889" visible="true" version="1" changeset="38868269" timestamp="2016-04-25T21:20:53Z" user="JMG3" uid="1928909" lat="30.6142227" lon="-96.3523690"/>
 <node id="4147712890" visible="true" version="2" changeset="124852410" timestamp="2022-08-13T12:58:38Z" user="Trevor_1" uid="3715012" lat="30.6147714" lon="-96.3517466"/>
 <node id="4147712891" visible="true" version="1" changeset="38868269" timestamp="2016-04-25T21:20:53Z" user="JMG3" uid="1928909" lat="30.6150641" lon="-96.3523342"/>
 <node id="4147712892" visible="true" version="1" changeset="38868269" timestamp="2016-04-25T21:20:53Z" user="JMG3" uid="1928909" lat="30.6146607" lon="-96.3529610"/>
 <node id="4147712893" visible="true" version="1" changeset="38868269" timestamp="2016-04-25T21:20:53Z" user="JMG3" uid="1928909" lat="30.6144072" lon="-96.3526503"/>
 <node id="4147712894" visible="true" version="2" changeset="105967855" timestamp="2021-06-07T11:23:46Z" user="kondokum" uid="11676401" lat="30.6146300" lon="-96.3523730"/>
 <node id="4147712895" visible="true" version="1" changeset="38868269" timestamp="2016-04-25T21:20:53Z" user="JMG3" uid="1928909" lat="30.6144256" lon="-96.3521359"/>
 <node id="4147712896" visible="true" version="1" changeset="38868269" timestamp="2016-04-25T21:20:53Z" user="JMG3" uid="1928909" lat="30.6151997" lon="-96.3521626"/>
 <node id="4147712897" visible="true" version="1" changeset="38868269" timestamp="2016-04-25T21:20:53Z" user="JMG3" uid="1928909" lat="30.6141307" lon="-96.3517659"/>
 <node id="4147712898" visible="true" version="1" changeset="38868269" timestamp="2016-04-25T21:20:53Z" user="JMG3" uid="1928909" lat="30.6137018" lon="-96.3513833"/>
 <node id="4147712899" visible="true" version="1" changeset="38868269" timestamp="2016-04-25T21:20:53Z" user="JMG3" uid="1928909" lat="30.6137963" lon="-96.3512039"/>
 <node id="4147713528" visible="true" version="1" changeset="38868269" timestamp="2016-04-25T21:20:57Z" user="JMG3" uid="1928909" lat="30.6168536" lon="-96.3445764"/>
 <node id="4147713531" visible="true" version="1" changeset="38868269" timestamp="2016-04-25T21:20:57Z" user="JMG3" uid="1928909" lat="30.6163779" lon="-96.3451758"/>
 <node id="4162443191" visible="true" version="2" changeset="143045697" timestamp="2023-10-24T04:11:42Z" user="kitto33" uid="14976430" lat="30.6160185" lon="-96.3452904"/>
 <node id="4162443192" visible="true" version="2" changeset="143045697" timestamp="2023-10-24T04:11:42Z" user="kitto33" uid="14976430" lat="30.6158045" lon="-96.3450991"/>
 <node id="4162443193" visible="true" version="2" changeset="143045697" timestamp="2023-10-24T04:11:42Z" user="kitto33" uid="14976430" lat="30.6158946" lon="-96.3449630"/>
 <node id="4162443194" visible="true" version="2" changeset="143045697" timestamp="2023-10-24T04:11:42Z" user="kitto33" uid="14976430" lat="30.6161086" lon="-96.3451543"/>
 <node id="4162443195" visible="true" version="2" changeset="143045697" timestamp="2023-10-24T04:11:42Z" user="kitto33" uid="14976430" lat="30.6161254" lon="-96.3450285"/>
 <node id="4162443196" visible="true" version="2" changeset="143045697" timestamp="2023-10-24T04:11:42Z" user="kitto33" uid="14976430" lat="30.6159979" lon="-96.3449103"/>
 <node id="4162443197" visible="true" version="2" changeset="143045697" timestamp="2023-10-24T04:11:42Z" user="kitto33" uid="14976430" lat="30.6160376" lon="-96.3448525"/>
 <node id="4162443198" visible="true" version="2" changeset="143045697" timestamp="2023-10-24T04:11:42Z" user="kitto33" uid="14976430" lat="30.6161651" lon="-96.3449706"/>
 <node id="4162443199" visible="true" version="2" changeset="114940256" timestamp="2021-12-14T21:24:38Z" user="Andrew Matheny" uid="3265371" lat="30.6160079" lon="-96.3454162"/>
 <node id="4162443200" visible="true" version="1" changeset="39057851" timestamp="2016-05-03T04:40:29Z" user="JMG3" uid="1928909" lat="30.6159020" lon="-96.3448713"/>
 <node id="4162443201" visible="true" version="1" changeset="39057851" timestamp="2016-05-03T04:40:29Z" user="JMG3" uid="1928909" lat="30.6162051" lon="-96.3451539"/>
 <node id="4163620478" visible="true" version="2" changeset="95349936" timestamp="2020-12-05T22:04:04Z" user="user_11254435" uid="11254435" lat="30.6172795" lon="-96.3470219"/>
 <node id="4163620479" visible="true" version="1" changeset="39071243" timestamp="2016-05-03T17:00:33Z" user="JMG3" uid="1928909" lat="30.6174651" lon="-96.3468190"/>
 <node id="4163620480" visible="true" version="1" changeset="39071243" timestamp="2016-05-03T17:00:33Z" user="JMG3" uid="1928909" lat="30.6177148" lon="-96.3471185"/>
 <node id="4163620481" visible="true" version="1" changeset="39071243" timestamp="2016-05-03T17:00:33Z" user="JMG3" uid="1928909" lat="30.6176127" lon="-96.3469960"/>
 <node id="4163620482" visible="true" version="2" changeset="95349936" timestamp="2020-12-05T22:04:04Z" user="user_11254435" uid="11254435" lat="30.6174546" lon="-96.3471965"/>
 <node id="4163620483" visible="true" version="1" changeset="39071243" timestamp="2016-05-03T17:00:33Z" user="JMG3" uid="1928909" lat="30.6141955" lon="-96.3460222"/>
 <node id="4163620484" visible="true" version="1" changeset="39071243" timestamp="2016-05-03T17:00:33Z" user="JMG3" uid="1928909" lat="30.6142948" lon="-96.3458950"/>
 <node id="4163620485" visible="true" version="1" changeset="39071243" timestamp="2016-05-03T17:00:33Z" user="JMG3" uid="1928909" lat="30.6143424" lon="-96.3458950"/>
 <node id="4163620486" visible="true" version="1" changeset="39071243" timestamp="2016-05-03T17:00:33Z" user="JMG3" uid="1928909" lat="30.6144683" lon="-96.3457397"/>
 <node id="4163620487" visible="true" version="1" changeset="39071243" timestamp="2016-05-03T17:00:33Z" user="JMG3" uid="1928909" lat="30.6151901" lon="-96.3463657"/>
 <node id="4163620488" visible="true" version="1" changeset="39071243" timestamp="2016-05-03T17:00:33Z" user="JMG3" uid="1928909" lat="30.6153793" lon="-96.3460886"/>
 <node id="4163631917" visible="true" version="1" changeset="39071359" timestamp="2016-05-03T17:06:21Z" user="JMG3" uid="1928909" lat="30.6173226" lon="-96.3451143"/>
 <node id="4163631918" visible="true" version="2" changeset="144688376" timestamp="2023-12-02T11:25:48Z" user="kitto33" uid="14976430" lat="30.6174141" lon="-96.3452731"/>
 <node id="4163631919" visible="true" version="1" changeset="39071359" timestamp="2016-05-03T17:06:21Z" user="JMG3" uid="1928909" lat="30.6169654" lon="-96.3459385"/>
 <node id="4163631920" visible="true" version="2" changeset="52423106" timestamp="2017-09-27T18:52:44Z" user="JMG3" uid="1928909" lat="30.6169372" lon="-96.3459628"/>
 <node id="4163631921" visible="true" version="2" changeset="52423106" timestamp="2017-09-27T18:52:44Z" user="JMG3" uid="1928909" lat="30.6167757" lon="-96.3458129"/>
 <node id="4163631922" visible="true" version="1" changeset="39071359" timestamp="2016-05-03T17:06:21Z" user="JMG3" uid="1928909" lat="30.6173062" lon="-96.3450756"/>
 <node id="4167989549" visible="true" version="2" changeset="50536227" timestamp="2017-07-24T18:29:33Z" user="kre3d" uid="1745406" lat="30.6173333" lon="-96.3511184"/>
 <node id="4167989550" visible="true" version="2" changeset="50536227" timestamp="2017-07-24T18:29:33Z" user="kre3d" uid="1745406" lat="30.6162360" lon="-96.3501191"/>
 <node id="4167989551" visible="true" version="2" changeset="50536227" timestamp="2017-07-24T18:29:33Z" user="kre3d" uid="1745406" lat="30.6158482" lon="-96.3506730"/>
 <node id="4167989552" visible="true" version="2" changeset="50536227" timestamp="2017-07-24T18:29:33Z" user="kre3d" uid="1745406" lat="30.6161599" lon="-96.3509680"/>
 <node id="4167989553" visible="true" version="2" changeset="50550247" timestamp="2017-07-25T08:51:03Z" user="kre3d" uid="1745406" lat="30.6158748" lon="-96.3513824"/>
 <node id="4167989554" visible="true" version="2" changeset="50536227" timestamp="2017-07-24T18:29:33Z" user="kre3d" uid="1745406" lat="30.6163018" lon="-96.3517754"/>
 <node id="4167989555" visible="true" version="2" changeset="50536227" timestamp="2017-07-24T18:29:33Z" user="kre3d" uid="1745406" lat="30.6164022" lon="-96.3517754"/>
 <node id="4167989560" visible="true" version="2" changeset="62655940" timestamp="2018-09-17T08:06:48Z" user="user_2104173" uid="2104173" lat="30.6171889" lon="-96.3494981"/>
 <node id="4167989561" visible="true" version="3" changeset="62655940" timestamp="2018-09-17T08:06:48Z" user="user_2104173" uid="2104173" lat="30.6169010" lon="-96.3492337"/>
 <node id="4167989562" visible="true" version="3" changeset="62655940" timestamp="2018-09-17T08:06:48Z" user="user_2104173" uid="2104173" lat="30.6173603" lon="-96.3486320"/>
 <node id="4167989563" visible="true" version="3" changeset="62655940" timestamp="2018-09-17T08:06:48Z" user="user_2104173" uid="2104173" lat="30.6184435" lon="-96.3496138"/>
 <node id="4167989564" visible="true" version="3" changeset="62655940" timestamp="2018-09-17T08:06:48Z" user="user_2104173" uid="2104173" lat="30.6183671" lon="-96.3497533"/>
 <node id="4167989565" visible="true" version="3" changeset="62655940" timestamp="2018-09-17T08:06:48Z" user="user_2104173" uid="2104173" lat="30.6174168" lon="-96.3489225"/>
 <node id="4192358972" visible="true" version="1" changeset="39386608" timestamp="2016-05-17T20:42:51Z" user="JMG3" uid="1928909" lat="30.6158101" lon="-96.3464155"/>
 <node id="4192358973" visible="true" version="1" changeset="39386608" timestamp="2016-05-17T20:42:51Z" user="JMG3" uid="1928909" lat="30.6156258" lon="-96.3462727"/>
 <node id="4192358974" visible="true" version="1" changeset="39386608" timestamp="2016-05-17T20:42:51Z" user="JMG3" uid="1928909" lat="30.6156258" lon="-96.3462142"/>
 <node id="4192358975" visible="true" version="1" changeset="39386608" timestamp="2016-05-17T20:42:51Z" user="JMG3" uid="1928909" lat="30.6156276" lon="-96.3460779"/>
 <node id="4192358976" visible="true" version="1" changeset="39386608" timestamp="2016-05-17T20:42:51Z" user="JMG3" uid="1928909" lat="30.6157770" lon="-96.3457149"/>
 <node id="4192358977" visible="true" version="1" changeset="39386608" timestamp="2016-05-17T20:42:51Z" user="JMG3" uid="1928909" lat="30.6158604" lon="-96.3456582"/>
 <node id="4192358978" visible="true" version="1" changeset="39386608" timestamp="2016-05-17T20:42:51Z" user="JMG3" uid="1928909" lat="30.6159732" lon="-96.3456323"/>
 <node id="4192358979" visible="true" version="1" changeset="39386608" timestamp="2016-05-17T20:42:51Z" user="JMG3" uid="1928909" lat="30.6160792" lon="-96.3457320"/>
 <node id="4192358980" visible="true" version="1" changeset="39386608" timestamp="2016-05-17T20:42:51Z" user="JMG3" uid="1928909" lat="30.6161732" lon="-96.3458659"/>
 <node id="4192358981" visible="true" version="1" changeset="39386608" timestamp="2016-05-17T20:42:51Z" user="JMG3" uid="1928909" lat="30.6159907" lon="-96.3461753"/>
 <node id="4192359002" visible="true" version="2" changeset="143636964" timestamp="2023-11-05T04:04:57Z" user="kitto33" uid="14976430" lat="30.6153748" lon="-96.3488641"/>
 <node id="4192359003" visible="true" version="2" changeset="143636964" timestamp="2023-11-05T04:04:57Z" user="kitto33" uid="14976430" lat="30.6148189" lon="-96.3483298"/>
 <node id="4192359004" visible="true" version="1" changeset="39386608" timestamp="2016-05-17T20:42:52Z" user="JMG3" uid="1928909" lat="30.6138488" lon="-96.3497970"/>
 <node id="4192359005" visible="true" version="2" changeset="143636964" timestamp="2023-11-05T04:04:57Z" user="kitto33" uid="14976430" lat="30.6133502" lon="-96.3493007"/>
 <node id="4192359007" visible="true" version="2" changeset="143636964" timestamp="2023-11-05T04:04:57Z" user="kitto33" uid="14976430" lat="30.6128075" lon="-96.3498680"/>
 <node id="4192359008" visible="true" version="2" changeset="143636964" timestamp="2023-11-05T04:04:57Z" user="kitto33" uid="14976430" lat="30.6133606" lon="-96.3502180"/>
 <node id="4192359009" visible="true" version="2" changeset="143636964" timestamp="2023-11-05T04:04:57Z" user="kitto33" uid="14976430" lat="30.6137743" lon="-96.3505402"/>
 <node id="4192359010" visible="true" version="2" changeset="143636964" timestamp="2023-11-05T04:04:57Z" user="kitto33" uid="14976430" lat="30.6145638" lon="-96.3498257"/>
 <node id="4192359011" visible="true" version="2" changeset="143636964" timestamp="2023-11-05T04:04:57Z" user="kitto33" uid="14976430" lat="30.6127722" lon="-96.3498466"/>
 <node id="4192359012" visible="true" version="2" changeset="143636964" timestamp="2023-11-05T04:04:57Z" user="kitto33" uid="14976430" lat="30.6120267" lon="-96.3493540"/>
 <node id="4192359013" visible="true" version="2" changeset="143636964" timestamp="2023-11-05T04:04:57Z" user="kitto33" uid="14976430" lat="30.6125074" lon="-96.3484795"/>
 <node id="4192359014" visible="true" version="2" changeset="143636964" timestamp="2023-11-05T04:04:57Z" user="kitto33" uid="14976430" lat="30.6133275" lon="-96.3492801"/>
 <node id="4193721900" visible="true" version="2" changeset="49577741" timestamp="2017-06-16T00:54:57Z" user="kevkevhull" uid="5182327" lat="30.6161877" lon="-96.3454654"/>
 <node id="4193721901" visible="true" version="1" changeset="39403697" timestamp="2016-05-18T15:43:45Z" user="JMG3" uid="1928909" lat="30.6164456" lon="-96.3453574"/>
 <node id="4193721902" visible="true" version="1" changeset="39403697" timestamp="2016-05-18T15:43:45Z" user="JMG3" uid="1928909" lat="30.6165440" lon="-96.3452868"/>
 <node id="4193721903" visible="true" version="1" changeset="39403697" timestamp="2016-05-18T15:43:45Z" user="JMG3" uid="1928909" lat="30.6167978" lon="-96.3448109"/>
 <node id="4193721905" visible="true" version="2" changeset="49577741" timestamp="2017-06-16T00:54:57Z" user="kevkevhull" uid="5182327" lat="30.6164366" lon="-96.3448341"/>
 <node id="4193721926" visible="true" version="1" changeset="39403697" timestamp="2016-05-18T15:43:45Z" user="JMG3" uid="1928909" lat="30.6161975" lon="-96.3457967"/>
 <node id="4193721927" visible="true" version="1" changeset="39403697" timestamp="2016-05-18T15:43:46Z" user="JMG3" uid="1928909" lat="30.6160013" lon="-96.3456155"/>
 <node id="4193721928" visible="true" version="1" changeset="39403697" timestamp="2016-05-18T15:43:46Z" user="JMG3" uid="1928909" lat="30.6160628" lon="-96.3455798"/>
 <node id="4193721929" visible="true" version="1" changeset="39403697" timestamp="2016-05-18T15:43:46Z" user="JMG3" uid="1928909" lat="30.6161762" lon="-96.3455716"/>
 <node id="4193721930" visible="true" version="1" changeset="39403697" timestamp="2016-05-18T15:43:46Z" user="JMG3" uid="1928909" lat="30.6162211" lon="-96.3456100"/>
 <node id="4193721931" visible="true" version="1" changeset="39403697" timestamp="2016-05-18T15:43:46Z" user="JMG3" uid="1928909" lat="30.6162329" lon="-96.3456787"/>
 <node id="4299363911" visible="true" version="3" changeset="90836146" timestamp="2020-09-14T02:36:43Z" user="user_11254435" uid="11254435" lat="30.6186078" lon="-96.3238042"/>
 <node id="4476088435" visible="true" version="1" changeset="43341250" timestamp="2016-11-02T01:26:54Z" user="FTA" uid="652301" lat="30.6127775" lon="-96.3456878"/>
 <node id="4476088436" visible="true" version="1" changeset="43341250" timestamp="2016-11-02T01:26:54Z" user="FTA" uid="652301" lat="30.6129113" lon="-96.3455188"/>
 <node id="4476088437" visible="true" version="1" changeset="43341250" timestamp="2016-11-02T01:26:54Z" user="FTA" uid="652301" lat="30.6130787" lon="-96.3454491"/>
 <node id="4476088438" visible="true" version="1" changeset="43341250" timestamp="2016-11-02T01:26:54Z" user="FTA" uid="652301" lat="30.6132103" lon="-96.3453928"/>
 <node id="4476088439" visible="true" version="1" changeset="43341250" timestamp="2016-11-02T01:26:54Z" user="FTA" uid="652301" lat="30.6133569" lon="-96.3453056"/>
 <node id="4476088440" visible="true" version="1" changeset="43341250" timestamp="2016-11-02T01:26:54Z" user="FTA" uid="652301" lat="30.6134527" lon="-96.3451902"/>
 <node id="4476088441" visible="true" version="1" changeset="43341250" timestamp="2016-11-02T01:26:54Z" user="FTA" uid="652301" lat="30.6135473" lon="-96.3450494"/>
 <node id="4516199686" visible="true" version="3" changeset="50536227" timestamp="2017-07-24T18:29:33Z" user="kre3d" uid="1745406" lat="30.6427204" lon="-96.3798836">
  <tag k="power" v="tower"/>
 </node>
 <node id="4516199789" visible="true" version="3" changeset="50536227" timestamp="2017-07-24T18:29:33Z" user="kre3d" uid="1745406" lat="30.6450915" lon="-96.3771356">
  <tag k="power" v="tower"/>
 </node>
 <node id="4516199790" visible="true" version="3" changeset="50536227" timestamp="2017-07-24T18:29:33Z" user="kre3d" uid="1745406" lat="30.6442561" lon="-96.3780905">
  <tag k="power" v="tower"/>
 </node>
 <node id="4516199793" visible="true" version="3" changeset="50536227" timestamp="2017-07-24T18:29:33Z" user="kre3d" uid="1745406" lat="30.6435223" lon="-96.3789649">
  <tag k="power" v="tower"/>
 </node>
 <node id="4516200554" visible="true" version="2" changeset="50536227" timestamp="2017-07-24T18:29:33Z" user="kre3d" uid="1745406" lat="30.6459234" lon="-96.3761446">
  <tag k="power" v="tower"/>
 </node>
 <node id="4540017946" visible="true" version="1" changeset="44188892" timestamp="2016-12-05T17:57:25Z" user="JMG3" uid="1928909" lat="30.6164482" lon="-96.3532889"/>
 <node id="4540017948" visible="true" version="1" changeset="44188892" timestamp="2016-12-05T17:57:25Z" user="JMG3" uid="1928909" lat="30.6167942" lon="-96.3536058"/>
 <node id="4598788516" visible="true" version="1" changeset="45037711" timestamp="2017-01-09T21:31:56Z" user="JMG3" uid="1928909" lat="30.6167223" lon="-96.3475363"/>
 <node id="4598788517" visible="true" version="1" changeset="45037711" timestamp="2017-01-09T21:31:56Z" user="JMG3" uid="1928909" lat="30.6165472" lon="-96.3477704"/>
 <node id="4598788518" visible="true" version="1" changeset="45037711" timestamp="2017-01-09T21:31:56Z" user="JMG3" uid="1928909" lat="30.6168522" lon="-96.3480800"/>
 <node id="4598788520" visible="true" version="2" changeset="94153968" timestamp="2020-11-15T16:11:37Z" user="Trevor_1" uid="3715012" lat="30.6168161" lon="-96.3477821"/>
 <node id="4598788521" visible="true" version="2" changeset="90836146" timestamp="2020-09-14T02:36:43Z" user="user_11254435" uid="11254435" lat="30.6173992" lon="-96.3463068"/>
 <node id="4878813764" visible="true" version="2" changeset="149039503" timestamp="2024-03-23T06:59:27Z" user="kitto33" uid="14976430" lat="30.6184397" lon="-96.3551171"/>
 <node id="4878813771" visible="true" version="3" changeset="149039503" timestamp="2024-03-23T06:59:27Z" user="kitto33" uid="14976430" lat="30.6195954" lon="-96.3561672"/>
 <node id="4879003723" visible="true" version="2" changeset="90836146" timestamp="2020-09-14T02:36:43Z" user="user_11254435" uid="11254435" lat="30.6032530" lon="-96.3411549"/>
 <node id="4879003724" visible="true" version="2" changeset="90836146" timestamp="2020-09-14T02:36:43Z" user="user_11254435" uid="11254435" lat="30.6045620" lon="-96.3394896"/>
 <node id="4910534441" visible="true" version="2" changeset="94153968" timestamp="2020-11-15T16:11:37Z" user="Trevor_1" uid="3715012" lat="30.6170135" lon="-96.3479178"/>
 <node id="4917817520" visible="true" version="1" changeset="49577741" timestamp="2017-06-16T00:54:57Z" user="kevkevhull" uid="5182327" lat="30.6161252" lon="-96.3454453"/>
 <node id="4917843821" visible="true" version="1" changeset="49577741" timestamp="2017-06-16T00:54:57Z" user="kevkevhull" uid="5182327" lat="30.6160424" lon="-96.3453787"/>
 <node id="4917843822" visible="true" version="1" changeset="49577741" timestamp="2017-06-16T00:54:57Z" user="kevkevhull" uid="5182327" lat="30.6167046" lon="-96.3444738"/>
 <node id="4917843823" visible="true" version="1" changeset="49577741" timestamp="2017-06-16T00:54:57Z" user="kevkevhull" uid="5182327" lat="30.6168298" lon="-96.3446825"/>
 <node id="4917843824" visible="true" version="1" changeset="49577741" timestamp="2017-06-16T00:54:57Z" user="kevkevhull" uid="5182327" lat="30.6168200" lon="-96.3445968"/>
 <node id="4990843749" visible="true" version="1" changeset="50536227" timestamp="2017-07-24T18:29:15Z" user="kre3d" uid="1745406" lat="30.6173498" lon="-96.3512684"/>
 <node id="4990843750" visible="true" version="1" changeset="50536227" timestamp="2017-07-24T18:29:15Z" user="kre3d" uid="1745406" lat="30.6168085" lon="-96.3520584"/>
 <node id="4990843751" visible="true" version="1" changeset="50536227" timestamp="2017-07-24T18:29:15Z" user="kre3d" uid="1745406" lat="30.6164380" lon="-96.3517197"/>
 <node id="4990843752" visible="true" version="2" changeset="50550247" timestamp="2017-07-25T08:51:03Z" user="kre3d" uid="1745406" lat="30.6167516" lon="-96.3507256">
  <tag k="power" v="portal"/>
 </node>
 <node id="4990843753" visible="true" version="1" changeset="50536227" timestamp="2017-07-24T18:29:15Z" user="kre3d" uid="1745406" lat="30.6175402" lon="-96.3512483">
  <tag k="power" v="tower"/>
 </node>
 <node id="4990843754" visible="true" version="1" changeset="50536227" timestamp="2017-07-24T18:29:15Z" user="kre3d" uid="1745406" lat="30.6192160" lon="-96.3527758">
  <tag k="power" v="tower"/>
 </node>
 <node id="4990843755" visible="true" version="1" changeset="50536227" timestamp="2017-07-24T18:29:15Z" user="kre3d" uid="1745406" lat="30.6208571" lon="-96.3542725">
  <tag k="power" v="tower"/>
 </node>
 <node id="4990843756" visible="true" version="1" changeset="50536227" timestamp="2017-07-24T18:29:15Z" user="kre3d" uid="1745406" lat="30.6224971" lon="-96.3557732">
  <tag k="power" v="tower"/>
 </node>
 <node id="4990843757" visible="true" version="1" changeset="50536227" timestamp="2017-07-24T18:29:15Z" user="kre3d" uid="1745406" lat="30.6241520" lon="-96.3573074">
  <tag k="power" v="tower"/>
 </node>
 <node id="4990843758" visible="true" version="1" changeset="50536227" timestamp="2017-07-24T18:29:15Z" user="kre3d" uid="1745406" lat="30.6250545" lon="-96.3581376">
  <tag k="power" v="tower"/>
 </node>
 <node id="4990843759" visible="true" version="1" changeset="50536227" timestamp="2017-07-24T18:29:15Z" user="kre3d" uid="1745406" lat="30.6265017" lon="-96.3594545">
  <tag k="power" v="tower"/>
 </node>
 <node id="4990843760" visible="true" version="1" changeset="50536227" timestamp="2017-07-24T18:29:15Z" user="kre3d" uid="1745406" lat="30.6279534" lon="-96.3607702">
  <tag k="power" v="tower"/>
 </node>
 <node id="4990843761" visible="true" version="1" changeset="50536227" timestamp="2017-07-24T18:29:15Z" user="kre3d" uid="1745406" lat="30.6294075" lon="-96.3620844">
  <tag k="power" v="tower"/>
 </node>
 <node id="4990843762" visible="true" version="1" changeset="50536227" timestamp="2017-07-24T18:29:15Z" user="kre3d" uid="1745406" lat="30.6308615" lon="-96.3634202">
  <tag k="power" v="tower"/>
 </node>
 <node id="4990843763" visible="true" version="1" changeset="50536227" timestamp="2017-07-24T18:29:15Z" user="kre3d" uid="1745406" lat="30.6295252" lon="-96.3648766">
  <tag k="power" v="tower"/>
 </node>
 <node id="4990843764" visible="true" version="1" changeset="50536227" timestamp="2017-07-24T18:29:16Z" user="kre3d" uid="1745406" lat="30.6281935" lon="-96.3663130">
  <tag k="power" v="tower"/>
 </node>
 <node id="4990843765" visible="true" version="1" changeset="50536227" timestamp="2017-07-24T18:29:16Z" user="kre3d" uid="1745406" lat="30.6295633" lon="-96.3679256">
  <tag k="power" v="tower"/>
 </node>
 <node id="4990843766" visible="true" version="1" changeset="50536227" timestamp="2017-07-24T18:29:16Z" user="kre3d" uid="1745406" lat="30.6309284" lon="-96.3695464">
  <tag k="power" v="tower"/>
 </node>
 <node id="4990843767" visible="true" version="1" changeset="50536227" timestamp="2017-07-24T18:29:16Z" user="kre3d" uid="1745406" lat="30.6322970" lon="-96.3711584">
  <tag k="power" v="tower"/>
 </node>
 <node id="4990843768" visible="true" version="1" changeset="50536227" timestamp="2017-07-24T18:29:16Z" user="kre3d" uid="1745406" lat="30.6310069" lon="-96.3726604">
  <tag k="power" v="tower"/>
 </node>
 <node id="4990843769" visible="true" version="1" changeset="50536227" timestamp="2017-07-24T18:29:16Z" user="kre3d" uid="1745406" lat="30.6294369" lon="-96.3744756">
  <tag k="power" v="tower"/>
 </node>
 <node id="4990843770" visible="true" version="1" changeset="50536227" timestamp="2017-07-24T18:29:16Z" user="kre3d" uid="1745406" lat="30.6283642" lon="-96.3757128">
  <tag k="power" v="tower"/>
 </node>
 <node id="4990843771" visible="true" version="1" changeset="50536227" timestamp="2017-07-24T18:29:16Z" user="kre3d" uid="1745406" lat="30.6303630" lon="-96.3761902">
  <tag k="power" v="tower"/>
 </node>
 <node id="4990843772" visible="true" version="1" changeset="50536227" timestamp="2017-07-24T18:29:16Z" user="kre3d" uid="1745406" lat="30.6321228" lon="-96.3765845">
  <tag k="power" v="tower"/>
 </node>
 <node id="4990843773" visible="true" version="1" changeset="50536227" timestamp="2017-07-24T18:29:16Z" user="kre3d" uid="1745406" lat="30.6335952" lon="-96.3768218">
  <tag k="power" v="tower"/>
 </node>
 <node id="4990843774" visible="true" version="1" changeset="50536227" timestamp="2017-07-24T18:29:16Z" user="kre3d" uid="1745406" lat="30.6352961" lon="-96.3772242">
  <tag k="power" v="tower"/>
 </node>
 <node id="4990843775" visible="true" version="1" changeset="50536227" timestamp="2017-07-24T18:29:16Z" user="kre3d" uid="1745406" lat="30.6370074" lon="-96.3777673">
  <tag k="power" v="tower"/>
 </node>
 <node id="4990843776" visible="true" version="1" changeset="50536227" timestamp="2017-07-24T18:29:16Z" user="kre3d" uid="1745406" lat="30.6385051" lon="-96.3786685">
  <tag k="power" v="tower"/>
 </node>
 <node id="4990843777" visible="true" version="1" changeset="50536227" timestamp="2017-07-24T18:29:16Z" user="kre3d" uid="1745406" lat="30.6397940" lon="-96.3787825">
  <tag k="power" v="tower"/>
 </node>
 <node id="4990843778" visible="true" version="1" changeset="50536227" timestamp="2017-07-24T18:29:16Z" user="kre3d" uid="1745406" lat="30.6404829" lon="-96.3800955">
  <tag k="power" v="tower"/>
 </node>
 <node id="4990843779" visible="true" version="1" changeset="50536227" timestamp="2017-07-24T18:29:16Z" user="kre3d" uid="1745406" lat="30.6411475" lon="-96.3812850">
  <tag k="power" v="tower"/>
 </node>
 <node id="4990843780" visible="true" version="1" changeset="50536227" timestamp="2017-07-24T18:29:16Z" user="kre3d" uid="1745406" lat="30.6412940" lon="-96.3815613">
  <tag k="power" v="tower"/>
 </node>
 <node id="4990843781" visible="true" version="1" changeset="50536227" timestamp="2017-07-24T18:29:16Z" user="kre3d" uid="1745406" lat="30.6420279" lon="-96.3807003">
  <tag k="power" v="tower"/>
 </node>
 <node id="4990843782" visible="true" version="1" changeset="50536227" timestamp="2017-07-24T18:29:16Z" user="kre3d" uid="1745406" lat="30.6462843" lon="-96.3751803">
  <tag k="power" v="tower"/>
 </node>
 <node id="4990843784" visible="true" version="1" changeset="50536227" timestamp="2017-07-24T18:29:16Z" user="kre3d" uid="1745406" lat="30.6464366" lon="-96.3746372">
  <tag k="power" v="portal"/>
 </node>
 <node id="4992049561" visible="true" version="1" changeset="50550247" timestamp="2017-07-25T08:50:37Z" user="kre3d" uid="1745406" lat="30.6168071" lon="-96.3514555"/>
 <node id="4992049562" visible="true" version="1" changeset="50550247" timestamp="2017-07-25T08:50:37Z" user="kre3d" uid="1745406" lat="30.6161098" lon="-96.3511725">
  <tag k="power" v="transformer"/>
 </node>
 <node id="4992049563" visible="true" version="1" changeset="50550247" timestamp="2017-07-25T08:50:37Z" user="kre3d" uid="1745406" lat="30.6161717" lon="-96.3510825">
  <tag k="power" v="transformer"/>
 </node>
 <node id="4992049564" visible="true" version="1" changeset="50550247" timestamp="2017-07-25T08:50:38Z" user="kre3d" uid="1745406" lat="30.6162333" lon="-96.3509929">
  <tag k="power" v="transformer"/>
 </node>
 <node id="4992049565" visible="true" version="1" changeset="50550247" timestamp="2017-07-25T08:50:38Z" user="kre3d" uid="1745406" lat="30.6163574" lon="-96.3508125">
  <tag k="power" v="transformer"/>
 </node>
 <node id="4992049566" visible="true" version="1" changeset="50550247" timestamp="2017-07-25T08:50:38Z" user="kre3d" uid="1745406" lat="30.6170955" lon="-96.3514207"/>
 <node id="4992049567" visible="true" version="1" changeset="50550247" timestamp="2017-07-25T08:50:38Z" user="kre3d" uid="1745406" lat="30.6171595" lon="-96.3513273">
  <tag k="power" v="transformer"/>
 </node>
 <node id="4992049568" visible="true" version="1" changeset="50550247" timestamp="2017-07-25T08:50:38Z" user="kre3d" uid="1745406" lat="30.6166596" lon="-96.3516091">
  <tag k="power" v="switch"/>
 </node>
 <node id="4992049569" visible="true" version="1" changeset="50550247" timestamp="2017-07-25T08:50:38Z" user="kre3d" uid="1745406" lat="30.6168992" lon="-96.3512367">
  <tag k="power" v="switch"/>
 </node>
 <node id="4992049570" visible="true" version="1" changeset="50550247" timestamp="2017-07-25T08:50:38Z" user="kre3d" uid="1745406" lat="30.6167652" lon="-96.3514168">
  <tag k="power" v="switch"/>
 </node>
 <node id="4992049571" visible="true" version="1" changeset="50550247" timestamp="2017-07-25T08:50:38Z" user="kre3d" uid="1745406" lat="30.6165824" lon="-96.3513984">
  <tag k="power" v="switch"/>
 </node>
 <node id="4992049572" visible="true" version="1" changeset="50550247" timestamp="2017-07-25T08:50:38Z" user="kre3d" uid="1745406" lat="30.6164606" lon="-96.3515765">
  <tag k="power" v="switch"/>
 </node>
 <node id="4992049573" visible="true" version="1" changeset="50550247" timestamp="2017-07-25T08:50:38Z" user="kre3d" uid="1745406" lat="30.6168528" lon="-96.3510033">
  <tag k="power" v="switch"/>
 </node>
 <node id="4992049574" visible="true" version="1" changeset="50550247" timestamp="2017-07-25T08:50:38Z" user="kre3d" uid="1745406" lat="30.6167103" lon="-96.3512115">
  <tag k="power" v="switch"/>
 </node>
 <node id="4992049575" visible="true" version="1" changeset="50550247" timestamp="2017-07-25T08:50:38Z" user="kre3d" uid="1745406" lat="30.6163582" lon="-96.3509662">
  <tag k="power" v="switch"/>
 </node>
 <node id="4992049576" visible="true" version="1" changeset="50550247" timestamp="2017-07-25T08:50:38Z" user="kre3d" uid="1745406" lat="30.6162061" lon="-96.3513984">
  <tag k="power" v="switch"/>
 </node>
 <node id="4992049577" visible="true" version="1" changeset="50550247" timestamp="2017-07-25T08:50:38Z" user="kre3d" uid="1745406" lat="30.6162673" lon="-96.3513090">
  <tag k="power" v="switch"/>
 </node>
 <node id="4992049578" visible="true" version="1" changeset="50550247" timestamp="2017-07-25T08:50:38Z" user="kre3d" uid="1745406" lat="30.6163335" lon="-96.3512123">
  <tag k="power" v="switch"/>
 </node>
 <node id="4992049579" visible="true" version="1" changeset="50550247" timestamp="2017-07-25T08:50:38Z" user="kre3d" uid="1745406" lat="30.6163933" lon="-96.3511249">
  <tag k="power" v="switch"/>
 </node>
 <node id="4992049580" visible="true" version="1" changeset="50550247" timestamp="2017-07-25T08:50:38Z" user="kre3d" uid="1745406" lat="30.6165143" lon="-96.3509481">
  <tag k="power" v="switch"/>
 </node>
 <node id="4992049581" visible="true" version="1" changeset="50550247" timestamp="2017-07-25T08:50:38Z" user="kre3d" uid="1745406" lat="30.6165791" lon="-96.3508533">
  <tag k="power" v="switch"/>
 </node>
 <node id="4992049582" visible="true" version="1" changeset="50550247" timestamp="2017-07-25T08:50:38Z" user="kre3d" uid="1745406" lat="30.6166425" lon="-96.3507606">
  <tag k="power" v="switch"/>
 </node>
 <node id="4992049583" visible="true" version="1" changeset="50550247" timestamp="2017-07-25T08:50:38Z" user="kre3d" uid="1745406" lat="30.6166312" lon="-96.3509015">
  <tag k="power" v="portal"/>
 </node>
 <node id="4992049584" visible="true" version="1" changeset="50550247" timestamp="2017-07-25T08:50:38Z" user="kre3d" uid="1745406" lat="30.6165664" lon="-96.3509962">
  <tag k="power" v="portal"/>
 </node>
 <node id="4992049585" visible="true" version="1" changeset="50550247" timestamp="2017-07-25T08:50:38Z" user="kre3d" uid="1745406" lat="30.6164454" lon="-96.3511730">
  <tag k="power" v="portal"/>
 </node>
 <node id="4992049586" visible="true" version="1" changeset="50550247" timestamp="2017-07-25T08:50:38Z" user="kre3d" uid="1745406" lat="30.6163855" lon="-96.3512605">
  <tag k="power" v="portal"/>
 </node>
 <node id="4992049587" visible="true" version="1" changeset="50550247" timestamp="2017-07-25T08:50:38Z" user="kre3d" uid="1745406" lat="30.6163194" lon="-96.3513571">
  <tag k="power" v="portal"/>
 </node>
 <node id="4992049588" visible="true" version="1" changeset="50550247" timestamp="2017-07-25T08:50:38Z" user="kre3d" uid="1745406" lat="30.6162582" lon="-96.3514466">
  <tag k="power" v="portal"/>
 </node>
 <node id="4992049589" visible="true" version="1" changeset="50550247" timestamp="2017-07-25T08:50:38Z" user="kre3d" uid="1745406" lat="30.6161362" lon="-96.3515006">
  <tag k="power" v="switch"/>
 </node>
 <node id="4992049590" visible="true" version="1" changeset="50550247" timestamp="2017-07-25T08:50:38Z" user="kre3d" uid="1745406" lat="30.6166995" lon="-96.3506774">
  <tag k="power" v="switch"/>
 </node>
 <node id="4992049591" visible="true" version="1" changeset="50550247" timestamp="2017-07-25T08:50:39Z" user="kre3d" uid="1745406" lat="30.6164911" lon="-96.3507720"/>
 <node id="4992049592" visible="true" version="1" changeset="50550247" timestamp="2017-07-25T08:50:39Z" user="kre3d" uid="1745406" lat="30.6167081" lon="-96.3509725"/>
 <node id="4992049593" visible="true" version="1" changeset="50550247" timestamp="2017-07-25T08:50:39Z" user="kre3d" uid="1745406" lat="30.6164263" lon="-96.3508667"/>
 <node id="4992049594" visible="true" version="1" changeset="50550247" timestamp="2017-07-25T08:50:39Z" user="kre3d" uid="1745406" lat="30.6166433" lon="-96.3510672"/>
 <node id="4992049595" visible="true" version="1" changeset="50550247" timestamp="2017-07-25T08:50:39Z" user="kre3d" uid="1745406" lat="30.6165223" lon="-96.3512440"/>
 <node id="4992049596" visible="true" version="1" changeset="50550247" timestamp="2017-07-25T08:50:39Z" user="kre3d" uid="1745406" lat="30.6163053" lon="-96.3510435"/>
 <node id="4992049597" visible="true" version="1" changeset="50550247" timestamp="2017-07-25T08:50:39Z" user="kre3d" uid="1745406" lat="30.6162454" lon="-96.3511310"/>
 <node id="4992049598" visible="true" version="1" changeset="50550247" timestamp="2017-07-25T08:50:39Z" user="kre3d" uid="1745406" lat="30.6164624" lon="-96.3513315"/>
 <node id="4992049599" visible="true" version="1" changeset="50550247" timestamp="2017-07-25T08:50:39Z" user="kre3d" uid="1745406" lat="30.6163963" lon="-96.3514281"/>
 <node id="4992049600" visible="true" version="1" changeset="50550247" timestamp="2017-07-25T08:50:39Z" user="kre3d" uid="1745406" lat="30.6161793" lon="-96.3512276"/>
 <node id="4992049601" visible="true" version="1" changeset="50550247" timestamp="2017-07-25T08:50:39Z" user="kre3d" uid="1745406" lat="30.6161181" lon="-96.3513171"/>
 <node id="4992049602" visible="true" version="1" changeset="50550247" timestamp="2017-07-25T08:50:39Z" user="kre3d" uid="1745406" lat="30.6163351" lon="-96.3515176"/>
 <node id="4992049603" visible="true" version="1" changeset="50550247" timestamp="2017-07-25T08:50:39Z" user="kre3d" uid="1745406" lat="30.6167715" lon="-96.3508798"/>
 <node id="4992049604" visible="true" version="1" changeset="50550247" timestamp="2017-07-25T08:50:39Z" user="kre3d" uid="1745406" lat="30.6165545" lon="-96.3506793"/>
 <node id="4992049605" visible="true" version="1" changeset="50550247" timestamp="2017-07-25T08:50:39Z" user="kre3d" uid="1745406" lat="30.6164170" lon="-96.3507259">
  <tag k="power" v="transformer"/>
 </node>
 <node id="4992049606" visible="true" version="1" changeset="50550247" timestamp="2017-07-25T08:50:39Z" user="kre3d" uid="1745406" lat="30.6160470" lon="-96.3512638">
  <tag k="power" v="transformer"/>
 </node>
 <node id="4992049607" visible="true" version="1" changeset="50550247" timestamp="2017-07-25T08:50:39Z" user="kre3d" uid="1745406" lat="30.6170245" lon="-96.3511943">
  <tag k="power" v="transformer"/>
 </node>
 <node id="4992049608" visible="true" version="1" changeset="50550247" timestamp="2017-07-25T08:50:39Z" user="kre3d" uid="1745406" lat="30.6167729" lon="-96.3511200"/>
 <node id="4992049609" visible="true" version="1" changeset="50550247" timestamp="2017-07-25T08:50:39Z" user="kre3d" uid="1745406" lat="30.6169582" lon="-96.3512912"/>
 <node id="4992049610" visible="true" version="1" changeset="50550247" timestamp="2017-07-25T08:50:39Z" user="kre3d" uid="1745406" lat="30.6166455" lon="-96.3513063"/>
 <node id="4992049611" visible="true" version="1" changeset="50550247" timestamp="2017-07-25T08:50:39Z" user="kre3d" uid="1745406" lat="30.6165240" lon="-96.3514838"/>
 <node id="4992049612" visible="true" version="1" changeset="50550247" timestamp="2017-07-25T08:50:39Z" user="kre3d" uid="1745406" lat="30.6167317" lon="-96.3516757">
  <tag k="power" v="transformer"/>
 </node>
 <node id="4992049613" visible="true" version="1" changeset="50550247" timestamp="2017-07-25T08:50:39Z" user="kre3d" uid="1745406" lat="30.6164239" lon="-96.3516301"/>
 <node id="4992049614" visible="true" version="1" changeset="50550247" timestamp="2017-07-25T08:50:39Z" user="kre3d" uid="1745406" lat="30.6169300" lon="-96.3508905"/>
 <node id="4992049615" visible="true" version="1" changeset="50550247" timestamp="2017-07-25T08:50:39Z" user="kre3d" uid="1745406" lat="30.6166114" lon="-96.3505961"/>
 <node id="4992049616" visible="true" version="1" changeset="50550247" timestamp="2017-07-25T08:50:39Z" user="kre3d" uid="1745406" lat="30.6160482" lon="-96.3514193"/>
 <node id="4992049617" visible="true" version="1" changeset="50550247" timestamp="2017-07-25T08:50:39Z" user="kre3d" uid="1745406" lat="30.6162916" lon="-96.3516442"/>
 <node id="4992049618" visible="true" version="1" changeset="50550247" timestamp="2017-07-25T08:50:39Z" user="kre3d" uid="1745406" lat="30.5960213" lon="-96.3593888"/>
 <node id="4992049619" visible="true" version="1" changeset="50550247" timestamp="2017-07-25T08:50:39Z" user="kre3d" uid="1745406" lat="30.6027350" lon="-96.3638520"/>
 <node id="4992049620" visible="true" version="1" changeset="50550247" timestamp="2017-07-25T08:50:39Z" user="kre3d" uid="1745406" lat="30.6138965" lon="-96.3508594"/>
 <node id="4992049821" visible="true" version="1" changeset="50550247" timestamp="2017-07-25T08:50:39Z" user="kre3d" uid="1745406" lat="30.6155562" lon="-96.3523480"/>
 <node id="4992049822" visible="true" version="1" changeset="50550247" timestamp="2017-07-25T08:50:39Z" user="kre3d" uid="1745406" lat="30.6161885" lon="-96.3515489"/>
 <node id="5005346512" visible="true" version="1" changeset="50725565" timestamp="2017-07-31T15:26:25Z" user="JMG3" uid="1928909" lat="30.5939532" lon="-96.3422455"/>
 <node id="5005346513" visible="true" version="2" changeset="61936325" timestamp="2018-08-24T00:43:04Z" user="user_2104173" uid="2104173" lat="30.5980922" lon="-96.3375992"/>
 <node id="5072192889" visible="true" version="2" changeset="61936325" timestamp="2018-08-24T00:43:04Z" user="user_2104173" uid="2104173" lat="30.6004199" lon="-96.3399384"/>
 <node id="5072192890" visible="true" version="2" changeset="61936325" timestamp="2018-08-24T00:43:04Z" user="user_2104173" uid="2104173" lat="30.5984765" lon="-96.3377605"/>
 <node id="5079771628" visible="true" version="2" changeset="62655940" timestamp="2018-09-17T08:06:48Z" user="user_2104173" uid="2104173" lat="30.6172937" lon="-96.3493835"/>
 <node id="5079771629" visible="true" version="2" changeset="62655940" timestamp="2018-09-17T08:06:48Z" user="user_2104173" uid="2104173" lat="30.6171818" lon="-96.3492491"/>
 <node id="5079788490" visible="true" version="2" changeset="149039503" timestamp="2024-03-23T06:59:27Z" user="kitto33" uid="14976430" lat="30.6133839" lon="-96.3511425"/>
 <node id="5079788492" visible="true" version="2" changeset="149039503" timestamp="2024-03-23T06:59:27Z" user="kitto33" uid="14976430" lat="30.6134545" lon="-96.3509270"/>
 <node id="5079788493" visible="true" version="2" changeset="149039503" timestamp="2024-03-23T06:59:27Z" user="kitto33" uid="14976430" lat="30.6134701" lon="-96.3508771"/>
 <node id="5079788494" visible="true" version="2" changeset="149039503" timestamp="2024-03-23T06:59:27Z" user="kitto33" uid="14976430" lat="30.6134748" lon="-96.3507637"/>
 <node id="5079788495" visible="true" version="2" changeset="143636964" timestamp="2023-11-05T04:04:57Z" user="kitto33" uid="14976430" lat="30.6134388" lon="-96.3506491"/>
 <node id="5133673828" visible="true" version="2" changeset="62656826" timestamp="2018-09-17T08:39:41Z" user="user_2104173" uid="2104173" lat="30.6142368" lon="-96.3449252"/>
 <node id="5133673829" visible="true" version="2" changeset="62656826" timestamp="2018-09-17T08:39:41Z" user="user_2104173" uid="2104173" lat="30.6140626" lon="-96.3449152"/>
 <node id="5133673830" visible="true" version="2" changeset="62656826" timestamp="2018-09-17T08:39:41Z" user="user_2104173" uid="2104173" lat="30.6138678" lon="-96.3448915"/>
 <node id="5133673832" visible="true" version="3" changeset="139206362" timestamp="2023-07-30T11:49:43Z" user="kitto33" uid="14976430" lat="30.6138335" lon="-96.3449002">
  <tag k="barrier" v="kerb"/>
  <tag k="kerb" v="lowered"/>
  <tag k="tactile_paving" v="yes"/>
 </node>
 <node id="5133673863" visible="true" version="2" changeset="144688376" timestamp="2023-12-02T11:25:48Z" user="kitto33" uid="14976430" lat="30.6168486" lon="-96.3465586"/>
 <node id="5133673864" visible="true" version="1" changeset="52423106" timestamp="2017-09-27T18:52:41Z" user="JMG3" uid="1928909" lat="30.6162502" lon="-96.3457287"/>
 <node id="5133673865" visible="true" version="1" changeset="52423106" timestamp="2017-09-27T18:52:41Z" user="JMG3" uid="1928909" lat="30.6162983" lon="-96.3457718"/>
 <node id="5133673866" visible="true" version="1" changeset="52423106" timestamp="2017-09-27T18:52:41Z" user="JMG3" uid="1928909" lat="30.6167394" lon="-96.3461997"/>
 <node id="5133673867" visible="true" version="1" changeset="52423106" timestamp="2017-09-27T18:52:41Z" user="JMG3" uid="1928909" lat="30.6168902" lon="-96.3463466"/>
 <node id="5133673868" visible="true" version="1" changeset="52423106" timestamp="2017-09-27T18:52:41Z" user="JMG3" uid="1928909" lat="30.6169518" lon="-96.3464096"/>
 <node id="5133673869" visible="true" version="1" changeset="52423106" timestamp="2017-09-27T18:52:41Z" user="JMG3" uid="1928909" lat="30.6167394" lon="-96.3461997"/>
 <node id="5133673870" visible="true" version="1" changeset="52423106" timestamp="2017-09-27T18:52:41Z" user="JMG3" uid="1928909" lat="30.6168902" lon="-96.3463466"/>
 <node id="5133673871" visible="true" version="1" changeset="52423106" timestamp="2017-09-27T18:52:41Z" user="JMG3" uid="1928909" lat="30.6165190" lon="-96.3459859"/>
 <node id="5133673872" visible="true" version="1" changeset="52423106" timestamp="2017-09-27T18:52:41Z" user="JMG3" uid="1928909" lat="30.6162156" lon="-96.3464954"/>
 <node id="5133673873" visible="true" version="1" changeset="52423106" timestamp="2017-09-27T18:52:41Z" user="JMG3" uid="1928909" lat="30.6160833" lon="-96.3466440"/>
 <node id="5133673874" visible="true" version="2" changeset="114665502" timestamp="2021-12-07T15:23:34Z" user="VLD182" uid="13753595" lat="30.6163107" lon="-96.3458968"/>
 <node id="5133673875" visible="true" version="2" changeset="114665502" timestamp="2021-12-07T15:23:34Z" user="VLD182" uid="13753595" lat="30.6164418" lon="-96.3461501"/>
 <node id="5133673876" visible="true" version="1" changeset="52423106" timestamp="2017-09-27T18:52:41Z" user="JMG3" uid="1928909" lat="30.6148857" lon="-96.3463134"/>
 <node id="5133673877" visible="true" version="1" changeset="52423106" timestamp="2017-09-27T18:52:41Z" user="JMG3" uid="1928909" lat="30.6148244" lon="-96.3463226"/>
 <node id="5133673878" visible="true" version="1" changeset="52423106" timestamp="2017-09-27T18:52:41Z" user="JMG3" uid="1928909" lat="30.6147612" lon="-96.3462742"/>
 <node id="5133673879" visible="true" version="1" changeset="52423106" timestamp="2017-09-27T18:52:41Z" user="JMG3" uid="1928909" lat="30.6146996" lon="-96.3462295"/>
 <node id="5133673880" visible="true" version="1" changeset="52423106" timestamp="2017-09-27T18:52:41Z" user="JMG3" uid="1928909" lat="30.6146411" lon="-96.3462116"/>
 <node id="5133673881" visible="true" version="1" changeset="52423106" timestamp="2017-09-27T18:52:41Z" user="JMG3" uid="1928909" lat="30.6145456" lon="-96.3462295"/>
 <node id="5133673882" visible="true" version="1" changeset="52423106" timestamp="2017-09-27T18:52:41Z" user="JMG3" uid="1928909" lat="30.6144979" lon="-96.3462241"/>
 <node id="5133673883" visible="true" version="1" changeset="52423106" timestamp="2017-09-27T18:52:41Z" user="JMG3" uid="1928909" lat="30.6144070" lon="-96.3461973"/>
 <node id="5133673884" visible="true" version="1" changeset="52423106" timestamp="2017-09-27T18:52:41Z" user="JMG3" uid="1928909" lat="30.6142060" lon="-96.3460087"/>
 <node id="5133756368" visible="true" version="3" changeset="90836146" timestamp="2020-09-14T02:36:43Z" user="user_11254435" uid="11254435" lat="30.6052953" lon="-96.3385922"/>
 <node id="5316740195" visible="true" version="2" changeset="93962107" timestamp="2020-11-12T03:56:43Z" user="Trevor_1" uid="3715012" lat="30.6168012" lon="-96.3487673"/>
 <node id="5316740196" visible="true" version="2" changeset="93962107" timestamp="2020-11-12T03:56:43Z" user="Trevor_1" uid="3715012" lat="30.6166655" lon="-96.3485103"/>
 <node id="5316740197" visible="true" version="1" changeset="55106820" timestamp="2018-01-02T17:25:11Z" user="JMG3" uid="1928909" lat="30.6169340" lon="-96.3482037"/>
 <node id="5316740198" visible="true" version="2" changeset="93962107" timestamp="2020-11-12T03:56:43Z" user="Trevor_1" uid="3715012" lat="30.6171429" lon="-96.3484014"/>
 <node id="5418462416" visible="true" version="3" changeset="139206362" timestamp="2023-07-30T11:49:43Z" user="kitto33" uid="14976430" lat="30.6130802" lon="-96.3448961">
  <tag k="barrier" v="kerb"/>
  <tag k="kerb" v="lowered"/>
  <tag k="tactile_paving" v="yes"/>
 </node>
 <node id="5418462417" visible="true" version="2" changeset="62656826" timestamp="2018-09-17T08:39:41Z" user="user_2104173" uid="2104173" lat="30.6131474" lon="-96.3448989"/>
 <node id="5418462418" visible="true" version="2" changeset="62656826" timestamp="2018-09-17T08:39:41Z" user="user_2104173" uid="2104173" lat="30.6132175" lon="-96.3448718"/>
 <node id="5418462419" visible="true" version="2" changeset="62656826" timestamp="2018-09-17T08:39:41Z" user="user_2104173" uid="2104173" lat="30.6132481" lon="-96.3448474"/>
 <node id="5418462522" visible="true" version="2" changeset="62656826" timestamp="2018-09-17T08:39:41Z" user="user_2104173" uid="2104173" lat="30.6135688" lon="-96.3450150"/>
 <node id="5420698824" visible="true" version="3" changeset="90836146" timestamp="2020-09-14T02:36:43Z" user="user_11254435" uid="11254435" lat="30.6065616" lon="-96.3372371"/>
 <node id="5570145926" visible="true" version="2" changeset="140728085" timestamp="2023-09-02T16:49:15Z" user="UrbanUnPlanner" uid="14692283" lat="30.6151819" lon="-96.3479524">
  <tag k="button_operated" v="yes"/>
  <tag k="crossing" v="traffic_signals"/>
  <tag k="crossing:markings" v="lines"/>
  <tag k="highway" v="crossing"/>
  <tag k="tactile_paving" v="yes"/>
 </node>
 <node id="5570145927" visible="true" version="3" changeset="143636964" timestamp="2023-11-05T04:04:57Z" user="kitto33" uid="14976430" lat="30.6152373" lon="-96.3480001">
  <tag k="button_operated" v="yes"/>
  <tag k="crossing" v="traffic_signals"/>
  <tag k="crossing:markings" v="lines"/>
  <tag k="highway" v="crossing"/>
  <tag k="tactile_paving" v="yes"/>
 </node>
 <node id="5570145928" visible="true" version="2" changeset="62655940" timestamp="2018-09-17T08:06:48Z" user="user_2104173" uid="2104173" lat="30.6164385" lon="-96.3491230"/>
 <node id="5570145929" visible="true" version="2" changeset="62655940" timestamp="2018-09-17T08:06:48Z" user="user_2104173" uid="2104173" lat="30.6163648" lon="-96.3490618"/>
 <node id="5570145930" visible="true" version="1" changeset="58301233" timestamp="2018-04-22T02:13:11Z" user="clay_c" uid="119881" lat="30.6165765" lon="-96.3476837"/>
 <node id="5570145931" visible="true" version="1" changeset="58301233" timestamp="2018-04-22T02:13:11Z" user="clay_c" uid="119881" lat="30.6162533" lon="-96.3481665"/>
 <node id="5570145932" visible="true" version="1" changeset="58301233" timestamp="2018-04-22T02:13:11Z" user="clay_c" uid="119881" lat="30.6162510" lon="-96.3480887"/>
 <node id="5570145933" visible="true" version="1" changeset="58301233" timestamp="2018-04-22T02:13:11Z" user="clay_c" uid="119881" lat="30.6166111" lon="-96.3477749"/>
 <node id="5570145934" visible="true" version="1" changeset="58301233" timestamp="2018-04-22T02:13:11Z" user="clay_c" uid="119881" lat="30.6165439" lon="-96.3475677"/>
 <node id="5570145944" visible="true" version="1" changeset="58301233" timestamp="2018-04-22T02:13:11Z" user="clay_c" uid="119881" lat="30.6127686" lon="-96.3458694"/>
 <node id="5570145945" visible="true" version="2" changeset="62655940" timestamp="2018-09-17T08:06:48Z" user="user_2104173" uid="2104173" lat="30.6125615" lon="-96.3460812"/>
 <node id="5763774468" visible="true" version="4" changeset="140700859" timestamp="2023-09-02T00:36:09Z" user="UrbanUnPlanner" uid="14692283" lat="30.6135892" lon="-96.3449150">
  <tag k="crossing" v="uncontrolled"/>
  <tag k="crossing:markings" v="surface"/>
  <tag k="highway" v="crossing"/>
  <tag k="tactile_paving" v="yes"/>
 </node>
 <node id="5763774469" visible="true" version="4" changeset="140700859" timestamp="2023-09-02T00:36:09Z" user="UrbanUnPlanner" uid="14692283" lat="30.6134687" lon="-96.3449609">
  <tag k="crossing" v="uncontrolled"/>
  <tag k="crossing:markings" v="surface"/>
  <tag k="highway" v="crossing"/>
  <tag k="tactile_paving" v="yes"/>
 </node>
 <node id="5850816198" visible="true" version="1" changeset="61911081" timestamp="2018-08-23T07:02:40Z" user="user_2104173" uid="2104173" lat="30.6099978" lon="-96.3708521"/>
 <node id="5850816202" visible="true" version="1" changeset="61911081" timestamp="2018-08-23T07:02:40Z" user="user_2104173" uid="2104173" lat="30.5997000" lon="-96.3616466"/>
 <node id="5850816204" visible="true" version="1" changeset="61911081" timestamp="2018-08-23T07:02:40Z" user="user_2104173" uid="2104173" lat="30.5973828" lon="-96.3598568"/>
 <node id="5850816205" visible="true" version="1" changeset="61911081" timestamp="2018-08-23T07:02:40Z" user="user_2104173" uid="2104173" lat="30.5941040" lon="-96.3562077"/>
 <node id="5850816207" visible="true" version="1" changeset="61911081" timestamp="2018-08-23T07:02:40Z" user="user_2104173" uid="2104173" lat="30.5924735" lon="-96.3539640"/>
 <node id="5850816208" visible="true" version="1" changeset="61911081" timestamp="2018-08-23T07:02:40Z" user="user_2104173" uid="2104173" lat="30.5901425" lon="-96.3503185"/>
 <node id="5850816209" visible="true" version="1" changeset="61911081" timestamp="2018-08-23T07:02:40Z" user="user_2104173" uid="2104173" lat="30.5895082" lon="-96.3495691"/>
 <node id="5852540824" visible="true" version="2" changeset="90836146" timestamp="2020-09-14T02:36:43Z" user="user_11254435" uid="11254435" lat="30.6239257" lon="-96.3305434"/>
 <node id="5852540827" visible="true" version="2" changeset="90836146" timestamp="2020-09-14T02:36:43Z" user="user_11254435" uid="11254435" lat="30.6218286" lon="-96.3279283"/>
 <node id="5852540828" visible="true" version="2" changeset="90836146" timestamp="2020-09-14T02:36:43Z" user="user_11254435" uid="11254435" lat="30.6185085" lon="-96.3237716"/>
 <node id="5852540830" visible="true" version="2" changeset="90836146" timestamp="2020-09-14T02:36:43Z" user="user_11254435" uid="11254435" lat="30.6149650" lon="-96.3278668"/>
 <node id="5852540831" visible="true" version="2" changeset="90836146" timestamp="2020-09-14T02:36:43Z" user="user_11254435" uid="11254435" lat="30.6138104" lon="-96.3292994"/>
 <node id="5852540833" visible="true" version="2" changeset="90836146" timestamp="2020-09-14T02:36:43Z" user="user_11254435" uid="11254435" lat="30.6133656" lon="-96.3298215"/>
 <node id="5852540834" visible="true" version="2" changeset="90836146" timestamp="2020-09-14T02:36:43Z" user="user_11254435" uid="11254435" lat="30.6122750" lon="-96.3310211"/>
 <node id="5852540885" visible="true" version="2" changeset="90836146" timestamp="2020-09-14T02:36:43Z" user="user_11254435" uid="11254435" lat="30.6092048" lon="-96.3343861"/>
 <node id="5852540886" visible="true" version="2" changeset="90836146" timestamp="2020-09-14T02:36:43Z" user="user_11254435" uid="11254435" lat="30.6088103" lon="-96.3348978"/>
 <node id="5852540887" visible="true" version="3" changeset="90836146" timestamp="2020-09-14T02:36:43Z" user="user_11254435" uid="11254435" lat="30.6084662" lon="-96.3353349"/>
 <node id="5852540888" visible="true" version="2" changeset="90836146" timestamp="2020-09-14T02:36:43Z" user="user_11254435" uid="11254435" lat="30.6082655" lon="-96.3355729"/>
 <node id="5852540890" visible="true" version="2" changeset="90836146" timestamp="2020-09-14T02:36:43Z" user="user_11254435" uid="11254435" lat="30.6070490" lon="-96.3368322"/>
 <node id="5852540895" visible="true" version="2" changeset="90836146" timestamp="2020-09-14T02:36:43Z" user="user_11254435" uid="11254435" lat="30.6058657" lon="-96.3379679"/>
 <node id="5852540920" visible="true" version="1" changeset="61936325" timestamp="2018-08-24T00:43:02Z" user="user_2104173" uid="2104173" lat="30.5996852" lon="-96.3391241"/>
 <node id="5852540922" visible="true" version="1" changeset="61936325" timestamp="2018-08-24T00:43:02Z" user="user_2104173" uid="2104173" lat="30.5968567" lon="-96.3389688"/>
 <node id="5852846625" visible="true" version="1" changeset="61938315" timestamp="2018-08-24T03:31:16Z" user="user_2104173" uid="2104173" lat="30.6159120" lon="-96.3434614"/>
 <node id="5852846626" visible="true" version="1" changeset="61938315" timestamp="2018-08-24T03:31:16Z" user="user_2104173" uid="2104173" lat="30.6159166" lon="-96.3434204"/>
 <node id="5910669805" visible="true" version="1" changeset="62649687" timestamp="2018-09-17T01:38:33Z" user="hstremcha" uid="8698449" lat="30.6132587" lon="-96.3480782">
  <tag k="leisure" v="sports_centre"/>
  <tag k="name" v="Texas A&amp;M Weightlifting"/>
  <tag k="sport" v="weightlifting;crossfit"/>
 </node>
 <node id="5911168203" visible="true" version="1" changeset="62655940" timestamp="2018-09-17T08:06:45Z" user="user_2104173" uid="2104173" lat="30.6172179" lon="-96.3500105"/>
 <node id="5911168204" visible="true" version="1" changeset="62655940" timestamp="2018-09-17T08:06:45Z" user="user_2104173" uid="2104173" lat="30.6173956" lon="-96.3501289"/>
 <node id="5911168205" visible="true" version="1" changeset="62655940" timestamp="2018-09-17T08:06:45Z" user="user_2104173" uid="2104173" lat="30.6174809" lon="-96.3501913"/>
 <node id="5911168206" visible="true" version="1" changeset="62655940" timestamp="2018-09-17T08:06:45Z" user="user_2104173" uid="2104173" lat="30.6175645" lon="-96.3502567"/>
 <node id="5911168207" visible="true" version="1" changeset="62655940" timestamp="2018-09-17T08:06:45Z" user="user_2104173" uid="2104173" lat="30.6177536" lon="-96.3504157"/>
 <node id="5911168208" visible="true" version="1" changeset="62655940" timestamp="2018-09-17T08:06:45Z" user="user_2104173" uid="2104173" lat="30.6161874" lon="-96.3490287"/>
 <node id="5911168210" visible="true" version="1" changeset="62655940" timestamp="2018-09-17T08:06:45Z" user="user_2104173" uid="2104173" lat="30.6174300" lon="-96.3498899"/>
 <node id="5911168211" visible="true" version="1" changeset="62655940" timestamp="2018-09-17T08:06:45Z" user="user_2104173" uid="2104173" lat="30.6175669" lon="-96.3499971"/>
 <node id="5911168212" visible="true" version="1" changeset="62655940" timestamp="2018-09-17T08:06:45Z" user="user_2104173" uid="2104173" lat="30.6172748" lon="-96.3493534"/>
 <node id="5911168213" visible="true" version="1" changeset="62655940" timestamp="2018-09-17T08:06:45Z" user="user_2104173" uid="2104173" lat="30.6172841" lon="-96.3493435"/>
 <node id="5911168214" visible="true" version="1" changeset="62655940" timestamp="2018-09-17T08:06:45Z" user="user_2104173" uid="2104173" lat="30.6172060" lon="-96.3492482"/>
 <node id="5911168215" visible="true" version="1" changeset="62655940" timestamp="2018-09-17T08:06:45Z" user="user_2104173" uid="2104173" lat="30.6171939" lon="-96.3492632"/>
 <node id="5911168216" visible="true" version="1" changeset="62655940" timestamp="2018-09-17T08:06:45Z" user="user_2104173" uid="2104173" lat="30.6171814" lon="-96.3491497"/>
 <node id="5911168217" visible="true" version="1" changeset="62655940" timestamp="2018-09-17T08:06:45Z" user="user_2104173" uid="2104173" lat="30.6171712" lon="-96.3492653"/>
 <node id="5911168218" visible="true" version="1" changeset="62655940" timestamp="2018-09-17T08:06:45Z" user="user_2104173" uid="2104173" lat="30.6171609" lon="-96.3492545"/>
 <node id="5911168219" visible="true" version="1" changeset="62655940" timestamp="2018-09-17T08:06:45Z" user="user_2104173" uid="2104173" lat="30.6171671" lon="-96.3492433"/>
 <node id="5911168220" visible="true" version="1" changeset="62655940" timestamp="2018-09-17T08:06:45Z" user="user_2104173" uid="2104173" lat="30.6171382" lon="-96.3492064"/>
 <node id="5911168221" visible="true" version="1" changeset="62655940" timestamp="2018-09-17T08:06:45Z" user="user_2104173" uid="2104173" lat="30.6171369" lon="-96.3491660"/>
 <node id="5911168222" visible="true" version="1" changeset="62655940" timestamp="2018-09-17T08:06:45Z" user="user_2104173" uid="2104173" lat="30.6171760" lon="-96.3494818"/>
 <node id="5911168223" visible="true" version="1" changeset="62655940" timestamp="2018-09-17T08:06:45Z" user="user_2104173" uid="2104173" lat="30.6171665" lon="-96.3494962"/>
 <node id="5911168224" visible="true" version="1" changeset="62655940" timestamp="2018-09-17T08:06:45Z" user="user_2104173" uid="2104173" lat="30.6170751" lon="-96.3493883"/>
 <node id="5911168225" visible="true" version="1" changeset="62655940" timestamp="2018-09-17T08:06:45Z" user="user_2104173" uid="2104173" lat="30.6170684" lon="-96.3493955"/>
 <node id="5911168226" visible="true" version="1" changeset="62655940" timestamp="2018-09-17T08:06:45Z" user="user_2104173" uid="2104173" lat="30.6169935" lon="-96.3493073"/>
 <node id="5911168227" visible="true" version="1" changeset="62655940" timestamp="2018-09-17T08:06:45Z" user="user_2104173" uid="2104173" lat="30.6169786" lon="-96.3493259"/>
 <node id="5911168228" visible="true" version="1" changeset="62655940" timestamp="2018-09-17T08:06:45Z" user="user_2104173" uid="2104173" lat="30.6169671" lon="-96.3491544"/>
 <node id="5911168229" visible="true" version="1" changeset="62655940" timestamp="2018-09-17T08:06:45Z" user="user_2104173" uid="2104173" lat="30.6169862" lon="-96.3491762"/>
 <node id="5911168230" visible="true" version="1" changeset="62655940" timestamp="2018-09-17T08:06:45Z" user="user_2104173" uid="2104173" lat="30.6169916" lon="-96.3491672"/>
 <node id="5911168231" visible="true" version="1" changeset="62655940" timestamp="2018-09-17T08:06:45Z" user="user_2104173" uid="2104173" lat="30.6169573" lon="-96.3491192"/>
 <node id="5911168232" visible="true" version="1" changeset="62655940" timestamp="2018-09-17T08:06:45Z" user="user_2104173" uid="2104173" lat="30.6169944" lon="-96.3490753"/>
 <node id="5911168233" visible="true" version="1" changeset="62655940" timestamp="2018-09-17T08:06:45Z" user="user_2104173" uid="2104173" lat="30.6169841" lon="-96.3490612"/>
 <node id="5911168234" visible="true" version="1" changeset="62655940" timestamp="2018-09-17T08:06:45Z" user="user_2104173" uid="2104173" lat="30.6170008" lon="-96.3490367"/>
 <node id="5911168235" visible="true" version="1" changeset="62655940" timestamp="2018-09-17T08:06:45Z" user="user_2104173" uid="2104173" lat="30.6169937" lon="-96.3490285"/>
 <node id="5911168236" visible="true" version="1" changeset="62655940" timestamp="2018-09-17T08:06:45Z" user="user_2104173" uid="2104173" lat="30.6172447" lon="-96.3487457"/>
 <node id="5911168237" visible="true" version="1" changeset="62655940" timestamp="2018-09-17T08:06:45Z" user="user_2104173" uid="2104173" lat="30.6172617" lon="-96.3487683"/>
 <node id="5911168238" visible="true" version="1" changeset="62655940" timestamp="2018-09-17T08:06:45Z" user="user_2104173" uid="2104173" lat="30.6172803" lon="-96.3487468"/>
 <node id="5911168239" visible="true" version="1" changeset="62655940" timestamp="2018-09-17T08:06:45Z" user="user_2104173" uid="2104173" lat="30.6172613" lon="-96.3487244"/>
 <node id="5911168240" visible="true" version="1" changeset="62655940" timestamp="2018-09-17T08:06:45Z" user="user_2104173" uid="2104173" lat="30.6173140" lon="-96.3486643"/>
 <node id="5911168241" visible="true" version="1" changeset="62655940" timestamp="2018-09-17T08:06:45Z" user="user_2104173" uid="2104173" lat="30.6173233" lon="-96.3486722"/>
 <node id="5911168242" visible="true" version="1" changeset="62655940" timestamp="2018-09-17T08:06:45Z" user="user_2104173" uid="2104173" lat="30.6174969" lon="-96.3487584"/>
 <node id="5911168243" visible="true" version="1" changeset="62655940" timestamp="2018-09-17T08:06:45Z" user="user_2104173" uid="2104173" lat="30.6174918" lon="-96.3487681"/>
 <node id="5911168244" visible="true" version="1" changeset="62655940" timestamp="2018-09-17T08:06:45Z" user="user_2104173" uid="2104173" lat="30.6174993" lon="-96.3487747"/>
 <node id="5911168245" visible="true" version="1" changeset="62655940" timestamp="2018-09-17T08:06:45Z" user="user_2104173" uid="2104173" lat="30.6175106" lon="-96.3487586"/>
 <node id="5911168246" visible="true" version="1" changeset="62655940" timestamp="2018-09-17T08:06:45Z" user="user_2104173" uid="2104173" lat="30.6176101" lon="-96.3488491"/>
 <node id="5911168247" visible="true" version="1" changeset="62655940" timestamp="2018-09-17T08:06:45Z" user="user_2104173" uid="2104173" lat="30.6176318" lon="-96.3488689"/>
 <node id="5911168248" visible="true" version="1" changeset="62655940" timestamp="2018-09-17T08:06:45Z" user="user_2104173" uid="2104173" lat="30.6176165" lon="-96.3488845"/>
 <node id="5911168249" visible="true" version="1" changeset="62655940" timestamp="2018-09-17T08:06:45Z" user="user_2104173" uid="2104173" lat="30.6176001" lon="-96.3488668"/>
 <node id="5911168250" visible="true" version="1" changeset="62655940" timestamp="2018-09-17T08:06:45Z" user="user_2104173" uid="2104173" lat="30.6177306" lon="-96.3489587"/>
 <node id="5911168251" visible="true" version="1" changeset="62655940" timestamp="2018-09-17T08:06:45Z" user="user_2104173" uid="2104173" lat="30.6177510" lon="-96.3489773"/>
 <node id="5911168252" visible="true" version="1" changeset="62655940" timestamp="2018-09-17T08:06:45Z" user="user_2104173" uid="2104173" lat="30.6177377" lon="-96.3489965"/>
 <node id="5911168253" visible="true" version="1" changeset="62655940" timestamp="2018-09-17T08:06:45Z" user="user_2104173" uid="2104173" lat="30.6177210" lon="-96.3489783"/>
 <node id="5911168254" visible="true" version="1" changeset="62655940" timestamp="2018-09-17T08:06:45Z" user="user_2104173" uid="2104173" lat="30.6178485" lon="-96.3490660"/>
 <node id="5911168255" visible="true" version="1" changeset="62655940" timestamp="2018-09-17T08:06:45Z" user="user_2104173" uid="2104173" lat="30.6179339" lon="-96.3491437"/>
 <node id="5911168256" visible="true" version="1" changeset="62655940" timestamp="2018-09-17T08:06:45Z" user="user_2104173" uid="2104173" lat="30.6179238" lon="-96.3491566"/>
 <node id="5911168257" visible="true" version="1" changeset="62655940" timestamp="2018-09-17T08:06:45Z" user="user_2104173" uid="2104173" lat="30.6178397" lon="-96.3490800"/>
 <node id="5911168258" visible="true" version="1" changeset="62655940" timestamp="2018-09-17T08:06:45Z" user="user_2104173" uid="2104173" lat="30.6180312" lon="-96.3492322"/>
 <node id="5911168259" visible="true" version="1" changeset="62655940" timestamp="2018-09-17T08:06:45Z" user="user_2104173" uid="2104173" lat="30.6180524" lon="-96.3492515"/>
 <node id="5911168260" visible="true" version="1" changeset="62655940" timestamp="2018-09-17T08:06:45Z" user="user_2104173" uid="2104173" lat="30.6180374" lon="-96.3492674"/>
 <node id="5911168261" visible="true" version="1" changeset="62655940" timestamp="2018-09-17T08:06:45Z" user="user_2104173" uid="2104173" lat="30.6180180" lon="-96.3492491"/>
 <node id="5911168262" visible="true" version="1" changeset="62655940" timestamp="2018-09-17T08:06:45Z" user="user_2104173" uid="2104173" lat="30.6181490" lon="-96.3493394"/>
 <node id="5911168263" visible="true" version="1" changeset="62655940" timestamp="2018-09-17T08:06:45Z" user="user_2104173" uid="2104173" lat="30.6181723" lon="-96.3493606"/>
 <node id="5911168264" visible="true" version="1" changeset="62655940" timestamp="2018-09-17T08:06:45Z" user="user_2104173" uid="2104173" lat="30.6181563" lon="-96.3493784"/>
 <node id="5911168265" visible="true" version="1" changeset="62655940" timestamp="2018-09-17T08:06:45Z" user="user_2104173" uid="2104173" lat="30.6181363" lon="-96.3493596"/>
 <node id="5911168266" visible="true" version="1" changeset="62655940" timestamp="2018-09-17T08:06:45Z" user="user_2104173" uid="2104173" lat="30.6182696" lon="-96.3494491"/>
 <node id="5911168267" visible="true" version="1" changeset="62655940" timestamp="2018-09-17T08:06:45Z" user="user_2104173" uid="2104173" lat="30.6182924" lon="-96.3494699"/>
 <node id="5911168268" visible="true" version="1" changeset="62655940" timestamp="2018-09-17T08:06:46Z" user="user_2104173" uid="2104173" lat="30.6182772" lon="-96.3494872"/>
 <node id="5911168269" visible="true" version="1" changeset="62655940" timestamp="2018-09-17T08:06:46Z" user="user_2104173" uid="2104173" lat="30.6182577" lon="-96.3494660"/>
 <node id="5911168270" visible="true" version="1" changeset="62655940" timestamp="2018-09-17T08:06:46Z" user="user_2104173" uid="2104173" lat="30.6184338" lon="-96.3496263"/>
 <node id="5911168271" visible="true" version="1" changeset="62655940" timestamp="2018-09-17T08:06:46Z" user="user_2104173" uid="2104173" lat="30.6184440" lon="-96.3496370"/>
 <node id="5911168272" visible="true" version="1" changeset="62655940" timestamp="2018-09-17T08:06:46Z" user="user_2104173" uid="2104173" lat="30.6183534" lon="-96.3497425"/>
 <node id="5911168273" visible="true" version="1" changeset="62655940" timestamp="2018-09-17T08:06:46Z" user="user_2104173" uid="2104173" lat="30.6183458" lon="-96.3497578"/>
 <node id="5911168274" visible="true" version="1" changeset="62655940" timestamp="2018-09-17T08:06:46Z" user="user_2104173" uid="2104173" lat="30.6174189" lon="-96.3488693"/>
 <node id="5911168275" visible="true" version="1" changeset="62655940" timestamp="2018-09-17T08:06:46Z" user="user_2104173" uid="2104173" lat="30.6174398" lon="-96.3488901"/>
 <node id="5911168276" visible="true" version="1" changeset="62655940" timestamp="2018-09-17T08:06:46Z" user="user_2104173" uid="2104173" lat="30.6173458" lon="-96.3489602"/>
 <node id="5911168277" visible="true" version="1" changeset="62655940" timestamp="2018-09-17T08:06:46Z" user="user_2104173" uid="2104173" lat="30.6173167" lon="-96.3489911"/>
 <node id="5911168278" visible="true" version="1" changeset="62655940" timestamp="2018-09-17T08:06:46Z" user="user_2104173" uid="2104173" lat="30.6173269" lon="-96.3489392"/>
 <node id="5911168279" visible="true" version="1" changeset="62655940" timestamp="2018-09-17T08:06:46Z" user="user_2104173" uid="2104173" lat="30.6173005" lon="-96.3489702"/>
 <node id="5911168280" visible="true" version="1" changeset="62655940" timestamp="2018-09-17T08:06:46Z" user="user_2104173" uid="2104173" lat="30.6171679" lon="-96.3491356"/>
 <node id="5911168283" visible="true" version="1" changeset="62655940" timestamp="2018-09-17T08:06:46Z" user="user_2104173" uid="2104173" lat="30.6164502" lon="-96.3488792"/>
 <node id="5911168284" visible="true" version="1" changeset="62655940" timestamp="2018-09-17T08:06:46Z" user="user_2104173" uid="2104173" lat="30.6164670" lon="-96.3487802"/>
 <node id="5911168385" visible="true" version="1" changeset="62655940" timestamp="2018-09-17T08:06:46Z" user="user_2104173" uid="2104173" lat="30.6164614" lon="-96.3486766"/>
 <node id="5911168386" visible="true" version="1" changeset="62655940" timestamp="2018-09-17T08:06:46Z" user="user_2104173" uid="2104173" lat="30.6164491" lon="-96.3486301"/>
 <node id="5911168387" visible="true" version="1" changeset="62655940" timestamp="2018-09-17T08:06:46Z" user="user_2104173" uid="2104173" lat="30.6163894" lon="-96.3485125"/>
 <node id="5911168388" visible="true" version="1" changeset="62655940" timestamp="2018-09-17T08:06:46Z" user="user_2104173" uid="2104173" lat="30.6163293" lon="-96.3484467"/>
 <node id="5911168389" visible="true" version="3" changeset="143636964" timestamp="2023-11-05T04:04:57Z" user="kitto33" uid="14976430" lat="30.6161186" lon="-96.3482681">
  <tag k="crossing" v="uncontrolled"/>
  <tag k="crossing:markings" v="lines"/>
  <tag k="highway" v="crossing"/>
  <tag k="tactile_paving" v="yes"/>
 </node>
 <node id="5911168390" visible="true" version="1" changeset="62655940" timestamp="2018-09-17T08:06:46Z" user="user_2104173" uid="2104173" lat="30.6160959" lon="-96.3482630"/>
 <node id="5911168391" visible="true" version="1" changeset="62655940" timestamp="2018-09-17T08:06:46Z" user="user_2104173" uid="2104173" lat="30.6165054" lon="-96.3490011"/>
 <node id="5911168392" visible="true" version="1" changeset="62655940" timestamp="2018-09-17T08:06:46Z" user="user_2104173" uid="2104173" lat="30.6165258" lon="-96.3489509"/>
 <node id="5911168393" visible="true" version="1" changeset="62655940" timestamp="2018-09-17T08:06:46Z" user="user_2104173" uid="2104173" lat="30.6165553" lon="-96.3488456"/>
 <node id="5911168394" visible="true" version="1" changeset="62655940" timestamp="2018-09-17T08:06:46Z" user="user_2104173" uid="2104173" lat="30.6165627" lon="-96.3487965"/>
 <node id="5911168395" visible="true" version="1" changeset="62655940" timestamp="2018-09-17T08:06:46Z" user="user_2104173" uid="2104173" lat="30.6165595" lon="-96.3487004"/>
 <node id="5911168396" visible="true" version="1" changeset="62655940" timestamp="2018-09-17T08:06:46Z" user="user_2104173" uid="2104173" lat="30.6165354" lon="-96.3485896"/>
 <node id="5911168397" visible="true" version="1" changeset="62655940" timestamp="2018-09-17T08:06:46Z" user="user_2104173" uid="2104173" lat="30.6164331" lon="-96.3484033"/>
 <node id="5911168398" visible="true" version="1" changeset="62655940" timestamp="2018-09-17T08:06:46Z" user="user_2104173" uid="2104173" lat="30.6163508" lon="-96.3483190"/>
 <node id="5911168399" visible="true" version="1" changeset="62655940" timestamp="2018-09-17T08:06:46Z" user="user_2104173" uid="2104173" lat="30.6162674" lon="-96.3482074"/>
 <node id="5911168400" visible="true" version="1" changeset="62655940" timestamp="2018-09-17T08:06:46Z" user="user_2104173" uid="2104173" lat="30.6162479" lon="-96.3481251"/>
 <node id="5911168401" visible="true" version="1" changeset="62655940" timestamp="2018-09-17T08:06:46Z" user="user_2104173" uid="2104173" lat="30.6165167" lon="-96.3485392"/>
 <node id="5911168402" visible="true" version="1" changeset="62655940" timestamp="2018-09-17T08:06:46Z" user="user_2104173" uid="2104173" lat="30.6164662" lon="-96.3484477"/>
 <node id="5911168403" visible="true" version="1" changeset="62655940" timestamp="2018-09-17T08:06:46Z" user="user_2104173" uid="2104173" lat="30.6163144" lon="-96.3482789"/>
 <node id="5911168404" visible="true" version="1" changeset="62655940" timestamp="2018-09-17T08:06:46Z" user="user_2104173" uid="2104173" lat="30.6134490" lon="-96.3461804"/>
 <node id="5911168405" visible="true" version="1" changeset="62655940" timestamp="2018-09-17T08:06:46Z" user="user_2104173" uid="2104173" lat="30.6140531" lon="-96.3452994"/>
 <node id="5911168406" visible="true" version="1" changeset="62655940" timestamp="2018-09-17T08:06:46Z" user="user_2104173" uid="2104173" lat="30.6140640" lon="-96.3452742"/>
 <node id="5911168407" visible="true" version="1" changeset="62655940" timestamp="2018-09-17T08:06:46Z" user="user_2104173" uid="2104173" lat="30.6136531" lon="-96.3462918"/>
 <node id="5911168408" visible="true" version="1" changeset="62655940" timestamp="2018-09-17T08:06:46Z" user="user_2104173" uid="2104173" lat="30.6136510" lon="-96.3463085"/>
 <node id="5911168409" visible="true" version="1" changeset="62655940" timestamp="2018-09-17T08:06:46Z" user="user_2104173" uid="2104173" lat="30.6136533" lon="-96.3463283"/>
 <node id="5911168410" visible="true" version="1" changeset="62655940" timestamp="2018-09-17T08:06:46Z" user="user_2104173" uid="2104173" lat="30.6136639" lon="-96.3463565"/>
 <node id="5911168411" visible="true" version="1" changeset="62655940" timestamp="2018-09-17T08:06:46Z" user="user_2104173" uid="2104173" lat="30.6136568" lon="-96.3463419"/>
 <node id="5911168412" visible="true" version="1" changeset="62655940" timestamp="2018-09-17T08:06:46Z" user="user_2104173" uid="2104173" lat="30.6136714" lon="-96.3462529"/>
 <node id="5911168413" visible="true" version="1" changeset="62655940" timestamp="2018-09-17T08:06:46Z" user="user_2104173" uid="2104173" lat="30.6133308" lon="-96.3464030"/>
 <node id="5911168414" visible="true" version="1" changeset="62655940" timestamp="2018-09-17T08:06:46Z" user="user_2104173" uid="2104173" lat="30.6134288" lon="-96.3462579"/>
 <node id="5911168415" visible="true" version="1" changeset="62655940" timestamp="2018-09-17T08:06:46Z" user="user_2104173" uid="2104173" lat="30.6134266" lon="-96.3462906"/>
 <node id="5911168416" visible="true" version="1" changeset="62655940" timestamp="2018-09-17T08:06:46Z" user="user_2104173" uid="2104173" lat="30.6134325" lon="-96.3463190"/>
 <node id="5911168417" visible="true" version="1" changeset="62655940" timestamp="2018-09-17T08:06:46Z" user="user_2104173" uid="2104173" lat="30.6134442" lon="-96.3463547"/>
 <node id="5911168418" visible="true" version="1" changeset="62655940" timestamp="2018-09-17T08:06:46Z" user="user_2104173" uid="2104173" lat="30.6134643" lon="-96.3463930"/>
 <node id="5911168419" visible="true" version="1" changeset="62655940" timestamp="2018-09-17T08:06:46Z" user="user_2104173" uid="2104173" lat="30.6134623" lon="-96.3465272"/>
 <node id="5911168420" visible="true" version="1" changeset="62655940" timestamp="2018-09-17T08:06:46Z" user="user_2104173" uid="2104173" lat="30.6134038" lon="-96.3462085"/>
 <node id="5911168421" visible="true" version="1" changeset="62655940" timestamp="2018-09-17T08:06:46Z" user="user_2104173" uid="2104173" lat="30.6133751" lon="-96.3462233"/>
 <node id="5911168422" visible="true" version="1" changeset="62655940" timestamp="2018-09-17T08:06:46Z" user="user_2104173" uid="2104173" lat="30.6133486" lon="-96.3462338"/>
 <node id="5911168423" visible="true" version="1" changeset="62655940" timestamp="2018-09-17T08:06:46Z" user="user_2104173" uid="2104173" lat="30.6133263" lon="-96.3462369"/>
 <node id="5911168424" visible="true" version="1" changeset="62655940" timestamp="2018-09-17T08:06:46Z" user="user_2104173" uid="2104173" lat="30.6133002" lon="-96.3462394"/>
 <node id="5911168425" visible="true" version="1" changeset="62655940" timestamp="2018-09-17T08:06:46Z" user="user_2104173" uid="2104173" lat="30.6131561" lon="-96.3462372"/>
 <node id="5911168426" visible="true" version="1" changeset="62655940" timestamp="2018-09-17T08:06:46Z" user="user_2104173" uid="2104173" lat="30.6138581" lon="-96.3453038"/>
 <node id="5911168427" visible="true" version="1" changeset="62655940" timestamp="2018-09-17T08:06:46Z" user="user_2104173" uid="2104173" lat="30.6131607" lon="-96.3457035"/>
 <node id="5911168428" visible="true" version="1" changeset="62655940" timestamp="2018-09-17T08:06:46Z" user="user_2104173" uid="2104173" lat="30.6134087" lon="-96.3455825"/>
 <node id="5911168429" visible="true" version="1" changeset="62655940" timestamp="2018-09-17T08:06:46Z" user="user_2104173" uid="2104173" lat="30.6129935" lon="-96.3457906"/>
 <node id="5911168430" visible="true" version="1" changeset="62655940" timestamp="2018-09-17T08:06:46Z" user="user_2104173" uid="2104173" lat="30.6130350" lon="-96.3458244"/>
 <node id="5911168431" visible="true" version="1" changeset="62655940" timestamp="2018-09-17T08:06:46Z" user="user_2104173" uid="2104173" lat="30.6133460" lon="-96.3461071"/>
 <node id="5911168432" visible="true" version="1" changeset="62655940" timestamp="2018-09-17T08:06:46Z" user="user_2104173" uid="2104173" lat="30.6133842" lon="-96.3461442"/>
 <node id="5911168433" visible="true" version="1" changeset="62655940" timestamp="2018-09-17T08:06:46Z" user="user_2104173" uid="2104173" lat="30.6134457" lon="-96.3460556"/>
 <node id="5911168434" visible="true" version="1" changeset="62655940" timestamp="2018-09-17T08:06:46Z" user="user_2104173" uid="2104173" lat="30.6134062" lon="-96.3460199"/>
 <node id="5911168435" visible="true" version="1" changeset="62655940" timestamp="2018-09-17T08:06:46Z" user="user_2104173" uid="2104173" lat="30.6134507" lon="-96.3459569"/>
 <node id="5911168436" visible="true" version="1" changeset="62655940" timestamp="2018-09-17T08:06:46Z" user="user_2104173" uid="2104173" lat="30.6134902" lon="-96.3459922"/>
 <node id="5911168437" visible="true" version="1" changeset="62655940" timestamp="2018-09-17T08:06:46Z" user="user_2104173" uid="2104173" lat="30.6136635" lon="-96.3457533"/>
 <node id="5911168438" visible="true" version="1" changeset="62655940" timestamp="2018-09-17T08:06:46Z" user="user_2104173" uid="2104173" lat="30.6136219" lon="-96.3457122"/>
 <node id="5911168439" visible="true" version="1" changeset="62655940" timestamp="2018-09-17T08:06:46Z" user="user_2104173" uid="2104173" lat="30.6136987" lon="-96.3456009"/>
 <node id="5911168440" visible="true" version="1" changeset="62655940" timestamp="2018-09-17T08:06:46Z" user="user_2104173" uid="2104173" lat="30.6137408" lon="-96.3456421"/>
 <node id="5911168441" visible="true" version="1" changeset="62655940" timestamp="2018-09-17T08:06:46Z" user="user_2104173" uid="2104173" lat="30.6138970" lon="-96.3453072"/>
 <node id="5911168442" visible="true" version="1" changeset="62655940" timestamp="2018-09-17T08:06:46Z" user="user_2104173" uid="2104173" lat="30.6139051" lon="-96.3453003"/>
 <node id="5911168443" visible="true" version="1" changeset="62655940" timestamp="2018-09-17T08:06:46Z" user="user_2104173" uid="2104173" lat="30.6139562" lon="-96.3453099"/>
 <node id="5911234424" visible="true" version="4" changeset="140700859" timestamp="2023-09-02T00:36:09Z" user="UrbanUnPlanner" uid="14692283" lat="30.6132911" lon="-96.3447886">
  <tag k="crossing" v="uncontrolled"/>
  <tag k="crossing:markings" v="surface"/>
  <tag k="highway" v="crossing"/>
  <tag k="tactile_paving" v="yes"/>
 </node>
 <node id="5911234425" visible="true" version="2" changeset="139206362" timestamp="2023-07-30T11:49:43Z" user="kitto33" uid="14976430" lat="30.6132695" lon="-96.3448239">
  <tag k="barrier" v="kerb"/>
  <tag k="kerb" v="lowered"/>
  <tag k="tactile_paving" v="yes"/>
 </node>
 <node id="5911234426" visible="true" version="1" changeset="62656826" timestamp="2018-09-17T08:39:38Z" user="user_2104173" uid="2104173" lat="30.6131836" lon="-96.3448891"/>
 <node id="5911234427" visible="true" version="1" changeset="62656826" timestamp="2018-09-17T08:39:38Z" user="user_2104173" uid="2104173" lat="30.6131103" lon="-96.3449007"/>
 <node id="5911234440" visible="true" version="1" changeset="62656826" timestamp="2018-09-17T08:39:38Z" user="user_2104173" uid="2104173" lat="30.6132241" lon="-96.3447489"/>
 <node id="5911234450" visible="true" version="1" changeset="62656826" timestamp="2018-09-17T08:39:39Z" user="user_2104173" uid="2104173" lat="30.6141372" lon="-96.3449233"/>
 <node id="5911234451" visible="true" version="2" changeset="139206362" timestamp="2023-07-30T11:49:43Z" user="kitto33" uid="14976430" lat="30.6136680" lon="-96.3448591">
  <tag k="barrier" v="kerb"/>
  <tag k="kerb" v="lowered"/>
  <tag k="tactile_paving" v="yes"/>
 </node>
 <node id="5911234452" visible="true" version="1" changeset="62656826" timestamp="2018-09-17T08:39:39Z" user="user_2104173" uid="2104173" lat="30.6137291" lon="-96.3449527"/>
 <node id="5911234453" visible="true" version="1" changeset="62656826" timestamp="2018-09-17T08:39:39Z" user="user_2104173" uid="2104173" lat="30.6139090" lon="-96.3449886"/>
 <node id="5911234454" visible="true" version="1" changeset="62656826" timestamp="2018-09-17T08:39:39Z" user="user_2104173" uid="2104173" lat="30.6140265" lon="-96.3450047"/>
 <node id="5911234455" visible="true" version="1" changeset="62656826" timestamp="2018-09-17T08:39:39Z" user="user_2104173" uid="2104173" lat="30.6139688" lon="-96.3449966"/>
 <node id="5911234456" visible="true" version="1" changeset="62656826" timestamp="2018-09-17T08:39:39Z" user="user_2104173" uid="2104173" lat="30.6135188" lon="-96.3447475"/>
 <node id="5911234457" visible="true" version="1" changeset="62656826" timestamp="2018-09-17T08:39:39Z" user="user_2104173" uid="2104173" lat="30.6135223" lon="-96.3446895"/>
 <node id="5911234458" visible="true" version="1" changeset="62656826" timestamp="2018-09-17T08:39:39Z" user="user_2104173" uid="2104173" lat="30.6135204" lon="-96.3446315"/>
 <node id="5911234459" visible="true" version="1" changeset="62656826" timestamp="2018-09-17T08:39:39Z" user="user_2104173" uid="2104173" lat="30.6135105" lon="-96.3443738"/>
 <node id="5911234460" visible="true" version="1" changeset="62656826" timestamp="2018-09-17T08:39:39Z" user="user_2104173" uid="2104173" lat="30.6135291" lon="-96.3442514"/>
 <node id="5911234461" visible="true" version="1" changeset="62656826" timestamp="2018-09-17T08:39:39Z" user="user_2104173" uid="2104173" lat="30.6135425" lon="-96.3441772"/>
 <node id="5911234462" visible="true" version="1" changeset="62656826" timestamp="2018-09-17T08:39:39Z" user="user_2104173" uid="2104173" lat="30.6134205" lon="-96.3450560"/>
 <node id="5911234463" visible="true" version="1" changeset="62656826" timestamp="2018-09-17T08:39:39Z" user="user_2104173" uid="2104173" lat="30.6133899" lon="-96.3450979"/>
 <node id="5911234464" visible="true" version="1" changeset="62656826" timestamp="2018-09-17T08:39:39Z" user="user_2104173" uid="2104173" lat="30.6133640" lon="-96.3451299"/>
 <node id="5911234465" visible="true" version="1" changeset="62656826" timestamp="2018-09-17T08:39:39Z" user="user_2104173" uid="2104173" lat="30.6133028" lon="-96.3451847"/>
 <node id="5911234466" visible="true" version="1" changeset="62656826" timestamp="2018-09-17T08:39:39Z" user="user_2104173" uid="2104173" lat="30.6132620" lon="-96.3452130"/>
 <node id="5911234467" visible="true" version="1" changeset="62656826" timestamp="2018-09-17T08:39:39Z" user="user_2104173" uid="2104173" lat="30.6131753" lon="-96.3452611"/>
 <node id="5911234468" visible="true" version="1" changeset="62656826" timestamp="2018-09-17T08:39:39Z" user="user_2104173" uid="2104173" lat="30.6131285" lon="-96.3452802"/>
 <node id="5911234469" visible="true" version="1" changeset="62656826" timestamp="2018-09-17T08:39:39Z" user="user_2104173" uid="2104173" lat="30.6129428" lon="-96.3453497"/>
 <node id="5911234470" visible="true" version="1" changeset="62656826" timestamp="2018-09-17T08:39:39Z" user="user_2104173" uid="2104173" lat="30.6128588" lon="-96.3454007"/>
 <node id="5911234471" visible="true" version="1" changeset="62656826" timestamp="2018-09-17T08:39:39Z" user="user_2104173" uid="2104173" lat="30.6127810" lon="-96.3454744"/>
 <node id="5911234472" visible="true" version="1" changeset="62656826" timestamp="2018-09-17T08:39:39Z" user="user_2104173" uid="2104173" lat="30.6127425" lon="-96.3455247"/>
 <node id="5911234478" visible="true" version="1" changeset="62656826" timestamp="2018-09-17T08:39:39Z" user="user_2104173" uid="2104173" lat="30.6133300" lon="-96.3448110"/>
 <node id="5911234479" visible="true" version="1" changeset="62656826" timestamp="2018-09-17T08:39:39Z" user="user_2104173" uid="2104173" lat="30.6132792" lon="-96.3447818"/>
 <node id="5916641541" visible="true" version="3" changeset="149039503" timestamp="2024-03-23T06:59:27Z" user="kitto33" uid="14976430" lat="30.6135666" lon="-96.3505871"/>
 <node id="5916641543" visible="true" version="2" changeset="143636964" timestamp="2023-11-05T04:04:57Z" user="kitto33" uid="14976430" lat="30.6137370" lon="-96.3505939"/>
 <node id="5916641544" visible="true" version="2" changeset="143636964" timestamp="2023-11-05T04:04:57Z" user="kitto33" uid="14976430" lat="30.6139552" lon="-96.3505215"/>
 <node id="5955440452" visible="true" version="2" changeset="114940256" timestamp="2021-12-14T21:24:38Z" user="Andrew Matheny" uid="3265371" lat="30.6141718" lon="-96.3447026"/>
 <node id="5955440453" visible="true" version="2" changeset="114940256" timestamp="2021-12-14T21:24:38Z" user="Andrew Matheny" uid="3265371" lat="30.6140368" lon="-96.3446872"/>
 <node id="5955440454" visible="true" version="2" changeset="114940256" timestamp="2021-12-14T21:24:38Z" user="Andrew Matheny" uid="3265371" lat="30.6140309" lon="-96.3447575"/>
 <node id="5955440455" visible="true" version="2" changeset="114940256" timestamp="2021-12-14T21:24:38Z" user="Andrew Matheny" uid="3265371" lat="30.6139333" lon="-96.3447459"/>
 <node id="5955440456" visible="true" version="2" changeset="114940256" timestamp="2021-12-14T21:24:38Z" user="Andrew Matheny" uid="3265371" lat="30.6138154" lon="-96.3447066"/>
 <node id="5955440457" visible="true" version="2" changeset="114940256" timestamp="2021-12-14T21:24:38Z" user="Andrew Matheny" uid="3265371" lat="30.6137885" lon="-96.3446831"/>
 <node id="5955440458" visible="true" version="2" changeset="114940256" timestamp="2021-12-14T21:24:38Z" user="Andrew Matheny" uid="3265371" lat="30.6138696" lon="-96.3445573"/>
 <node id="5955440459" visible="true" version="2" changeset="114940256" timestamp="2021-12-14T21:24:38Z" user="Andrew Matheny" uid="3265371" lat="30.6137159" lon="-96.3444236"/>
 <node id="5955440460" visible="true" version="2" changeset="114940256" timestamp="2021-12-14T21:24:38Z" user="Andrew Matheny" uid="3265371" lat="30.6136120" lon="-96.3445848"/>
 <node id="5955440461" visible="true" version="2" changeset="114940256" timestamp="2021-12-14T21:24:38Z" user="Andrew Matheny" uid="3265371" lat="30.6136593" lon="-96.3446260"/>
 <node id="5955440462" visible="true" version="2" changeset="114940256" timestamp="2021-12-14T21:24:38Z" user="Andrew Matheny" uid="3265371" lat="30.6136098" lon="-96.3447029"/>
 <node id="5955440463" visible="true" version="2" changeset="114940256" timestamp="2021-12-14T21:24:38Z" user="Andrew Matheny" uid="3265371" lat="30.6137162" lon="-96.3447955"/>
 <node id="5955440464" visible="true" version="2" changeset="114940256" timestamp="2021-12-14T21:24:38Z" user="Andrew Matheny" uid="3265371" lat="30.6137448" lon="-96.3447512"/>
 <node id="5955440465" visible="true" version="2" changeset="114940256" timestamp="2021-12-14T21:24:38Z" user="Andrew Matheny" uid="3265371" lat="30.6138176" lon="-96.3448146"/>
 <node id="5955440466" visible="true" version="2" changeset="114940256" timestamp="2021-12-14T21:24:38Z" user="Andrew Matheny" uid="3265371" lat="30.6138711" lon="-96.3448113"/>
 <node id="5955440467" visible="true" version="2" changeset="114940256" timestamp="2021-12-14T21:24:38Z" user="Andrew Matheny" uid="3265371" lat="30.6138669" lon="-96.3448612"/>
 <node id="5955440468" visible="true" version="2" changeset="114940256" timestamp="2021-12-14T21:24:38Z" user="Andrew Matheny" uid="3265371" lat="30.6141692" lon="-96.3449197"/>
 <node id="6193744779" visible="true" version="2" changeset="154875324" timestamp="2024-08-06T04:43:26Z" user="kitto33" uid="14976430" lat="30.6136141" lon="-96.3450078"/>
 <node id="6193744780" visible="true" version="2" changeset="154875324" timestamp="2024-08-06T04:43:26Z" user="kitto33" uid="14976430" lat="30.6136540" lon="-96.3450566"/>
 <node id="6193744781" visible="true" version="2" changeset="154875324" timestamp="2024-08-06T04:43:26Z" user="kitto33" uid="14976430" lat="30.6136578" lon="-96.3451422"/>
 <node id="6193744782" visible="true" version="2" changeset="154875324" timestamp="2024-08-06T04:43:26Z" user="kitto33" uid="14976430" lat="30.6135969" lon="-96.3452515"/>
 <node id="6193744783" visible="true" version="2" changeset="154875324" timestamp="2024-08-06T04:43:26Z" user="kitto33" uid="14976430" lat="30.6134560" lon="-96.3454001"/>
 <node id="6193744784" visible="true" version="2" changeset="154875324" timestamp="2024-08-06T04:43:26Z" user="kitto33" uid="14976430" lat="30.6133227" lon="-96.3454957"/>
 <node id="6193745985" visible="true" version="2" changeset="154875324" timestamp="2024-08-06T04:43:26Z" user="kitto33" uid="14976430" lat="30.6131837" lon="-96.3455563"/>
 <node id="6193745986" visible="true" version="2" changeset="154875324" timestamp="2024-08-06T04:43:26Z" user="kitto33" uid="14976430" lat="30.6130518" lon="-96.3456215"/>
 <node id="6193745987" visible="true" version="2" changeset="154875324" timestamp="2024-08-06T04:43:26Z" user="kitto33" uid="14976430" lat="30.6129106" lon="-96.3457983"/>
 <node id="6193745988" visible="true" version="1" changeset="66143050" timestamp="2019-01-08T22:35:56Z" user="JMG3" uid="1928909" lat="30.6133299" lon="-96.3461780"/>
 <node id="6193745989" visible="true" version="1" changeset="66143050" timestamp="2019-01-08T22:35:56Z" user="JMG3" uid="1928909" lat="30.6133815" lon="-96.3461872"/>
 <node id="6193745990" visible="true" version="1" changeset="66143050" timestamp="2019-01-08T22:35:56Z" user="JMG3" uid="1928909" lat="30.6134191" lon="-96.3461596"/>
 <node id="6993091041" visible="true" version="1" changeset="77337352" timestamp="2019-11-20T16:56:17Z" user="skquinn" uid="243003" lat="30.6280479" lon="-96.3382153"/>
 <node id="7316043775" visible="true" version="2" changeset="93962107" timestamp="2020-11-12T03:56:43Z" user="Trevor_1" uid="3715012" lat="30.6166684" lon="-96.3485422"/>
 <node id="7812497673" visible="true" version="1" changeset="89406425" timestamp="2020-08-14T11:08:26Z" user="skquinn" uid="243003" lat="30.6037369" lon="-96.3624975"/>
 <node id="7903722097" visible="true" version="1" changeset="90836146" timestamp="2020-09-14T02:36:43Z" user="user_11254435" uid="11254435" lat="30.6169135" lon="-96.3468198"/>
 <node id="7903722098" visible="true" version="1" changeset="90836146" timestamp="2020-09-14T02:36:43Z" user="user_11254435" uid="11254435" lat="30.6157182" lon="-96.3487723"/>
 <node id="7903722099" visible="true" version="1" changeset="90836146" timestamp="2020-09-14T02:36:43Z" user="user_11254435" uid="11254435" lat="30.6206751" lon="-96.3426067"/>
 <node id="7903722102" visible="true" version="1" changeset="90836146" timestamp="2020-09-14T02:36:43Z" user="user_11254435" uid="11254435" lat="30.6223985" lon="-96.3405948"/>
 <node id="7903722103" visible="true" version="1" changeset="90836146" timestamp="2020-09-14T02:36:43Z" user="user_11254435" uid="11254435" lat="30.6231286" lon="-96.3410978"/>
 <node id="7903722104" visible="true" version="1" changeset="90836146" timestamp="2020-09-14T02:36:43Z" user="user_11254435" uid="11254435" lat="30.6227733" lon="-96.3406555"/>
 <node id="7903722105" visible="true" version="1" changeset="90836146" timestamp="2020-09-14T02:36:43Z" user="user_11254435" uid="11254435" lat="30.6225746" lon="-96.3404002"/>
 <node id="7903722116" visible="true" version="1" changeset="90836146" timestamp="2020-09-14T02:36:43Z" user="user_11254435" uid="11254435" lat="30.6270444" lon="-96.3354340"/>
 <node id="7903722117" visible="true" version="1" changeset="90836146" timestamp="2020-09-14T02:36:43Z" user="user_11254435" uid="11254435" lat="30.6274409" lon="-96.3349888"/>
 <node id="7903722118" visible="true" version="1" changeset="90836146" timestamp="2020-09-14T02:36:43Z" user="user_11254435" uid="11254435" lat="30.6275020" lon="-96.3348828"/>
 <node id="7903722119" visible="true" version="1" changeset="90836146" timestamp="2020-09-14T02:36:43Z" user="user_11254435" uid="11254435" lat="30.6275043" lon="-96.3348078"/>
 <node id="7903722120" visible="true" version="1" changeset="90836146" timestamp="2020-09-14T02:36:43Z" user="user_11254435" uid="11254435" lat="30.6274792" lon="-96.3347351"/>
 <node id="7903722121" visible="true" version="1" changeset="90836146" timestamp="2020-09-14T02:36:43Z" user="user_11254435" uid="11254435" lat="30.6274272" lon="-96.3346693"/>
 <node id="7903722122" visible="true" version="1" changeset="90836146" timestamp="2020-09-14T02:36:43Z" user="user_11254435" uid="11254435" lat="30.6228341" lon="-96.3292404"/>
 <node id="7903722123" visible="true" version="1" changeset="90836146" timestamp="2020-09-14T02:36:43Z" user="user_11254435" uid="11254435" lat="30.6233721" lon="-96.3298817"/>
 <node id="7903722125" visible="true" version="1" changeset="90836146" timestamp="2020-09-14T02:36:43Z" user="user_11254435" uid="11254435" lat="30.6192133" lon="-96.3245313"/>
 <node id="7903722126" visible="true" version="1" changeset="90836146" timestamp="2020-09-14T02:36:43Z" user="user_11254435" uid="11254435" lat="30.6187482" lon="-96.3239865"/>
 <node id="7903722127" visible="true" version="1" changeset="90836146" timestamp="2020-09-14T02:36:43Z" user="user_11254435" uid="11254435" lat="30.6185581" lon="-96.3237748"/>
 <node id="7903722128" visible="true" version="1" changeset="90836146" timestamp="2020-09-14T02:36:43Z" user="user_11254435" uid="11254435" lat="30.6184434" lon="-96.3238034"/>
 <node id="7903722129" visible="true" version="1" changeset="90836146" timestamp="2020-09-14T02:36:43Z" user="user_11254435" uid="11254435" lat="30.6147075" lon="-96.3281603"/>
 <node id="7903722130" visible="true" version="1" changeset="90836146" timestamp="2020-09-14T02:36:43Z" user="user_11254435" uid="11254435" lat="30.6115539" lon="-96.3317981"/>
 <node id="7903722131" visible="true" version="1" changeset="90836146" timestamp="2020-09-14T02:36:43Z" user="user_11254435" uid="11254435" lat="30.6110983" lon="-96.3322415"/>
 <node id="7903722132" visible="true" version="1" changeset="90836146" timestamp="2020-09-14T02:36:43Z" user="user_11254435" uid="11254435" lat="30.6106253" lon="-96.3327581"/>
 <node id="7903722133" visible="true" version="1" changeset="90836146" timestamp="2020-09-14T02:36:43Z" user="user_11254435" uid="11254435" lat="30.6097095" lon="-96.3337852"/>
 <node id="7903722134" visible="true" version="1" changeset="90836146" timestamp="2020-09-14T02:36:43Z" user="user_11254435" uid="11254435" lat="30.6079718" lon="-96.3358970"/>
 <node id="7903722135" visible="true" version="1" changeset="90836146" timestamp="2020-09-14T02:36:43Z" user="user_11254435" uid="11254435" lat="30.6073294" lon="-96.3365782"/>
 <node id="7903722136" visible="true" version="1" changeset="90836146" timestamp="2020-09-14T02:36:43Z" user="user_11254435" uid="11254435" lat="30.6061410" lon="-96.3376648"/>
 <node id="7903722141" visible="true" version="1" changeset="90836146" timestamp="2020-09-14T02:36:43Z" user="user_11254435" uid="11254435" lat="30.6029730" lon="-96.3414118"/>
 <node id="8121178065" visible="true" version="1" changeset="94153968" timestamp="2020-11-15T16:11:37Z" user="Trevor_1" uid="3715012" lat="30.6170359" lon="-96.3484002"/>
 <node id="8121178066" visible="true" version="1" changeset="94153968" timestamp="2020-11-15T16:11:37Z" user="Trevor_1" uid="3715012" lat="30.6169576" lon="-96.3483057"/>
 <node id="8121178067" visible="true" version="1" changeset="94153968" timestamp="2020-11-15T16:11:37Z" user="Trevor_1" uid="3715012" lat="30.6167997" lon="-96.3484825"/>
 <node id="8121178068" visible="true" version="1" changeset="94153968" timestamp="2020-11-15T16:11:37Z" user="Trevor_1" uid="3715012" lat="30.6168780" lon="-96.3485770"/>
 <node id="8121178069" visible="true" version="1" changeset="94153968" timestamp="2020-11-15T16:11:37Z" user="Trevor_1" uid="3715012" lat="30.6167928" lon="-96.3485803"/>
 <node id="8121178070" visible="true" version="1" changeset="94153968" timestamp="2020-11-15T16:11:37Z" user="Trevor_1" uid="3715012" lat="30.6168075" lon="-96.3485071"/>
 <node id="8121178071" visible="true" version="1" changeset="94153968" timestamp="2020-11-15T16:11:37Z" user="Trevor_1" uid="3715012" lat="30.6167290" lon="-96.3484859"/>
 <node id="8121178072" visible="true" version="1" changeset="94153968" timestamp="2020-11-15T16:11:37Z" user="Trevor_1" uid="3715012" lat="30.6167143" lon="-96.3485590"/>
 <node id="8121178073" visible="true" version="1" changeset="94153968" timestamp="2020-11-15T16:11:37Z" user="Trevor_1" uid="3715012" lat="30.6167172" lon="-96.3484512"/>
 <node id="8121178074" visible="true" version="1" changeset="94153968" timestamp="2020-11-15T16:11:37Z" user="Trevor_1" uid="3715012" lat="30.6169898" lon="-96.3478927"/>
 <node id="8121178075" visible="true" version="1" changeset="94153968" timestamp="2020-11-15T16:11:37Z" user="Trevor_1" uid="3715012" lat="30.6170102" lon="-96.3478666"/>
 <node id="8121178076" visible="true" version="1" changeset="94153968" timestamp="2020-11-15T16:11:37Z" user="Trevor_1" uid="3715012" lat="30.6169511" lon="-96.3478043"/>
 <node id="8121178077" visible="true" version="1" changeset="94153968" timestamp="2020-11-15T16:11:37Z" user="Trevor_1" uid="3715012" lat="30.6169722" lon="-96.3477773"/>
 <node id="8121178078" visible="true" version="1" changeset="94153968" timestamp="2020-11-15T16:11:37Z" user="Trevor_1" uid="3715012" lat="30.6167787" lon="-96.3477426"/>
 <node id="8121178079" visible="true" version="1" changeset="94153968" timestamp="2020-11-15T16:11:37Z" user="Trevor_1" uid="3715012" lat="30.6168864" lon="-96.3475964"/>
 <node id="8121178080" visible="true" version="1" changeset="94153968" timestamp="2020-11-15T16:11:37Z" user="Trevor_1" uid="3715012" lat="30.6168509" lon="-96.3476412"/>
 <node id="8121178081" visible="true" version="1" changeset="94153968" timestamp="2020-11-15T16:11:37Z" user="Trevor_1" uid="3715012" lat="30.6168128" lon="-96.3476004"/>
 <node id="8121178082" visible="true" version="1" changeset="94153968" timestamp="2020-11-15T16:11:37Z" user="Trevor_1" uid="3715012" lat="30.6168484" lon="-96.3475556"/>
 <node id="8121178083" visible="true" version="1" changeset="94153968" timestamp="2020-11-15T16:11:37Z" user="Trevor_1" uid="3715012" lat="30.6169253" lon="-96.3476412"/>
 <node id="8121178084" visible="true" version="1" changeset="94153968" timestamp="2020-11-15T16:11:37Z" user="Trevor_1" uid="3715012" lat="30.6169852" lon="-96.3475742"/>
 <node id="8121178085" visible="true" version="1" changeset="94153968" timestamp="2020-11-15T16:11:37Z" user="Trevor_1" uid="3715012" lat="30.6169811" lon="-96.3475693"/>
 <node id="8121178086" visible="true" version="1" changeset="94153968" timestamp="2020-11-15T16:11:37Z" user="Trevor_1" uid="3715012" lat="30.6170676" lon="-96.3475671"/>
 <node id="8121178087" visible="true" version="1" changeset="94153968" timestamp="2020-11-15T16:11:37Z" user="Trevor_1" uid="3715012" lat="30.6169932" lon="-96.3474773"/>
 <node id="8121178088" visible="true" version="1" changeset="94153968" timestamp="2020-11-15T16:11:37Z" user="Trevor_1" uid="3715012" lat="30.6170516" lon="-96.3474120"/>
 <node id="8121178089" visible="true" version="1" changeset="94153968" timestamp="2020-11-15T16:11:37Z" user="Trevor_1" uid="3715012" lat="30.6169415" lon="-96.3472790"/>
 <node id="8121178090" visible="true" version="1" changeset="94153968" timestamp="2020-11-15T16:11:37Z" user="Trevor_1" uid="3715012" lat="30.6167774" lon="-96.3474626"/>
 <node id="8121178091" visible="true" version="1" changeset="94153968" timestamp="2020-11-15T16:11:37Z" user="Trevor_1" uid="3715012" lat="30.6170901" lon="-96.3472537"/>
 <node id="8121178092" visible="true" version="1" changeset="94153968" timestamp="2020-11-15T16:11:37Z" user="Trevor_1" uid="3715012" lat="30.6170668" lon="-96.3472247"/>
 <node id="8121178093" visible="true" version="1" changeset="94153968" timestamp="2020-11-15T16:11:37Z" user="Trevor_1" uid="3715012" lat="30.6170877" lon="-96.3472021"/>
 <node id="8121178094" visible="true" version="1" changeset="94153968" timestamp="2020-11-15T16:11:37Z" user="Trevor_1" uid="3715012" lat="30.6170501" lon="-96.3471552"/>
 <node id="8121178095" visible="true" version="1" changeset="94153968" timestamp="2020-11-15T16:11:37Z" user="Trevor_1" uid="3715012" lat="30.6170074" lon="-96.3472014"/>
 <node id="8121178096" visible="true" version="1" changeset="94153968" timestamp="2020-11-15T16:11:37Z" user="Trevor_1" uid="3715012" lat="30.6170124" lon="-96.3472077"/>
 <node id="8121178097" visible="true" version="1" changeset="94153968" timestamp="2020-11-15T16:11:37Z" user="Trevor_1" uid="3715012" lat="30.6169725" lon="-96.3472509"/>
 <node id="8121178098" visible="true" version="1" changeset="94153968" timestamp="2020-11-15T16:11:37Z" user="Trevor_1" uid="3715012" lat="30.6169995" lon="-96.3472845"/>
 <node id="8121178099" visible="true" version="1" changeset="94153968" timestamp="2020-11-15T16:11:37Z" user="Trevor_1" uid="3715012" lat="30.6170225" lon="-96.3472596"/>
 <node id="8121178100" visible="true" version="1" changeset="94153968" timestamp="2020-11-15T16:11:37Z" user="Trevor_1" uid="3715012" lat="30.6170514" lon="-96.3472956"/>
 <node id="8121178101" visible="true" version="1" changeset="94153968" timestamp="2020-11-15T16:11:37Z" user="Trevor_1" uid="3715012" lat="30.6170420" lon="-96.3475958"/>
 <node id="8121178102" visible="true" version="1" changeset="94153968" timestamp="2020-11-15T16:11:37Z" user="Trevor_1" uid="3715012" lat="30.6170013" lon="-96.3475467"/>
 <node id="8121231460" visible="true" version="1" changeset="94154353" timestamp="2020-11-15T16:19:47Z" user="Trevor_1" uid="3715012" lat="30.6170834" lon="-96.3471317"/>
 <node id="8121231461" visible="true" version="1" changeset="94154353" timestamp="2020-11-15T16:19:47Z" user="Trevor_1" uid="3715012" lat="30.6171266" lon="-96.3471322"/>
 <node id="8121231462" visible="true" version="1" changeset="94154353" timestamp="2020-11-15T16:19:47Z" user="Trevor_1" uid="3715012" lat="30.6171926" lon="-96.3471346"/>
 <node id="8121231463" visible="true" version="1" changeset="94154353" timestamp="2020-11-15T16:19:47Z" user="Trevor_1" uid="3715012" lat="30.6172313" lon="-96.3471322"/>
 <node id="8121231464" visible="true" version="1" changeset="94154353" timestamp="2020-11-15T16:19:47Z" user="Trevor_1" uid="3715012" lat="30.6172113" lon="-96.3471109"/>
 <node id="8121231465" visible="true" version="1" changeset="94154353" timestamp="2020-11-15T16:19:47Z" user="Trevor_1" uid="3715012" lat="30.6173804" lon="-96.3472862"/>
 <node id="8121231466" visible="true" version="1" changeset="94154353" timestamp="2020-11-15T16:19:47Z" user="Trevor_1" uid="3715012" lat="30.6172379" lon="-96.3471312"/>
 <node id="8121231467" visible="true" version="1" changeset="94154353" timestamp="2020-11-15T16:19:47Z" user="Trevor_1" uid="3715012" lat="30.6172060" lon="-96.3474583"/>
 <node id="8121231468" visible="true" version="1" changeset="94154353" timestamp="2020-11-15T16:19:47Z" user="Trevor_1" uid="3715012" lat="30.6172371" lon="-96.3474600"/>
 <node id="8121231469" visible="true" version="1" changeset="94154353" timestamp="2020-11-15T16:19:47Z" user="Trevor_1" uid="3715012" lat="30.6172862" lon="-96.3473993"/>
 <node id="8603192086" visible="true" version="2" changeset="114940256" timestamp="2021-12-14T21:24:38Z" user="Andrew Matheny" uid="3265371" lat="30.6152462" lon="-96.3450159"/>
 <node id="8810603572" visible="true" version="2" changeset="114940256" timestamp="2021-12-14T21:24:38Z" user="Andrew Matheny" uid="3265371" lat="30.6153311" lon="-96.3449076"/>
 <node id="8810603573" visible="true" version="2" changeset="114940256" timestamp="2021-12-14T21:24:38Z" user="Andrew Matheny" uid="3265371" lat="30.6152585" lon="-96.3450141"/>
 <node id="8810603574" visible="true" version="2" changeset="114940256" timestamp="2021-12-14T21:24:38Z" user="Andrew Matheny" uid="3265371" lat="30.6151164" lon="-96.3448834"/>
 <node id="8810603575" visible="true" version="2" changeset="114940256" timestamp="2021-12-14T21:24:38Z" user="Andrew Matheny" uid="3265371" lat="30.6151890" lon="-96.3447769"/>
 <node id="8810603576" visible="true" version="2" changeset="114940256" timestamp="2021-12-14T21:24:38Z" user="Andrew Matheny" uid="3265371" lat="30.6159716" lon="-96.3454387"/>
 <node id="8810603577" visible="true" version="2" changeset="114940256" timestamp="2021-12-14T21:24:38Z" user="Andrew Matheny" uid="3265371" lat="30.6158315" lon="-96.3453100"/>
 <node id="8810603578" visible="true" version="2" changeset="114940256" timestamp="2021-12-14T21:24:38Z" user="Andrew Matheny" uid="3265371" lat="30.6157498" lon="-96.3454302"/>
 <node id="8810603579" visible="true" version="2" changeset="114940256" timestamp="2021-12-14T21:24:38Z" user="Andrew Matheny" uid="3265371" lat="30.6158898" lon="-96.3455589"/>
 <node id="8810603580" visible="true" version="2" changeset="114940256" timestamp="2021-12-14T21:24:38Z" user="Andrew Matheny" uid="3265371" lat="30.6146071" lon="-96.3457594"/>
 <node id="8810603581" visible="true" version="2" changeset="114940256" timestamp="2021-12-14T21:24:38Z" user="Andrew Matheny" uid="3265371" lat="30.6148697" lon="-96.3459977"/>
 <node id="8810603582" visible="true" version="2" changeset="114940256" timestamp="2021-12-14T21:24:38Z" user="Andrew Matheny" uid="3265371" lat="30.6152676" lon="-96.3450357"/>
 <node id="8810603583" visible="true" version="2" changeset="114940256" timestamp="2021-12-14T21:24:38Z" user="Andrew Matheny" uid="3265371" lat="30.6153719" lon="-96.3459584"/>
 <node id="8810662565" visible="true" version="1" changeset="105946957" timestamp="2021-06-07T06:20:30Z" user="kondokum" uid="11676401" lat="30.6156635" lon="-96.3466534"/>
 <node id="8810662566" visible="true" version="1" changeset="105946957" timestamp="2021-06-07T06:20:30Z" user="kondokum" uid="11676401" lat="30.6156602" lon="-96.3466626"/>
 <node id="8810662567" visible="true" version="1" changeset="105946957" timestamp="2021-06-07T06:20:30Z" user="kondokum" uid="11676401" lat="30.6157348" lon="-96.3465517"/>
 <node id="8810662568" visible="true" version="1" changeset="105946957" timestamp="2021-06-07T06:20:30Z" user="kondokum" uid="11676401" lat="30.6157459" lon="-96.3465526"/>
 <node id="8810662569" visible="true" version="1" changeset="105946957" timestamp="2021-06-07T06:20:30Z" user="kondokum" uid="11676401" lat="30.6153097" lon="-96.3463261"/>
 <node id="8810662570" visible="true" version="1" changeset="105946957" timestamp="2021-06-07T06:20:30Z" user="kondokum" uid="11676401" lat="30.6153125" lon="-96.3463239"/>
 <node id="8810662571" visible="true" version="1" changeset="105946957" timestamp="2021-06-07T06:20:30Z" user="kondokum" uid="11676401" lat="30.6153318" lon="-96.3461594"/>
 <node id="8810662572" visible="true" version="1" changeset="105946957" timestamp="2021-06-07T06:20:30Z" user="kondokum" uid="11676401" lat="30.6152537" lon="-96.3462743"/>
 <node id="8810662573" visible="true" version="1" changeset="105946957" timestamp="2021-06-07T06:20:30Z" user="kondokum" uid="11676401" lat="30.6152578" lon="-96.3462781"/>
 <node id="8810662574" visible="true" version="1" changeset="105946957" timestamp="2021-06-07T06:20:30Z" user="kondokum" uid="11676401" lat="30.6152366" lon="-96.3463113"/>
 <node id="8810662575" visible="true" version="1" changeset="105946957" timestamp="2021-06-07T06:20:30Z" user="kondokum" uid="11676401" lat="30.6152315" lon="-96.3463062"/>
 <node id="8810662576" visible="true" version="1" changeset="105946957" timestamp="2021-06-07T06:20:30Z" user="kondokum" uid="11676401" lat="30.6152127" lon="-96.3462885"/>
 <node id="8810662577" visible="true" version="1" changeset="105946957" timestamp="2021-06-07T06:20:30Z" user="kondokum" uid="11676401" lat="30.6151371" lon="-96.3462186"/>
 <node id="8810662578" visible="true" version="1" changeset="105946957" timestamp="2021-06-07T06:20:30Z" user="kondokum" uid="11676401" lat="30.6152217" lon="-96.3460929"/>
 <node id="8810662579" visible="true" version="1" changeset="105946957" timestamp="2021-06-07T06:20:30Z" user="kondokum" uid="11676401" lat="30.6152608" lon="-96.3460387"/>
 <node id="8810662580" visible="true" version="1" changeset="105946957" timestamp="2021-06-07T06:20:30Z" user="kondokum" uid="11676401" lat="30.6153566" lon="-96.3461224"/>
 <node id="8810662581" visible="true" version="1" changeset="105946957" timestamp="2021-06-07T06:20:30Z" user="kondokum" uid="11676401" lat="30.6153628" lon="-96.3461289"/>
 <node id="8810662583" visible="true" version="1" changeset="105946957" timestamp="2021-06-07T06:20:30Z" user="kondokum" uid="11676401" lat="30.6153380" lon="-96.3461654"/>
 <node id="8811404960" visible="true" version="1" changeset="105966014" timestamp="2021-06-07T10:56:31Z" user="kondokum" uid="11676401" lat="30.6160870" lon="-96.3475405"/>
 <node id="8811404961" visible="true" version="1" changeset="105966014" timestamp="2021-06-07T10:56:31Z" user="kondokum" uid="11676401" lat="30.6163976" lon="-96.3471494"/>
 <node id="8811404962" visible="true" version="1" changeset="105966014" timestamp="2021-06-07T10:56:31Z" user="kondokum" uid="11676401" lat="30.6160661" lon="-96.3475532"/>
 <node id="8811404963" visible="true" version="1" changeset="105966014" timestamp="2021-06-07T10:56:31Z" user="kondokum" uid="11676401" lat="30.6160279" lon="-96.3475569"/>
 <node id="8811404964" visible="true" version="1" changeset="105966014" timestamp="2021-06-07T10:56:31Z" user="kondokum" uid="11676401" lat="30.6157723" lon="-96.3475680"/>
 <node id="8811404965" visible="true" version="1" changeset="105966014" timestamp="2021-06-07T10:56:31Z" user="kondokum" uid="11676401" lat="30.6152463" lon="-96.3475421"/>
 <node id="8811404966" visible="true" version="1" changeset="105966014" timestamp="2021-06-07T10:56:31Z" user="kondokum" uid="11676401" lat="30.6151943" lon="-96.3475409"/>
 <node id="8811404967" visible="true" version="1" changeset="105966014" timestamp="2021-06-07T10:56:31Z" user="kondokum" uid="11676401" lat="30.6150277" lon="-96.3475096"/>
 <node id="8811404968" visible="true" version="1" changeset="105966014" timestamp="2021-06-07T10:56:31Z" user="kondokum" uid="11676401" lat="30.6149772" lon="-96.3475046"/>
 <node id="8811404969" visible="true" version="1" changeset="105966014" timestamp="2021-06-07T10:56:31Z" user="kondokum" uid="11676401" lat="30.6149987" lon="-96.3475144"/>
 <node id="8811404970" visible="true" version="1" changeset="105966014" timestamp="2021-06-07T10:56:31Z" user="kondokum" uid="11676401" lat="30.6148500" lon="-96.3474365"/>
 <node id="8811404971" visible="true" version="1" changeset="105966014" timestamp="2021-06-07T10:56:31Z" user="kondokum" uid="11676401" lat="30.6148762" lon="-96.3474506"/>
 <node id="8811404972" visible="true" version="1" changeset="105966014" timestamp="2021-06-07T10:56:31Z" user="kondokum" uid="11676401" lat="30.6154050" lon="-96.3466775"/>
 <node id="8811404973" visible="true" version="1" changeset="105966014" timestamp="2021-06-07T10:56:31Z" user="kondokum" uid="11676401" lat="30.6147341" lon="-96.3473311"/>
 <node id="8811404974" visible="true" version="1" changeset="105966014" timestamp="2021-06-07T10:56:31Z" user="kondokum" uid="11676401" lat="30.6152859" lon="-96.3465636"/>
 <node id="8811404975" visible="true" version="1" changeset="105966014" timestamp="2021-06-07T10:56:31Z" user="kondokum" uid="11676401" lat="30.6145994" lon="-96.3472086"/>
 <node id="8811404976" visible="true" version="1" changeset="105966014" timestamp="2021-06-07T10:56:31Z" user="kondokum" uid="11676401" lat="30.6151512" lon="-96.3464348"/>
 <node id="8811404977" visible="true" version="1" changeset="105966014" timestamp="2021-06-07T10:56:31Z" user="kondokum" uid="11676401" lat="30.6156683" lon="-96.3469114"/>
 <node id="8811404978" visible="true" version="1" changeset="105966014" timestamp="2021-06-07T10:56:31Z" user="kondokum" uid="11676401" lat="30.6156877" lon="-96.3468742"/>
 <node id="8811404979" visible="true" version="1" changeset="105966014" timestamp="2021-06-07T10:56:31Z" user="kondokum" uid="11676401" lat="30.6156092" lon="-96.3468589"/>
 <node id="8811404980" visible="true" version="1" changeset="105966014" timestamp="2021-06-07T10:56:31Z" user="kondokum" uid="11676401" lat="30.6154533" lon="-96.3475523"/>
 <node id="8811404981" visible="true" version="1" changeset="105966014" timestamp="2021-06-07T10:56:31Z" user="kondokum" uid="11676401" lat="30.6159046" lon="-96.3468638"/>
 <node id="8811404982" visible="true" version="1" changeset="105966014" timestamp="2021-06-07T10:56:31Z" user="kondokum" uid="11676401" lat="30.6156525" lon="-96.3475621"/>
 <node id="8811404983" visible="true" version="1" changeset="105966014" timestamp="2021-06-07T10:56:31Z" user="kondokum" uid="11676401" lat="30.6161099" lon="-96.3468828"/>
 <node id="8811404984" visible="true" version="1" changeset="105966014" timestamp="2021-06-07T10:56:31Z" user="kondokum" uid="11676401" lat="30.6158695" lon="-96.3475638"/>
 <node id="8811404985" visible="true" version="1" changeset="105966014" timestamp="2021-06-07T10:56:31Z" user="kondokum" uid="11676401" lat="30.6162352" lon="-96.3470038"/>
 <node id="8811495910" visible="true" version="1" changeset="105967855" timestamp="2021-06-07T11:23:46Z" user="kondokum" uid="11676401" lat="30.6140550" lon="-96.3525625"/>
 <node id="8811495911" visible="true" version="1" changeset="105967855" timestamp="2021-06-07T11:23:46Z" user="kondokum" uid="11676401" lat="30.6137525" lon="-96.3522066"/>
 <node id="8811495912" visible="true" version="1" changeset="105967855" timestamp="2021-06-07T11:23:46Z" user="kondokum" uid="11676401" lat="30.6141700" lon="-96.3524297"/>
 <node id="8811495913" visible="true" version="1" changeset="105967855" timestamp="2021-06-07T11:23:46Z" user="kondokum" uid="11676401" lat="30.6138676" lon="-96.3520761"/>
 <node id="8811495914" visible="true" version="1" changeset="105967855" timestamp="2021-06-07T11:23:46Z" user="kondokum" uid="11676401" lat="30.6142815" lon="-96.3523014"/>
 <node id="8811495915" visible="true" version="1" changeset="105967855" timestamp="2021-06-07T11:23:46Z" user="kondokum" uid="11676401" lat="30.6139804" lon="-96.3519483"/>
 <node id="8811495916" visible="true" version="1" changeset="105967855" timestamp="2021-06-07T11:23:46Z" user="kondokum" uid="11676401" lat="30.6143968" lon="-96.3521690"/>
 <node id="8811495917" visible="true" version="1" changeset="105967855" timestamp="2021-06-07T11:23:46Z" user="kondokum" uid="11676401" lat="30.6140904" lon="-96.3518236"/>
 <node id="8811495918" visible="true" version="1" changeset="105967855" timestamp="2021-06-07T11:23:46Z" user="kondokum" uid="11676401" lat="30.6145167" lon="-96.3520311"/>
 <node id="8811495919" visible="true" version="1" changeset="105967855" timestamp="2021-06-07T11:23:46Z" user="kondokum" uid="11676401" lat="30.6141903" lon="-96.3516766"/>
 <node id="8811495920" visible="true" version="1" changeset="105967855" timestamp="2021-06-07T11:23:46Z" user="kondokum" uid="11676401" lat="30.6145513" lon="-96.3519914"/>
 <node id="8811495921" visible="true" version="1" changeset="105967855" timestamp="2021-06-07T11:23:46Z" user="kondokum" uid="11676401" lat="30.6149718" lon="-96.3524777"/>
 <node id="8811495922" visible="true" version="1" changeset="105967855" timestamp="2021-06-07T11:23:46Z" user="kondokum" uid="11676401" lat="30.6148807" lon="-96.3526192"/>
 <node id="8811495923" visible="true" version="1" changeset="105967855" timestamp="2021-06-07T11:23:46Z" user="kondokum" uid="11676401" lat="30.6147784" lon="-96.3527781"/>
 <node id="8811495924" visible="true" version="1" changeset="105967855" timestamp="2021-06-07T11:23:46Z" user="kondokum" uid="11676401" lat="30.6145280" lon="-96.3525000"/>
 <node id="8906043563" visible="true" version="1" changeset="107671212" timestamp="2021-07-09T04:31:41Z" user="kondokum" uid="11676401" lat="30.6168810" lon="-96.3461779">
  <tag k="amenity" v="mailroom"/>
 </node>
 <node id="9109007017" visible="true" version="1" changeset="111466712" timestamp="2021-09-20T20:53:17Z" user="Andrew Humes" uid="14146837" lat="30.6176918" lon="-96.3474355"/>
 <node id="9338734127" visible="true" version="1" changeset="114940256" timestamp="2021-12-14T21:24:38Z" user="Andrew Matheny" uid="3265371" lat="30.6151197" lon="-96.3458382">
  <tag k="entrance" v="yes"/>
 </node>
 <node id="9338734128" visible="true" version="1" changeset="114940256" timestamp="2021-12-14T21:24:38Z" user="Andrew Matheny" uid="3265371" lat="30.6150352" lon="-96.3457558">
  <tag k="entrance" v="yes"/>
 </node>
 <node id="9338734129" visible="true" version="1" changeset="114940256" timestamp="2021-12-14T21:24:38Z" user="Andrew Matheny" uid="3265371" lat="30.6148685" lon="-96.3455932">
  <tag k="entrance" v="yes"/>
 </node>
 <node id="9338734130" visible="true" version="1" changeset="114940256" timestamp="2021-12-14T21:24:38Z" user="Andrew Matheny" uid="3265371" lat="30.6147799" lon="-96.3455069">
  <tag k="entrance" v="yes"/>
 </node>
 <node id="9338734131" visible="true" version="1" changeset="114940256" timestamp="2021-12-14T21:24:38Z" user="Andrew Matheny" uid="3265371" lat="30.6156385" lon="-96.3452401"/>
 <node id="9338734132" visible="true" version="1" changeset="114940256" timestamp="2021-12-14T21:24:38Z" user="Andrew Matheny" uid="3265371" lat="30.6153971" lon="-96.3450169"/>
 <node id="9338734133" visible="true" version="1" changeset="114940256" timestamp="2021-12-14T21:24:38Z" user="Andrew Matheny" uid="3265371" lat="30.6148643" lon="-96.3448677"/>
 <node id="9338734134" visible="true" version="1" changeset="114940256" timestamp="2021-12-14T21:24:38Z" user="Andrew Matheny" uid="3265371" lat="30.6148984" lon="-96.3449639"/>
 <node id="9338734139" visible="true" version="1" changeset="114940256" timestamp="2021-12-14T21:24:38Z" user="Andrew Matheny" uid="3265371" lat="30.6153318" lon="-96.3430276"/>
 <node id="9338734140" visible="true" version="3" changeset="140700859" timestamp="2023-09-02T00:36:09Z" user="UrbanUnPlanner" uid="14692283" lat="30.6137467" lon="-96.3448786">
  <tag k="crossing" v="unmarked"/>
  <tag k="crossing:markings" v="no"/>
  <tag k="highway" v="crossing"/>
  <tag k="tactile_paving" v="yes"/>
 </node>
 <node id="9338734145" visible="true" version="1" changeset="114940256" timestamp="2021-12-14T21:24:38Z" user="Andrew Matheny" uid="3265371" lat="30.6138030" lon="-96.3447454"/>
 <node id="9338734146" visible="true" version="1" changeset="114940256" timestamp="2021-12-14T21:24:38Z" user="Andrew Matheny" uid="3265371" lat="30.6139121" lon="-96.3445897"/>
 <node id="9338734147" visible="true" version="1" changeset="114940256" timestamp="2021-12-14T21:24:38Z" user="Andrew Matheny" uid="3265371" lat="30.6137655" lon="-96.3447990"/>
 <node id="9338734150" visible="true" version="1" changeset="114940256" timestamp="2021-12-14T21:24:38Z" user="Andrew Matheny" uid="3265371" lat="30.6141557" lon="-96.3448940"/>
 <node id="9338734151" visible="true" version="1" changeset="114940256" timestamp="2021-12-14T21:24:38Z" user="Andrew Matheny" uid="3265371" lat="30.6139117" lon="-96.3445573"/>
 <node id="9338734152" visible="true" version="1" changeset="114940256" timestamp="2021-12-14T21:24:38Z" user="Andrew Matheny" uid="3265371" lat="30.6140034" lon="-96.3446371"/>
 <node id="9356523180" visible="true" version="1" changeset="115225512" timestamp="2021-12-21T20:48:14Z" user="user_13199076" uid="13199076" lat="30.6179575" lon="-96.3502373"/>
 <node id="9356523181" visible="true" version="1" changeset="115225512" timestamp="2021-12-21T20:48:14Z" user="user_13199076" uid="13199076" lat="30.6176565" lon="-96.3499458"/>
 <node id="9356523182" visible="true" version="1" changeset="115225512" timestamp="2021-12-21T20:48:14Z" user="user_13199076" uid="13199076" lat="30.6174661" lon="-96.3498031"/>
 <node id="9356523183" visible="true" version="1" changeset="115225512" timestamp="2021-12-21T20:48:14Z" user="user_13199076" uid="13199076" lat="30.6173520" lon="-96.3497287"/>
 <node id="9356523184" visible="true" version="1" changeset="115225512" timestamp="2021-12-21T20:48:14Z" user="user_13199076" uid="13199076" lat="30.6172049" lon="-96.3496363"/>
 <node id="9356523185" visible="true" version="1" changeset="115225512" timestamp="2021-12-21T20:48:14Z" user="user_13199076" uid="13199076" lat="30.6167672" lon="-96.3493588"/>
 <node id="9356523186" visible="true" version="1" changeset="115225512" timestamp="2021-12-21T20:48:14Z" user="user_13199076" uid="13199076" lat="30.6167413" lon="-96.3493327"/>
 <node id="9356523187" visible="true" version="1" changeset="115225512" timestamp="2021-12-21T20:48:14Z" user="user_13199076" uid="13199076" lat="30.6167274" lon="-96.3493126"/>
 <node id="9356523188" visible="true" version="1" changeset="115225512" timestamp="2021-12-21T20:48:14Z" user="user_13199076" uid="13199076" lat="30.6167222" lon="-96.3492804"/>
 <node id="9356523189" visible="true" version="1" changeset="115225512" timestamp="2021-12-21T20:48:14Z" user="user_13199076" uid="13199076" lat="30.6167222" lon="-96.3492523"/>
 <node id="9356523190" visible="true" version="1" changeset="115225512" timestamp="2021-12-21T20:48:14Z" user="user_13199076" uid="13199076" lat="30.6167326" lon="-96.3492221"/>
 <node id="9356523191" visible="true" version="1" changeset="115225512" timestamp="2021-12-21T20:48:14Z" user="user_13199076" uid="13199076" lat="30.6173226" lon="-96.3485627"/>
 <node id="9356523192" visible="true" version="1" changeset="115225512" timestamp="2021-12-21T20:48:14Z" user="user_13199076" uid="13199076" lat="30.6185215" lon="-96.3496202"/>
 <node id="9356523193" visible="true" version="1" changeset="115225512" timestamp="2021-12-21T20:48:14Z" user="user_13199076" uid="13199076" lat="30.6185215" lon="-96.3496624"/>
 <node id="9356523194" visible="true" version="1" changeset="115225512" timestamp="2021-12-21T20:48:14Z" user="user_13199076" uid="13199076" lat="30.6185146" lon="-96.3496966"/>
 <node id="9356523195" visible="true" version="1" changeset="115225512" timestamp="2021-12-21T20:48:14Z" user="user_13199076" uid="13199076" lat="30.6185094" lon="-96.3497187"/>
 <node id="9356523196" visible="true" version="1" changeset="115225512" timestamp="2021-12-21T20:48:14Z" user="user_13199076" uid="13199076" lat="30.6179825" lon="-96.3502460"/>
 <node id="9356523197" visible="true" version="1" changeset="115225512" timestamp="2021-12-21T20:48:14Z" user="user_13199076" uid="13199076" lat="30.6180133" lon="-96.3502479"/>
 <node id="9356523198" visible="true" version="1" changeset="115225512" timestamp="2021-12-21T20:48:14Z" user="user_13199076" uid="13199076" lat="30.6180459" lon="-96.3502289"/>
 <node id="9722664781" visible="true" version="2" changeset="140728085" timestamp="2023-09-02T16:49:15Z" user="UrbanUnPlanner" uid="14692283" lat="30.6167303" lon="-96.3491822">
  <tag k="direction" v="backward"/>
  <tag k="highway" v="stop"/>
 </node>
 <node id="9722665693" visible="true" version="2" changeset="140728085" timestamp="2023-09-02T16:49:15Z" user="UrbanUnPlanner" uid="14692283" lat="30.6172598" lon="-96.3484290">
  <tag k="direction" v="forward"/>
  <tag k="highway" v="stop"/>
 </node>
 <node id="9722665694" visible="true" version="2" changeset="140728085" timestamp="2023-09-02T16:49:15Z" user="UrbanUnPlanner" uid="14692283" lat="30.6174119" lon="-96.3485678">
  <tag k="direction" v="backward"/>
  <tag k="highway" v="stop"/>
 </node>
 <node id="9864018945" visible="true" version="1" changeset="123154550" timestamp="2022-07-03T14:56:05Z" user="Trevor_1" uid="3715012" lat="30.6186923" lon="-96.3497097">
  <tag k="highway" v="stop"/>
 </node>
 <node id="9864018946" visible="true" version="1" changeset="123154550" timestamp="2022-07-03T14:56:05Z" user="Trevor_1" uid="3715012" lat="30.6185421" lon="-96.3495717">
  <tag k="highway" v="stop"/>
 </node>
 <node id="9879821246" visible="true" version="1" changeset="123449982" timestamp="2022-07-10T23:35:22Z" user="Trevor_1" uid="3715012" lat="30.6200216" lon="-96.3522209"/>
 <node id="9950922851" visible="true" version="1" changeset="124852336" timestamp="2022-08-13T12:56:02Z" user="Trevor_1" uid="3715012" lat="30.6135885" lon="-96.3510433"/>
 <node id="9950922852" visible="true" version="1" changeset="124852336" timestamp="2022-08-13T12:56:02Z" user="Trevor_1" uid="3715012" lat="30.6136899" lon="-96.3510244"/>
 <node id="9950922853" visible="true" version="1" changeset="124852336" timestamp="2022-08-13T12:56:02Z" user="Trevor_1" uid="3715012" lat="30.6137800" lon="-96.3510177"/>
 <node id="9950922854" visible="true" version="1" changeset="124852336" timestamp="2022-08-13T12:56:02Z" user="Trevor_1" uid="3715012" lat="30.6138434" lon="-96.3510203"/>
 <node id="9950922855" visible="true" version="1" changeset="124852336" timestamp="2022-08-13T12:56:02Z" user="Trevor_1" uid="3715012" lat="30.6139724" lon="-96.3510392"/>
 <node id="9950922856" visible="true" version="1" changeset="124852336" timestamp="2022-08-13T12:56:02Z" user="Trevor_1" uid="3715012" lat="30.6139589" lon="-96.3509479"/>
 <node id="9950922857" visible="true" version="1" changeset="124852336" timestamp="2022-08-13T12:56:02Z" user="Trevor_1" uid="3715012" lat="30.6139566" lon="-96.3508393"/>
 <node id="9950922858" visible="true" version="1" changeset="124852336" timestamp="2022-08-13T12:56:02Z" user="Trevor_1" uid="3715012" lat="30.6139635" lon="-96.3507870"/>
 <node id="9950922859" visible="true" version="2" changeset="143636964" timestamp="2023-11-05T04:04:57Z" user="kitto33" uid="14976430" lat="30.6139949" lon="-96.3506519"/>
 <node id="9950922860" visible="true" version="1" changeset="124852336" timestamp="2022-08-13T12:56:02Z" user="Trevor_1" uid="3715012" lat="30.6124495" lon="-96.3521781"/>
 <node id="9952752550" visible="true" version="2" changeset="143636964" timestamp="2023-11-05T04:04:57Z" user="kitto33" uid="14976430" lat="30.6132623" lon="-96.3505080"/>
 <node id="9952752551" visible="true" version="2" changeset="143636964" timestamp="2023-11-05T04:04:57Z" user="kitto33" uid="14976430" lat="30.6133558" lon="-96.3503994"/>
 <node id="10302584764" visible="true" version="2" changeset="144688376" timestamp="2023-12-02T11:25:48Z" user="kitto33" uid="14976430" lat="30.6170700" lon="-96.3448046"/>
 <node id="10553778081" visible="true" version="4" changeset="149039503" timestamp="2024-03-23T06:59:27Z" user="kitto33" uid="14976430" lat="30.6152215" lon="-96.3520530">
  <tag k="bench" v="yes"/>
  <tag k="bin" v="yes"/>
  <tag k="departures_board" v="no"/>
  <tag k="highway" v="bus_stop"/>
  <tag k="lit" v="no"/>
  <tag k="name" v="Vet School"/>
  <tag k="network" v="AggieSpirit"/>
  <tag k="operator" v="Texas A&amp;M University Transportation Services"/>
  <tag k="public_transport" v="platform"/>
  <tag k="ref" v="0032"/>
  <tag k="shelter" v="yes"/>
  <tag k="tactile_paving" v="no"/>
  <tag k="wheelchair" v="yes"/>
 </node>
 <node id="10553778082" visible="true" version="4" changeset="149039503" timestamp="2024-03-23T06:59:27Z" user="kitto33" uid="14976430" lat="30.6143559" lon="-96.3514797">
  <tag k="bench" v="yes"/>
  <tag k="bin" v="yes"/>
  <tag k="departures_board" v="no"/>
  <tag k="highway" v="bus_stop"/>
  <tag k="lit" v="no"/>
  <tag k="name" v="Vet School"/>
  <tag k="network" v="AggieSpirit"/>
  <tag k="operator" v="Texas A&amp;M University Transportation Services"/>
  <tag k="public_transport" v="platform"/>
  <tag k="ref" v="0034"/>
  <tag k="shelter" v="yes"/>
  <tag k="tactile_paving" v="no"/>
  <tag k="wheelchair" v="yes"/>
 </node>
 <node id="10553778083" visible="true" version="1" changeset="131251841" timestamp="2023-01-14T04:39:35Z" user="kitto33" uid="14976430" lat="30.6155545" lon="-96.3523373"/>
 <node id="10553778084" visible="true" version="1" changeset="131251841" timestamp="2023-01-14T04:39:35Z" user="kitto33" uid="14976430" lat="30.6160620" lon="-96.3515937"/>
 <node id="10553778085" visible="true" version="1" changeset="131251841" timestamp="2023-01-14T04:39:35Z" user="kitto33" uid="14976430" lat="30.6158947" lon="-96.3514083"/>
 <node id="10553778086" visible="true" version="1" changeset="131251841" timestamp="2023-01-14T04:39:35Z" user="kitto33" uid="14976430" lat="30.6153750" lon="-96.3521670"/>
 <node id="11076755761" visible="true" version="1" changeset="139206362" timestamp="2023-07-30T11:49:43Z" user="kitto33" uid="14976430" lat="30.6135982" lon="-96.3448737">
  <tag k="barrier" v="kerb"/>
  <tag k="kerb" v="lowered"/>
  <tag k="tactile_paving" v="yes"/>
 </node>
 <node id="11076755762" visible="true" version="1" changeset="139206362" timestamp="2023-07-30T11:49:43Z" user="kitto33" uid="14976430" lat="30.6135788" lon="-96.3449639">
  <tag k="barrier" v="kerb"/>
  <tag k="kerb" v="lowered"/>
  <tag k="tactile_paving" v="yes"/>
 </node>
 <node id="11076755763" visible="true" version="1" changeset="139206362" timestamp="2023-07-30T11:49:43Z" user="kitto33" uid="14976430" lat="30.6135281" lon="-96.3449897">
  <tag k="barrier" v="kerb"/>
  <tag k="kerb" v="lowered"/>
  <tag k="tactile_paving" v="yes"/>
 </node>
 <node id="11076755764" visible="true" version="1" changeset="139206362" timestamp="2023-07-30T11:49:43Z" user="kitto33" uid="14976430" lat="30.6134331" lon="-96.3449364">
  <tag k="barrier" v="kerb"/>
  <tag k="kerb" v="lowered"/>
  <tag k="tactile_paving" v="yes"/>
 </node>
 <node id="11080623404" visible="true" version="2" changeset="163205051" timestamp="2025-03-04T14:50:57Z" user="YuliyaShustava_lyft" uid="11089099" lat="30.5920475" lon="-96.3534806"/>
 <node id="11161998701" visible="true" version="1" changeset="140700859" timestamp="2023-09-02T00:36:09Z" user="UrbanUnPlanner" uid="14692283" lat="30.6137108" lon="-96.3448697"/>
 <node id="11161998702" visible="true" version="2" changeset="140728085" timestamp="2023-09-02T16:49:15Z" user="UrbanUnPlanner" uid="14692283" lat="30.6159088" lon="-96.3490411">
  <tag k="name" v="Bryan"/>
  <tag k="railway" v="signal_box"/>
  <tag k="railway:ref" v="Q073"/>
 </node>
 <node id="11161998703" visible="true" version="2" changeset="161573197" timestamp="2025-01-20T17:51:13Z" user="Trevor_1" uid="3715012" lat="30.6153778" lon="-96.3486509">
  <tag k="railway" v="signal"/>
  <tag k="railway:signal:direction" v="backward"/>
  <tag k="railway:signal:main" v="US:main"/>
  <tag k="railway:signal:main:form" v="light"/>
  <tag k="railway:signal:main:function" v="entry/protection"/>
  <tag k="railway:signal:main:height" v="normal"/>
  <tag k="railway:signal:position" v="left"/>
 </node>
 <node id="11161998704" visible="true" version="1" changeset="140700859" timestamp="2023-09-02T00:36:09Z" user="UrbanUnPlanner" uid="14692283" lat="30.6165690" lon="-96.3497346">
  <tag k="railway" v="signal"/>
  <tag k="railway:signal:direction" v="forward"/>
  <tag k="railway:signal:main" v="US:main"/>
  <tag k="railway:signal:main:form" v="light"/>
  <tag k="railway:signal:main:function" v="entry/protection"/>
  <tag k="railway:signal:main:height" v="normal"/>
  <tag k="railway:signal:position" v="right"/>
 </node>
 <node id="11162104405" visible="true" version="1" changeset="140700859" timestamp="2023-09-02T00:36:09Z" user="UrbanUnPlanner" uid="14692283" lat="30.6166271" lon="-96.3496511">
  <tag k="railway" v="signal"/>
  <tag k="railway:signal:direction" v="backward"/>
  <tag k="railway:signal:main" v="US:main"/>
  <tag k="railway:signal:main:form" v="light"/>
  <tag k="railway:signal:main:function" v="entry/protection"/>
  <tag k="railway:signal:main:height" v="normal"/>
  <tag k="railway:signal:position" v="left"/>
 </node>
 <node id="11163231781" visible="true" version="1" changeset="140728085" timestamp="2023-09-02T16:49:15Z" user="UrbanUnPlanner" uid="14692283" lat="30.6128832" lon="-96.3458304"/>
 <node id="11163231782" visible="true" version="1" changeset="140728085" timestamp="2023-09-02T16:49:15Z" user="UrbanUnPlanner" uid="14692283" lat="30.6126565" lon="-96.3456289"/>
 <node id="11163231783" visible="true" version="1" changeset="140728085" timestamp="2023-09-02T16:49:15Z" user="UrbanUnPlanner" uid="14692283" lat="30.6126473" lon="-96.3455592"/>
 <node id="11163231784" visible="true" version="1" changeset="140728085" timestamp="2023-09-02T16:49:15Z" user="UrbanUnPlanner" uid="14692283" lat="30.6126633" lon="-96.3455255"/>
 <node id="11163231786" visible="true" version="1" changeset="140728085" timestamp="2023-09-02T16:49:15Z" user="UrbanUnPlanner" uid="14692283" lat="30.6126492" lon="-96.3455735"/>
 <node id="11163231791" visible="true" version="1" changeset="140728085" timestamp="2023-09-02T16:49:15Z" user="UrbanUnPlanner" uid="14692283" lat="30.6151492" lon="-96.3477256">
  <tag k="barrier" v="kerb"/>
  <tag k="kerb" v="lowered"/>
  <tag k="tactile_paving" v="yes"/>
 </node>
 <node id="11163231792" visible="true" version="1" changeset="140728085" timestamp="2023-09-02T16:49:15Z" user="UrbanUnPlanner" uid="14692283" lat="30.6151269" lon="-96.3478592"/>
 <node id="11163231793" visible="true" version="1" changeset="140728085" timestamp="2023-09-02T16:49:15Z" user="UrbanUnPlanner" uid="14692283" lat="30.6151381" lon="-96.3479131">
  <tag k="barrier" v="kerb"/>
  <tag k="kerb" v="lowered"/>
  <tag k="tactile_paving" v="yes"/>
 </node>
 <node id="11163231794" visible="true" version="1" changeset="140728085" timestamp="2023-09-02T16:49:15Z" user="UrbanUnPlanner" uid="14692283" lat="30.6153108" lon="-96.3480679">
  <tag k="barrier" v="kerb"/>
  <tag k="kerb" v="lowered"/>
  <tag k="tactile_paving" v="yes"/>
 </node>
 <node id="11163231795" visible="true" version="2" changeset="144993967" timestamp="2023-12-11T10:36:26Z" user="kitto33" uid="14976430" lat="30.6151515" lon="-96.3476469">
  <tag k="barrier" v="kerb"/>
  <tag k="kerb" v="lowered"/>
  <tag k="tactile_paving" v="yes"/>
 </node>
 <node id="11163231797" visible="true" version="1" changeset="140728085" timestamp="2023-09-02T16:49:15Z" user="UrbanUnPlanner" uid="14692283" lat="30.6151607" lon="-96.3476929">
  <tag k="crossing" v="unmarked"/>
  <tag k="crossing:markings" v="no"/>
  <tag k="highway" v="crossing"/>
  <tag k="tactile_paving" v="yes"/>
 </node>
 <node id="11163231798" visible="true" version="1" changeset="140728085" timestamp="2023-09-02T16:49:15Z" user="UrbanUnPlanner" uid="14692283" lat="30.6148304" lon="-96.3450019"/>
 <node id="11163231799" visible="true" version="1" changeset="140728085" timestamp="2023-09-02T16:49:15Z" user="UrbanUnPlanner" uid="14692283" lat="30.6147965" lon="-96.3449941"/>
 <node id="11163231800" visible="true" version="1" changeset="140728085" timestamp="2023-09-02T16:49:15Z" user="UrbanUnPlanner" uid="14692283" lat="30.6145845" lon="-96.3450441"/>
 <node id="11163231801" visible="true" version="1" changeset="140728085" timestamp="2023-09-02T16:49:15Z" user="UrbanUnPlanner" uid="14692283" lat="30.6144118" lon="-96.3450687"/>
 <node id="11163231802" visible="true" version="1" changeset="140728085" timestamp="2023-09-02T16:49:15Z" user="UrbanUnPlanner" uid="14692283" lat="30.6142384" lon="-96.3449645">
  <tag k="barrier" v="kerb"/>
  <tag k="kerb" v="lowered"/>
  <tag k="tactile_paving" v="yes"/>
 </node>
 <node id="11163231803" visible="true" version="1" changeset="140728085" timestamp="2023-09-02T16:49:15Z" user="UrbanUnPlanner" uid="14692283" lat="30.6141491" lon="-96.3450723"/>
 <node id="11163231804" visible="true" version="1" changeset="140728085" timestamp="2023-09-02T16:49:15Z" user="UrbanUnPlanner" uid="14692283" lat="30.6141361" lon="-96.3451601"/>
 <node id="11163266105" visible="true" version="1" changeset="140728085" timestamp="2023-09-02T16:49:15Z" user="UrbanUnPlanner" uid="14692283" lat="30.6140951" lon="-96.3452945"/>
 <node id="11163266106" visible="true" version="1" changeset="140728085" timestamp="2023-09-02T16:49:15Z" user="UrbanUnPlanner" uid="14692283" lat="30.6140262" lon="-96.3454139"/>
 <node id="11163266107" visible="true" version="1" changeset="140728085" timestamp="2023-09-02T16:49:15Z" user="UrbanUnPlanner" uid="14692283" lat="30.6141256" lon="-96.3452348"/>
 <node id="11163266108" visible="true" version="1" changeset="140728085" timestamp="2023-09-02T16:49:15Z" user="UrbanUnPlanner" uid="14692283" lat="30.6137281" lon="-96.3458421"/>
 <node id="11163266109" visible="true" version="1" changeset="140728085" timestamp="2023-09-02T16:49:15Z" user="UrbanUnPlanner" uid="14692283" lat="30.6134670" lon="-96.3462172"/>
 <node id="11163266110" visible="true" version="1" changeset="140728085" timestamp="2023-09-02T16:49:15Z" user="UrbanUnPlanner" uid="14692283" lat="30.6134482" lon="-96.3462728"/>
 <node id="11163266111" visible="true" version="1" changeset="140728085" timestamp="2023-09-02T16:49:15Z" user="UrbanUnPlanner" uid="14692283" lat="30.6134700" lon="-96.3463263"/>
 <node id="11163266112" visible="true" version="1" changeset="140728085" timestamp="2023-09-02T16:49:15Z" user="UrbanUnPlanner" uid="14692283" lat="30.6139280" lon="-96.3467775"/>
 <node id="11163266113" visible="true" version="1" changeset="140728085" timestamp="2023-09-02T16:49:15Z" user="UrbanUnPlanner" uid="14692283" lat="30.6140752" lon="-96.3469127"/>
 <node id="11163266114" visible="true" version="1" changeset="140728085" timestamp="2023-09-02T16:49:15Z" user="UrbanUnPlanner" uid="14692283" lat="30.6141558" lon="-96.3469232"/>
 <node id="11163266115" visible="true" version="1" changeset="140728085" timestamp="2023-09-02T16:49:15Z" user="UrbanUnPlanner" uid="14692283" lat="30.6145738" lon="-96.3473188"/>
 <node id="11163266116" visible="true" version="1" changeset="140728085" timestamp="2023-09-02T16:49:15Z" user="UrbanUnPlanner" uid="14692283" lat="30.6147676" lon="-96.3474624"/>
 <node id="11163266117" visible="true" version="1" changeset="140728085" timestamp="2023-09-02T16:49:15Z" user="UrbanUnPlanner" uid="14692283" lat="30.6149318" lon="-96.3475293"/>
 <node id="11163266118" visible="true" version="1" changeset="140728085" timestamp="2023-09-02T16:49:15Z" user="UrbanUnPlanner" uid="14692283" lat="30.6148700" lon="-96.3475370">
  <tag k="highway" v="street_lamp"/>
 </node>
 <node id="11163266119" visible="true" version="1" changeset="140728085" timestamp="2023-09-02T16:49:15Z" user="UrbanUnPlanner" uid="14692283" lat="30.6149875" lon="-96.3475518"/>
 <node id="11163266120" visible="true" version="2" changeset="144993967" timestamp="2023-12-11T10:36:26Z" user="kitto33" uid="14976430" lat="30.6151898" lon="-96.3475939"/>
 <node id="11163266122" visible="true" version="3" changeset="144993967" timestamp="2023-12-11T10:36:26Z" user="kitto33" uid="14976430" lat="30.6153167" lon="-96.3476619"/>
 <node id="11163266124" visible="true" version="3" changeset="144993967" timestamp="2023-12-11T10:36:26Z" user="kitto33" uid="14976430" lat="30.6160495" lon="-96.3476953"/>
 <node id="11163266125" visible="true" version="2" changeset="144993967" timestamp="2023-12-11T10:36:26Z" user="kitto33" uid="14976430" lat="30.6161807" lon="-96.3476336"/>
 <node id="11163266126" visible="true" version="2" changeset="144993967" timestamp="2023-12-11T10:36:26Z" user="kitto33" uid="14976430" lat="30.6163102" lon="-96.3474942"/>
 <node id="11163266127" visible="true" version="2" changeset="143636964" timestamp="2023-11-05T04:04:57Z" user="kitto33" uid="14976430" lat="30.6163623" lon="-96.3474217"/>
 <node id="11163266128" visible="true" version="2" changeset="144993967" timestamp="2023-12-11T10:36:26Z" user="kitto33" uid="14976430" lat="30.6164699" lon="-96.3473210"/>
 <node id="11163266129" visible="true" version="1" changeset="140728085" timestamp="2023-09-02T16:49:15Z" user="UrbanUnPlanner" uid="14692283" lat="30.6163421" lon="-96.3474712">
  <tag k="highway" v="street_lamp"/>
 </node>
 <node id="11163266131" visible="true" version="2" changeset="144993967" timestamp="2023-12-11T10:36:26Z" user="kitto33" uid="14976430" lat="30.6169127" lon="-96.3467934"/>
 <node id="11163266132" visible="true" version="2" changeset="144993967" timestamp="2023-12-11T10:36:26Z" user="kitto33" uid="14976430" lat="30.6169050" lon="-96.3467228"/>
 <node id="11163266133" visible="true" version="2" changeset="144993967" timestamp="2023-12-11T10:36:26Z" user="kitto33" uid="14976430" lat="30.6168532" lon="-96.3466693">
  <tag k="barrier" v="kerb"/>
  <tag k="kerb" v="lowered"/>
  <tag k="tactile_paving" v="yes"/>
 </node>
 <node id="11163266134" visible="true" version="1" changeset="140728085" timestamp="2023-09-02T16:49:15Z" user="UrbanUnPlanner" uid="14692283" lat="30.6137838" lon="-96.3457620">
  <tag k="highway" v="crossing"/>
 </node>
 <node id="11163266135" visible="true" version="2" changeset="143636964" timestamp="2023-11-05T04:04:57Z" user="kitto33" uid="14976430" lat="30.6158795" lon="-96.3476896"/>
 <node id="11163266136" visible="true" version="2" changeset="144993967" timestamp="2023-12-11T10:36:26Z" user="kitto33" uid="14976430" lat="30.6159324" lon="-96.3477302"/>
 <node id="11163266137" visible="true" version="2" changeset="144993967" timestamp="2023-12-11T10:36:26Z" user="kitto33" uid="14976430" lat="30.6159621" lon="-96.3477874"/>
 <node id="11163266138" visible="true" version="1" changeset="140728085" timestamp="2023-09-02T16:49:15Z" user="UrbanUnPlanner" uid="14692283" lat="30.6159563" lon="-96.3478873">
  <tag k="barrier" v="kerb"/>
  <tag k="kerb" v="lowered"/>
  <tag k="tactile_paving" v="yes"/>
 </node>
 <node id="11163266139" visible="true" version="2" changeset="144993967" timestamp="2023-12-11T10:36:26Z" user="kitto33" uid="14976430" lat="30.6159962" lon="-96.3477311"/>
 <node id="11163266141" visible="true" version="1" changeset="140728085" timestamp="2023-09-02T16:49:15Z" user="UrbanUnPlanner" uid="14692283" lat="30.6157844" lon="-96.3482730">
  <tag k="highway" v="street_lamp"/>
 </node>
 <node id="11163266142" visible="true" version="1" changeset="140728085" timestamp="2023-09-02T16:49:15Z" user="UrbanUnPlanner" uid="14692283" lat="30.6153247" lon="-96.3480709"/>
 <node id="11163266143" visible="true" version="1" changeset="140728085" timestamp="2023-09-02T16:49:15Z" user="UrbanUnPlanner" uid="14692283" lat="30.6153317" lon="-96.3481171"/>
 <node id="11163266144" visible="true" version="1" changeset="140728085" timestamp="2023-09-02T16:49:15Z" user="UrbanUnPlanner" uid="14692283" lat="30.6160571" lon="-96.3488112"/>
 <node id="11163266145" visible="true" version="1" changeset="140728085" timestamp="2023-09-02T16:49:15Z" user="UrbanUnPlanner" uid="14692283" lat="30.6162372" lon="-96.3489468"/>
 <node id="11163266146" visible="true" version="1" changeset="140728085" timestamp="2023-09-02T16:49:15Z" user="UrbanUnPlanner" uid="14692283" lat="30.6162823" lon="-96.3489468"/>
 <node id="11163266147" visible="true" version="1" changeset="140728085" timestamp="2023-09-02T16:49:15Z" user="UrbanUnPlanner" uid="14692283" lat="30.6159892" lon="-96.3487426"/>
 <node id="11163266148" visible="true" version="1" changeset="140728085" timestamp="2023-09-02T16:49:15Z" user="UrbanUnPlanner" uid="14692283" lat="30.6155673" lon="-96.3483609"/>
 <node id="11163266149" visible="true" version="1" changeset="140728085" timestamp="2023-09-02T16:49:15Z" user="UrbanUnPlanner" uid="14692283" lat="30.6159502" lon="-96.3480137">
  <tag k="barrier" v="kerb"/>
  <tag k="kerb" v="flush"/>
  <tag k="tactile_paving" v="yes"/>
 </node>
 <node id="11163266150" visible="true" version="1" changeset="140728085" timestamp="2023-09-02T16:49:15Z" user="UrbanUnPlanner" uid="14692283" lat="30.6159456" lon="-96.3480633">
  <tag k="barrier" v="kerb"/>
  <tag k="kerb" v="flush"/>
  <tag k="tactile_paving" v="yes"/>
 </node>
 <node id="11163266151" visible="true" version="1" changeset="140728085" timestamp="2023-09-02T16:49:15Z" user="UrbanUnPlanner" uid="14692283" lat="30.6158645" lon="-96.3481714">
  <tag k="barrier" v="kerb"/>
  <tag k="kerb" v="lowered"/>
  <tag k="tactile_paving" v="yes"/>
 </node>
 <node id="11163266152" visible="true" version="1" changeset="140728085" timestamp="2023-09-02T16:49:15Z" user="UrbanUnPlanner" uid="14692283" lat="30.6154216" lon="-96.3488182"/>
 <node id="11163266153" visible="true" version="1" changeset="140728085" timestamp="2023-09-02T16:49:15Z" user="UrbanUnPlanner" uid="14692283" lat="30.6152929" lon="-96.3489977"/>
 <node id="11163266154" visible="true" version="1" changeset="140728085" timestamp="2023-09-02T16:49:15Z" user="UrbanUnPlanner" uid="14692283" lat="30.6153056" lon="-96.3489477">
  <tag k="highway" v="street_lamp"/>
 </node>
 <node id="11163266155" visible="true" version="1" changeset="140728085" timestamp="2023-09-02T16:49:15Z" user="UrbanUnPlanner" uid="14692283" lat="30.6151811" lon="-96.3491381"/>
 <node id="11163266156" visible="true" version="2" changeset="143636964" timestamp="2023-11-05T04:04:57Z" user="kitto33" uid="14976430" lat="30.6151159" lon="-96.3492082"/>
 <node id="11163266157" visible="true" version="1" changeset="140728085" timestamp="2023-09-02T16:49:15Z" user="UrbanUnPlanner" uid="14692283" lat="30.6150561" lon="-96.3492909"/>
 <node id="11163266158" visible="true" version="2" changeset="143636964" timestamp="2023-11-05T04:04:57Z" user="kitto33" uid="14976430" lat="30.6147765" lon="-96.3496103"/>
 <node id="11163266159" visible="true" version="2" changeset="143636964" timestamp="2023-11-05T04:04:57Z" user="kitto33" uid="14976430" lat="30.6146061" lon="-96.3497930"/>
 <node id="11163266161" visible="true" version="1" changeset="140728085" timestamp="2023-09-02T16:49:15Z" user="UrbanUnPlanner" uid="14692283" lat="30.6142224" lon="-96.3501540"/>
 <node id="11163266162" visible="true" version="1" changeset="140728085" timestamp="2023-09-02T16:49:15Z" user="UrbanUnPlanner" uid="14692283" lat="30.6139607" lon="-96.3503756"/>
 <node id="11163266163" visible="true" version="1" changeset="140728085" timestamp="2023-09-02T16:49:15Z" user="UrbanUnPlanner" uid="14692283" lat="30.6137901" lon="-96.3505526"/>
 <node id="11163266164" visible="true" version="1" changeset="140728085" timestamp="2023-09-02T16:49:15Z" user="UrbanUnPlanner" uid="14692283" lat="30.6137270" lon="-96.3505640"/>
 <node id="11163266165" visible="true" version="2" changeset="143636964" timestamp="2023-11-05T04:04:57Z" user="kitto33" uid="14976430" lat="30.6133835" lon="-96.3502590"/>
 <node id="11163266166" visible="true" version="2" changeset="143636964" timestamp="2023-11-05T04:04:57Z" user="kitto33" uid="14976430" lat="30.6131056" lon="-96.3500654"/>
 <node id="11163266167" visible="true" version="2" changeset="143636964" timestamp="2023-11-05T04:04:57Z" user="kitto33" uid="14976430" lat="30.6127665" lon="-96.3498753"/>
 <node id="11163266168" visible="true" version="1" changeset="140728085" timestamp="2023-09-02T16:49:15Z" user="UrbanUnPlanner" uid="14692283" lat="30.6124854" lon="-96.3497152"/>
 <node id="11163266169" visible="true" version="1" changeset="140728085" timestamp="2023-09-02T16:49:15Z" user="UrbanUnPlanner" uid="14692283" lat="30.6120757" lon="-96.3494306"/>
 <node id="11163266170" visible="true" version="2" changeset="143644286" timestamp="2023-11-05T10:46:29Z" user="kitto33" uid="14976430" lat="30.6119977" lon="-96.3493426"/>
 <node id="11163266171" visible="true" version="1" changeset="140728085" timestamp="2023-09-02T16:49:15Z" user="UrbanUnPlanner" uid="14692283" lat="30.6119878" lon="-96.3492265"/>
 <node id="11163266172" visible="true" version="1" changeset="140728085" timestamp="2023-09-02T16:49:15Z" user="UrbanUnPlanner" uid="14692283" lat="30.6121346" lon="-96.3490022"/>
 <node id="11163266173" visible="true" version="1" changeset="140728085" timestamp="2023-09-02T16:49:15Z" user="UrbanUnPlanner" uid="14692283" lat="30.6123993" lon="-96.3486154"/>
 <node id="11163266196" visible="true" version="2" changeset="149377443" timestamp="2024-03-31T06:40:56Z" user="kitto33" uid="14976430" lat="30.6159529" lon="-96.3479584">
  <tag k="crossing" v="marked"/>
  <tag k="crossing:markings" v="zebra"/>
  <tag k="highway" v="crossing"/>
 </node>
 <node id="11163266198" visible="true" version="1" changeset="140728085" timestamp="2023-09-02T16:49:15Z" user="UrbanUnPlanner" uid="14692283" lat="30.6144688" lon="-96.3513545"/>
 <node id="11163266199" visible="true" version="1" changeset="140728085" timestamp="2023-09-02T16:49:15Z" user="UrbanUnPlanner" uid="14692283" lat="30.6142994" lon="-96.3511866"/>
 <node id="11163266200" visible="true" version="1" changeset="140728085" timestamp="2023-09-02T16:49:15Z" user="UrbanUnPlanner" uid="14692283" lat="30.6140939" lon="-96.3509992"/>
 <node id="11163266201" visible="true" version="1" changeset="140728085" timestamp="2023-09-02T16:49:15Z" user="UrbanUnPlanner" uid="14692283" lat="30.6139988" lon="-96.3509048"/>
 <node id="11163266202" visible="true" version="1" changeset="140728085" timestamp="2023-09-02T16:49:15Z" user="UrbanUnPlanner" uid="14692283" lat="30.6140156" lon="-96.3508461"/>
 <node id="11163266203" visible="true" version="1" changeset="140728085" timestamp="2023-09-02T16:49:15Z" user="UrbanUnPlanner" uid="14692283" lat="30.6140585" lon="-96.3508090"/>
 <node id="11163266204" visible="true" version="1" changeset="140728085" timestamp="2023-09-02T16:49:15Z" user="UrbanUnPlanner" uid="14692283" lat="30.6140654" lon="-96.3507722"/>
 <node id="11163266205" visible="true" version="1" changeset="140728085" timestamp="2023-09-02T16:49:15Z" user="UrbanUnPlanner" uid="14692283" lat="30.6140654" lon="-96.3507277"/>
 <node id="11163266206" visible="true" version="1" changeset="140728085" timestamp="2023-09-02T16:49:15Z" user="UrbanUnPlanner" uid="14692283" lat="30.6141709" lon="-96.3506368"/>
 <node id="11163266207" visible="true" version="1" changeset="140728085" timestamp="2023-09-02T16:49:15Z" user="UrbanUnPlanner" uid="14692283" lat="30.6144015" lon="-96.3504045"/>
 <node id="11163266208" visible="true" version="1" changeset="140728085" timestamp="2023-09-02T16:49:15Z" user="UrbanUnPlanner" uid="14692283" lat="30.6146431" lon="-96.3501662"/>
 <node id="11163266209" visible="true" version="1" changeset="140728085" timestamp="2023-09-02T16:49:15Z" user="UrbanUnPlanner" uid="14692283" lat="30.6147171" lon="-96.3500891"/>
 <node id="11163266210" visible="true" version="1" changeset="140728085" timestamp="2023-09-02T16:49:15Z" user="UrbanUnPlanner" uid="14692283" lat="30.6147665" lon="-96.3500614"/>
 <node id="11163266211" visible="true" version="1" changeset="140728085" timestamp="2023-09-02T16:49:15Z" user="UrbanUnPlanner" uid="14692283" lat="30.6147971" lon="-96.3500041"/>
 <node id="11163266212" visible="true" version="1" changeset="140728085" timestamp="2023-09-02T16:49:15Z" user="UrbanUnPlanner" uid="14692283" lat="30.6148635" lon="-96.3499201"/>
 <node id="11163266213" visible="true" version="1" changeset="140728085" timestamp="2023-09-02T16:49:15Z" user="UrbanUnPlanner" uid="14692283" lat="30.6149035" lon="-96.3498459"/>
 <node id="11163266214" visible="true" version="1" changeset="140728085" timestamp="2023-09-02T16:49:15Z" user="UrbanUnPlanner" uid="14692283" lat="30.6149792" lon="-96.3497856"/>
 <node id="11163266215" visible="true" version="1" changeset="140728085" timestamp="2023-09-02T16:49:15Z" user="UrbanUnPlanner" uid="14692283" lat="30.6151944" lon="-96.3495217"/>
 <node id="11163266216" visible="true" version="1" changeset="140728085" timestamp="2023-09-02T16:49:15Z" user="UrbanUnPlanner" uid="14692283" lat="30.6153935" lon="-96.3492894"/>
 <node id="11163266217" visible="true" version="1" changeset="140728085" timestamp="2023-09-02T16:49:15Z" user="UrbanUnPlanner" uid="14692283" lat="30.6155543" lon="-96.3490699"/>
 <node id="11163266218" visible="true" version="1" changeset="140728085" timestamp="2023-09-02T16:49:15Z" user="UrbanUnPlanner" uid="14692283" lat="30.6158989" lon="-96.3485835"/>
 <node id="11163266219" visible="true" version="2" changeset="143636964" timestamp="2023-11-05T04:04:57Z" user="kitto33" uid="14976430" lat="30.6160822" lon="-96.3483191">
  <tag k="barrier" v="kerb"/>
  <tag k="kerb" v="lowered"/>
  <tag k="tactile_paving" v="yes"/>
 </node>
 <node id="11163266220" visible="true" version="2" changeset="143636964" timestamp="2023-11-05T04:04:57Z" user="kitto33" uid="14976430" lat="30.6161724" lon="-96.3481903"/>
 <node id="11163266221" visible="true" version="2" changeset="143636964" timestamp="2023-11-05T04:04:57Z" user="kitto33" uid="14976430" lat="30.6162002" lon="-96.3481795">
  <tag k="barrier" v="kerb"/>
  <tag k="kerb" v="lowered"/>
  <tag k="tactile_paving" v="yes"/>
 </node>
 <node id="11163266222" visible="true" version="1" changeset="140728085" timestamp="2023-09-02T16:49:15Z" user="UrbanUnPlanner" uid="14692283" lat="30.6162823" lon="-96.3481451">
  <tag k="barrier" v="kerb"/>
  <tag k="kerb" v="lowered"/>
  <tag k="tactile_paving" v="yes"/>
 </node>
 <node id="11163266223" visible="true" version="2" changeset="144993967" timestamp="2023-12-11T10:36:26Z" user="kitto33" uid="14976430" lat="30.6163890" lon="-96.3482352"/>
 <node id="11163266224" visible="true" version="2" changeset="144993967" timestamp="2023-12-11T10:36:26Z" user="kitto33" uid="14976430" lat="30.6163144" lon="-96.3481666"/>
 <node id="11163266225" visible="true" version="2" changeset="144993967" timestamp="2023-12-11T10:36:26Z" user="kitto33" uid="14976430" lat="30.6162929" lon="-96.3481159"/>
 <node id="11163266226" visible="true" version="2" changeset="144993967" timestamp="2023-12-11T10:36:26Z" user="kitto33" uid="14976430" lat="30.6163047" lon="-96.3480474"/>
 <node id="11163266228" visible="true" version="2" changeset="144993967" timestamp="2023-12-11T10:36:26Z" user="kitto33" uid="14976430" lat="30.6162981" lon="-96.3481386"/>
 <node id="11163266229" visible="true" version="2" changeset="144993967" timestamp="2023-12-11T10:36:26Z" user="kitto33" uid="14976430" lat="30.6162523" lon="-96.3481577">
  <tag k="crossing" v="uncontrolled"/>
  <tag k="crossing:markings" v="lines"/>
  <tag k="highway" v="crossing"/>
  <tag k="tactile_paving" v="yes"/>
 </node>
 <node id="11163266230" visible="true" version="2" changeset="143636964" timestamp="2023-11-05T04:04:57Z" user="kitto33" uid="14976430" lat="30.6161455" lon="-96.3482287">
  <tag k="barrier" v="kerb"/>
  <tag k="kerb" v="lowered"/>
  <tag k="tactile_paving" v="yes"/>
 </node>
 <node id="11163266232" visible="true" version="2" changeset="144993967" timestamp="2023-12-11T10:36:26Z" user="kitto33" uid="14976430" lat="30.6165151" lon="-96.3483653"/>
 <node id="11163266233" visible="true" version="2" changeset="144993967" timestamp="2023-12-11T10:36:26Z" user="kitto33" uid="14976430" lat="30.6165932" lon="-96.3485545"/>
 <node id="11163266234" visible="true" version="2" changeset="144993967" timestamp="2023-12-11T10:36:26Z" user="kitto33" uid="14976430" lat="30.6166156" lon="-96.3486731"/>
 <node id="11163266235" visible="true" version="1" changeset="140728085" timestamp="2023-09-02T16:49:15Z" user="UrbanUnPlanner" uid="14692283" lat="30.6165967" lon="-96.3489264"/>
 <node id="11163266236" visible="true" version="1" changeset="140728085" timestamp="2023-09-02T16:49:15Z" user="UrbanUnPlanner" uid="14692283" lat="30.6165278" lon="-96.3490921"/>
 <node id="11163266237" visible="true" version="1" changeset="140728085" timestamp="2023-09-02T16:49:15Z" user="UrbanUnPlanner" uid="14692283" lat="30.6165307" lon="-96.3491558"/>
 <node id="11163266238" visible="true" version="1" changeset="140728085" timestamp="2023-09-02T16:49:15Z" user="UrbanUnPlanner" uid="14692283" lat="30.6165693" lon="-96.3491917"/>
 <node id="11163266239" visible="true" version="1" changeset="140728085" timestamp="2023-09-02T16:49:15Z" user="UrbanUnPlanner" uid="14692283" lat="30.6166024" lon="-96.3491861"/>
 <node id="11163266240" visible="true" version="1" changeset="140728085" timestamp="2023-09-02T16:49:15Z" user="UrbanUnPlanner" uid="14692283" lat="30.6166557" lon="-96.3491534"/>
 <node id="11163266241" visible="true" version="1" changeset="140728085" timestamp="2023-09-02T16:49:15Z" user="UrbanUnPlanner" uid="14692283" lat="30.6167056" lon="-96.3491109"/>
 <node id="11163266242" visible="true" version="1" changeset="140728085" timestamp="2023-09-02T16:49:15Z" user="UrbanUnPlanner" uid="14692283" lat="30.6162822" lon="-96.3489624">
  <tag k="barrier" v="kerb"/>
  <tag k="kerb" v="lowered"/>
  <tag k="tactile_paving" v="yes"/>
 </node>
 <node id="11163266243" visible="true" version="1" changeset="140728085" timestamp="2023-09-02T16:49:15Z" user="UrbanUnPlanner" uid="14692283" lat="30.6165201" lon="-96.3491367">
  <tag k="barrier" v="kerb"/>
  <tag k="kerb" v="lowered"/>
  <tag k="tactile_paving" v="yes"/>
 </node>
 <node id="11163266244" visible="true" version="1" changeset="140728085" timestamp="2023-09-02T16:49:15Z" user="UrbanUnPlanner" uid="14692283" lat="30.6165298" lon="-96.3491362"/>
 <node id="11163266245" visible="true" version="1" changeset="140728085" timestamp="2023-09-02T16:49:15Z" user="UrbanUnPlanner" uid="14692283" lat="30.6163796" lon="-96.3490338">
  <tag k="button_operated" v="yes"/>
  <tag k="crossing" v="traffic_signals"/>
  <tag k="crossing:markings" v="lines"/>
  <tag k="highway" v="crossing"/>
  <tag k="tactile_paving" v="yes"/>
 </node>
 <node id="11163266246" visible="true" version="1" changeset="140728085" timestamp="2023-09-02T16:49:15Z" user="UrbanUnPlanner" uid="14692283" lat="30.6164574" lon="-96.3490908">
  <tag k="button_operated" v="yes"/>
  <tag k="crossing" v="traffic_signals"/>
  <tag k="crossing:markings" v="lines"/>
  <tag k="highway" v="crossing"/>
  <tag k="tactile_paving" v="yes"/>
 </node>
 <node id="11163266247" visible="true" version="2" changeset="144993967" timestamp="2023-12-11T10:36:26Z" user="kitto33" uid="14976430" lat="30.6166140" lon="-96.3476057"/>
 <node id="11163266248" visible="true" version="1" changeset="140728085" timestamp="2023-09-02T16:49:15Z" user="UrbanUnPlanner" uid="14692283" lat="30.6166570" lon="-96.3475230"/>
 <node id="11163266249" visible="true" version="1" changeset="140728085" timestamp="2023-09-02T16:49:15Z" user="UrbanUnPlanner" uid="14692283" lat="30.6167106" lon="-96.3474508"/>
 <node id="11163266250" visible="true" version="1" changeset="140728085" timestamp="2023-09-02T16:49:15Z" user="UrbanUnPlanner" uid="14692283" lat="30.6167608" lon="-96.3474281"/>
 <node id="11163266251" visible="true" version="2" changeset="144993967" timestamp="2023-12-11T10:36:26Z" user="kitto33" uid="14976430" lat="30.6165696" lon="-96.3476655">
  <tag k="highway" v="crossing"/>
 </node>
 <node id="11163266252" visible="true" version="1" changeset="140728085" timestamp="2023-09-02T16:49:15Z" user="UrbanUnPlanner" uid="14692283" lat="30.6167228" lon="-96.3492389">
  <tag k="barrier" v="kerb"/>
  <tag k="kerb" v="lowered"/>
  <tag k="tactile_paving" v="yes"/>
 </node>
 <node id="11163266253" visible="true" version="1" changeset="140728085" timestamp="2023-09-02T16:49:15Z" user="UrbanUnPlanner" uid="14692283" lat="30.6167326" lon="-96.3492442"/>
 <node id="11163266254" visible="true" version="1" changeset="140728085" timestamp="2023-09-02T16:49:15Z" user="UrbanUnPlanner" uid="14692283" lat="30.6166332" lon="-96.3491762"/>
 <node id="11163266255" visible="true" version="1" changeset="140728085" timestamp="2023-09-02T16:49:15Z" user="UrbanUnPlanner" uid="14692283" lat="30.6166599" lon="-96.3491586">
  <tag k="barrier" v="kerb"/>
  <tag k="kerb" v="lowered"/>
  <tag k="tactile_paving" v="yes"/>
 </node>
 <node id="11163266256" visible="true" version="1" changeset="140728085" timestamp="2023-09-02T16:49:15Z" user="UrbanUnPlanner" uid="14692283" lat="30.6167024" lon="-96.3492129">
  <tag k="crossing" v="unmarked"/>
  <tag k="crossing:markings" v="no"/>
  <tag k="highway" v="crossing"/>
  <tag k="tactile_paving" v="yes"/>
 </node>
 <node id="11163266257" visible="true" version="1" changeset="140728085" timestamp="2023-09-02T16:49:15Z" user="UrbanUnPlanner" uid="14692283" lat="30.6167850" lon="-96.3491773"/>
 <node id="11163266258" visible="true" version="1" changeset="140728085" timestamp="2023-09-02T16:49:15Z" user="UrbanUnPlanner" uid="14692283" lat="30.6168143" lon="-96.3491444"/>
 <node id="11163266259" visible="true" version="1" changeset="140728085" timestamp="2023-09-02T16:49:15Z" user="UrbanUnPlanner" uid="14692283" lat="30.6168483" lon="-96.3491433"/>
 <node id="11163266260" visible="true" version="1" changeset="140728085" timestamp="2023-09-02T16:49:15Z" user="UrbanUnPlanner" uid="14692283" lat="30.6168819" lon="-96.3491082"/>
 <node id="11163266261" visible="true" version="1" changeset="140728085" timestamp="2023-09-02T16:49:15Z" user="UrbanUnPlanner" uid="14692283" lat="30.6168991" lon="-96.3491188"/>
 <node id="11163266262" visible="true" version="1" changeset="140728085" timestamp="2023-09-02T16:49:15Z" user="UrbanUnPlanner" uid="14692283" lat="30.6173371" lon="-96.3486132"/>
 <node id="11163266263" visible="true" version="1" changeset="140728085" timestamp="2023-09-02T16:49:15Z" user="UrbanUnPlanner" uid="14692283" lat="30.6167372" lon="-96.3492882"/>
 <node id="11163266264" visible="true" version="1" changeset="140728085" timestamp="2023-09-02T16:49:15Z" user="UrbanUnPlanner" uid="14692283" lat="30.6167639" lon="-96.3493299"/>
 <node id="11163266265" visible="true" version="1" changeset="140728085" timestamp="2023-09-02T16:49:15Z" user="UrbanUnPlanner" uid="14692283" lat="30.6168517" lon="-96.3493682"/>
 <node id="11163266266" visible="true" version="1" changeset="140728085" timestamp="2023-09-02T16:49:15Z" user="UrbanUnPlanner" uid="14692283" lat="30.6169045" lon="-96.3493797"/>
 <node id="11163266267" visible="true" version="1" changeset="140728085" timestamp="2023-09-02T16:49:15Z" user="UrbanUnPlanner" uid="14692283" lat="30.6169642" lon="-96.3494148"/>
 <node id="11163316158" visible="true" version="1" changeset="140729018" timestamp="2023-09-02T17:17:09Z" user="UrbanUnPlanner" uid="14692283" lat="30.6153125" lon="-96.3490042">
  <tag k="direction" v="225"/>
  <tag k="inscription" v="14FT 11IN"/>
  <tag k="traffic_sign" v="US:W12-2a"/>
 </node>
 <node id="11163316159" visible="true" version="1" changeset="140729018" timestamp="2023-09-02T17:17:09Z" user="UrbanUnPlanner" uid="14692283" lat="30.6155084" lon="-96.3488376"/>
 <node id="11163316160" visible="true" version="1" changeset="140729018" timestamp="2023-09-02T17:17:09Z" user="UrbanUnPlanner" uid="14692283" lat="30.6157741" lon="-96.3484599"/>
 <node id="11163316161" visible="true" version="1" changeset="140729018" timestamp="2023-09-02T17:17:09Z" user="UrbanUnPlanner" uid="14692283" lat="30.6160238" lon="-96.3484567">
  <tag k="direction" v="45"/>
  <tag k="inscription" v="14FT 9IN"/>
  <tag k="traffic_sign" v="US:W12-2a"/>
 </node>
 <node id="11163316162" visible="true" version="1" changeset="140729018" timestamp="2023-09-02T17:17:09Z" user="UrbanUnPlanner" uid="14692283" lat="30.6158486" lon="-96.3485780"/>
 <node id="11163316163" visible="true" version="1" changeset="140729018" timestamp="2023-09-02T17:17:09Z" user="UrbanUnPlanner" uid="14692283" lat="30.6155832" lon="-96.3489506"/>
 <node id="11163316188" visible="true" version="1" changeset="140729018" timestamp="2023-09-02T17:17:09Z" user="UrbanUnPlanner" uid="14692283" lat="30.6242451" lon="-96.3567383">
  <tag k="crossing:activation" v="automatic"/>
  <tag k="crossing:barrier" v="no"/>
  <tag k="crossing:bell" v="yes"/>
  <tag k="crossing:light" v="yes"/>
  <tag k="crossing:saltire" v="yes"/>
  <tag k="lit" v="yes"/>
  <tag k="operator" v="Union Pacific"/>
  <tag k="operator:phone" v="+1-800-848-8715"/>
  <tag k="railway" v="crossing"/>
  <tag k="railway:position" v="mi:74.38"/>
  <tag k="ref:fra_crossing" v="743209X"/>
 </node>
 <node id="11203833825" visible="true" version="1" changeset="141490416" timestamp="2023-09-20T01:35:39Z" user="kitto33" uid="14976430" lat="30.6177489" lon="-96.3461969"/>
 <node id="11323031922" visible="true" version="1" changeset="143636964" timestamp="2023-11-05T04:04:57Z" user="kitto33" uid="14976430" lat="30.6154633" lon="-96.3478278"/>
 <node id="11323031928" visible="true" version="1" changeset="143636964" timestamp="2023-11-05T04:04:57Z" user="kitto33" uid="14976430" lat="30.6142100" lon="-96.3512486"/>
 <node id="11323031929" visible="true" version="1" changeset="143636964" timestamp="2023-11-05T04:04:57Z" user="kitto33" uid="14976430" lat="30.6134526" lon="-96.3504892"/>
 <node id="11323031930" visible="true" version="1" changeset="143636964" timestamp="2023-11-05T04:04:57Z" user="kitto33" uid="14976430" lat="30.6129818" lon="-96.3501037"/>
 <node id="11323031931" visible="true" version="1" changeset="143636964" timestamp="2023-11-05T04:04:57Z" user="kitto33" uid="14976430" lat="30.6136980" lon="-96.3505945"/>
 <node id="11323031932" visible="true" version="1" changeset="143636964" timestamp="2023-11-05T04:04:57Z" user="kitto33" uid="14976430" lat="30.6138227" lon="-96.3505717"/>
 <node id="11323031935" visible="true" version="1" changeset="143636964" timestamp="2023-11-05T04:04:57Z" user="kitto33" uid="14976430" lat="30.6159106" lon="-96.3477085"/>
 <node id="11323031936" visible="true" version="2" changeset="144993967" timestamp="2023-12-11T10:36:26Z" user="kitto33" uid="14976430" lat="30.6161319" lon="-96.3476700"/>
 <node id="11323031937" visible="true" version="1" changeset="143636964" timestamp="2023-11-05T04:04:57Z" user="kitto33" uid="14976430" lat="30.6162277" lon="-96.3475888"/>
 <node id="11323031941" visible="true" version="1" changeset="143636964" timestamp="2023-11-05T04:04:57Z" user="kitto33" uid="14976430" lat="30.6137419" lon="-96.3505469"/>
 <node id="11323031942" visible="true" version="1" changeset="143636964" timestamp="2023-11-05T04:04:57Z" user="kitto33" uid="14976430" lat="30.6143444" lon="-96.3500454"/>
 <node id="11323031943" visible="true" version="1" changeset="143636964" timestamp="2023-11-05T04:04:57Z" user="kitto33" uid="14976430" lat="30.6142855" lon="-96.3500896"/>
 <node id="11323031944" visible="true" version="1" changeset="143636964" timestamp="2023-11-05T04:04:57Z" user="kitto33" uid="14976430" lat="30.6152377" lon="-96.3490482"/>
 <node id="11323031945" visible="true" version="1" changeset="143636964" timestamp="2023-11-05T04:04:57Z" user="kitto33" uid="14976430" lat="30.6150946" lon="-96.3492266"/>
 <node id="11323031946" visible="true" version="1" changeset="143636964" timestamp="2023-11-05T04:04:57Z" user="kitto33" uid="14976430" lat="30.6147258" lon="-96.3496548"/>
 <node id="11323031947" visible="true" version="1" changeset="143636964" timestamp="2023-11-05T04:04:57Z" user="kitto33" uid="14976430" lat="30.6143588" lon="-96.3500430"/>
 <node id="11323031948" visible="true" version="1" changeset="143636964" timestamp="2023-11-05T04:04:57Z" user="kitto33" uid="14976430" lat="30.6144436" lon="-96.3499629"/>
 <node id="11323031949" visible="true" version="1" changeset="143636964" timestamp="2023-11-05T04:04:57Z" user="kitto33" uid="14976430" lat="30.6144150" lon="-96.3493497"/>
 <node id="11323031950" visible="true" version="1" changeset="143636964" timestamp="2023-11-05T04:04:57Z" user="kitto33" uid="14976430" lat="30.6147991" lon="-96.3490100"/>
 <node id="11323031951" visible="true" version="1" changeset="143636964" timestamp="2023-11-05T04:04:57Z" user="kitto33" uid="14976430" lat="30.6150380" lon="-96.3491552"/>
 <node id="11323031952" visible="true" version="1" changeset="143636964" timestamp="2023-11-05T04:04:57Z" user="kitto33" uid="14976430" lat="30.6149044" lon="-96.3490771"/>
 <node id="11323031953" visible="true" version="1" changeset="143636964" timestamp="2023-11-05T04:04:57Z" user="kitto33" uid="14976430" lat="30.6145795" lon="-96.3489547"/>
 <node id="11323031954" visible="true" version="2" changeset="144993967" timestamp="2023-12-11T10:36:26Z" user="kitto33" uid="14976430" lat="30.6144999" lon="-96.3490556"/>
 <node id="11323031955" visible="true" version="1" changeset="143636964" timestamp="2023-11-05T04:04:57Z" user="kitto33" uid="14976430" lat="30.6144234" lon="-96.3492514"/>
 <node id="11323031956" visible="true" version="1" changeset="143636964" timestamp="2023-11-05T04:04:57Z" user="kitto33" uid="14976430" lat="30.6143646" lon="-96.3491026"/>
 <node id="11323031957" visible="true" version="1" changeset="143636964" timestamp="2023-11-05T04:04:57Z" user="kitto33" uid="14976430" lat="30.6139531" lon="-96.3503659"/>
 <node id="11323031958" visible="true" version="1" changeset="143636964" timestamp="2023-11-05T04:04:57Z" user="kitto33" uid="14976430" lat="30.6126771" lon="-96.3486124"/>
 <node id="11323031959" visible="true" version="1" changeset="143636964" timestamp="2023-11-05T04:04:57Z" user="kitto33" uid="14976430" lat="30.6125386" lon="-96.3484917"/>
 <node id="11323031960" visible="true" version="1" changeset="143636964" timestamp="2023-11-05T04:04:57Z" user="kitto33" uid="14976430" lat="30.6127966" lon="-96.3487244"/>
 <node id="11323031961" visible="true" version="1" changeset="143636964" timestamp="2023-11-05T04:04:57Z" user="kitto33" uid="14976430" lat="30.6129241" lon="-96.3488974"/>
 <node id="11323031962" visible="true" version="1" changeset="143636964" timestamp="2023-11-05T04:04:57Z" user="kitto33" uid="14976430" lat="30.6120048" lon="-96.3492246"/>
 <node id="11323031963" visible="true" version="1" changeset="143636964" timestamp="2023-11-05T04:04:57Z" user="kitto33" uid="14976430" lat="30.6120014" lon="-96.3492689"/>
 <node id="11323031964" visible="true" version="1" changeset="143636964" timestamp="2023-11-05T04:04:57Z" user="kitto33" uid="14976430" lat="30.6120042" lon="-96.3493091"/>
 <node id="11323031965" visible="true" version="1" changeset="143636964" timestamp="2023-11-05T04:04:57Z" user="kitto33" uid="14976430" lat="30.6121370" lon="-96.3494519"/>
 <node id="11323031966" visible="true" version="1" changeset="143636964" timestamp="2023-11-05T04:04:57Z" user="kitto33" uid="14976430" lat="30.6127325" lon="-96.3498442"/>
 <node id="11323031967" visible="true" version="1" changeset="143636964" timestamp="2023-11-05T04:04:57Z" user="kitto33" uid="14976430" lat="30.6123684" lon="-96.3496303"/>
 <node id="11323031968" visible="true" version="1" changeset="143636964" timestamp="2023-11-05T04:04:57Z" user="kitto33" uid="14976430" lat="30.6130892" lon="-96.3500333"/>
 <node id="11323035569" visible="true" version="1" changeset="143636964" timestamp="2023-11-05T04:04:57Z" user="kitto33" uid="14976430" lat="30.6158906" lon="-96.3480652"/>
 <node id="11323344117" visible="true" version="1" changeset="143644286" timestamp="2023-11-05T10:46:29Z" user="kitto33" uid="14976430" lat="30.6127331" lon="-96.3502609"/>
 <node id="11323344118" visible="true" version="1" changeset="143644286" timestamp="2023-11-05T10:46:29Z" user="kitto33" uid="14976430" lat="30.6127680" lon="-96.3502854"/>
 <node id="11323344119" visible="true" version="1" changeset="143644286" timestamp="2023-11-05T10:46:29Z" user="kitto33" uid="14976430" lat="30.6130121" lon="-96.3504336"/>
 <node id="11323344120" visible="true" version="1" changeset="143644286" timestamp="2023-11-05T10:46:29Z" user="kitto33" uid="14976430" lat="30.6132040" lon="-96.3505734"/>
 <node id="11323344121" visible="true" version="1" changeset="143644286" timestamp="2023-11-05T10:46:29Z" user="kitto33" uid="14976430" lat="30.6134331" lon="-96.3507749"/>
 <node id="11323344122" visible="true" version="1" changeset="143644286" timestamp="2023-11-05T10:46:29Z" user="kitto33" uid="14976430" lat="30.6134302" lon="-96.3508443"/>
 <node id="11323344123" visible="true" version="1" changeset="143644286" timestamp="2023-11-05T10:46:29Z" user="kitto33" uid="14976430" lat="30.6134276" lon="-96.3508668"/>
 <node id="11323344124" visible="true" version="1" changeset="143644286" timestamp="2023-11-05T10:46:29Z" user="kitto33" uid="14976430" lat="30.6134233" lon="-96.3508859"/>
 <node id="11323344125" visible="true" version="1" changeset="143644286" timestamp="2023-11-05T10:46:29Z" user="kitto33" uid="14976430" lat="30.6134164" lon="-96.3509060"/>
 <node id="11323344126" visible="true" version="1" changeset="143644286" timestamp="2023-11-05T10:46:29Z" user="kitto33" uid="14976430" lat="30.6133679" lon="-96.3509714"/>
 <node id="11323344127" visible="true" version="1" changeset="143644286" timestamp="2023-11-05T10:46:29Z" user="kitto33" uid="14976430" lat="30.6127712" lon="-96.3516621"/>
 <node id="11323344128" visible="true" version="1" changeset="143644286" timestamp="2023-11-05T10:46:29Z" user="kitto33" uid="14976430" lat="30.6124752" lon="-96.3519936"/>
 <node id="11323344129" visible="true" version="1" changeset="143644286" timestamp="2023-11-05T10:46:29Z" user="kitto33" uid="14976430" lat="30.6122905" lon="-96.3522461"/>
 <node id="11323344130" visible="true" version="1" changeset="143644286" timestamp="2023-11-05T10:46:29Z" user="kitto33" uid="14976430" lat="30.6119673" lon="-96.3526216"/>
 <node id="11323344131" visible="true" version="1" changeset="143644286" timestamp="2023-11-05T10:46:29Z" user="kitto33" uid="14976430" lat="30.6119024" lon="-96.3526944"/>
 <node id="11323344132" visible="true" version="1" changeset="143644286" timestamp="2023-11-05T10:46:29Z" user="kitto33" uid="14976430" lat="30.6117702" lon="-96.3528335"/>
 <node id="11323344133" visible="true" version="1" changeset="143644286" timestamp="2023-11-05T10:46:29Z" user="kitto33" uid="14976430" lat="30.6116228" lon="-96.3530367"/>
 <node id="11323344134" visible="true" version="1" changeset="143644286" timestamp="2023-11-05T10:46:29Z" user="kitto33" uid="14976430" lat="30.6107674" lon="-96.3540142"/>
 <node id="11323344135" visible="true" version="1" changeset="143644286" timestamp="2023-11-05T10:46:29Z" user="kitto33" uid="14976430" lat="30.6107262" lon="-96.3540112"/>
 <node id="11323344136" visible="true" version="1" changeset="143644286" timestamp="2023-11-05T10:46:29Z" user="kitto33" uid="14976430" lat="30.6104028" lon="-96.3536388">
  <tag k="barrier" v="kerb"/>
  <tag k="kerb" v="lowered"/>
  <tag k="tactile_paving" v="yes"/>
 </node>
 <node id="11389626029" visible="true" version="1" changeset="144688376" timestamp="2023-12-02T11:25:48Z" user="kitto33" uid="14976430" lat="30.6171003" lon="-96.3465925"/>
 <node id="11389626030" visible="true" version="1" changeset="144688376" timestamp="2023-12-02T11:25:48Z" user="kitto33" uid="14976430" lat="30.6172096" lon="-96.3464706"/>
 <node id="11389626031" visible="true" version="1" changeset="144688376" timestamp="2023-12-02T11:25:48Z" user="kitto33" uid="14976430" lat="30.6173186" lon="-96.3463224"/>
 <node id="11389626032" visible="true" version="1" changeset="144688376" timestamp="2023-12-02T11:25:48Z" user="kitto33" uid="14976430" lat="30.6173994" lon="-96.3462373"/>
 <node id="11389626033" visible="true" version="1" changeset="144688376" timestamp="2023-12-02T11:25:48Z" user="kitto33" uid="14976430" lat="30.6175050" lon="-96.3460945"/>
 <node id="11389626035" visible="true" version="1" changeset="144688376" timestamp="2023-12-02T11:25:48Z" user="kitto33" uid="14976430" lat="30.6177982" lon="-96.3457766">
  <tag k="barrier" v="kerb"/>
  <tag k="kerb" v="lowered"/>
  <tag k="tactile_paving" v="yes"/>
 </node>
 <node id="11389626036" visible="true" version="1" changeset="144688376" timestamp="2023-12-02T11:25:48Z" user="kitto33" uid="14976430" lat="30.6168741" lon="-96.3443204"/>
 <node id="11389626037" visible="true" version="1" changeset="144688376" timestamp="2023-12-02T11:25:48Z" user="kitto33" uid="14976430" lat="30.6167724" lon="-96.3441955">
  <tag k="barrier" v="kerb"/>
  <tag k="kerb" v="lowered"/>
  <tag k="tactile_paving" v="yes"/>
 </node>
 <node id="11389626040" visible="true" version="1" changeset="144688376" timestamp="2023-12-02T11:25:48Z" user="kitto33" uid="14976430" lat="30.6165664" lon="-96.3439038"/>
 <node id="11389626041" visible="true" version="1" changeset="144688376" timestamp="2023-12-02T11:25:48Z" user="kitto33" uid="14976430" lat="30.6165526" lon="-96.3438588">
  <tag k="barrier" v="kerb"/>
  <tag k="kerb" v="lowered"/>
  <tag k="tactile_paving" v="yes"/>
 </node>
 <node id="11389626050" visible="true" version="1" changeset="144688376" timestamp="2023-12-02T11:25:48Z" user="kitto33" uid="14976430" lat="30.6166486" lon="-96.3447741"/>
 <node id="11389626051" visible="true" version="1" changeset="144688376" timestamp="2023-12-02T11:25:48Z" user="kitto33" uid="14976430" lat="30.6168818" lon="-96.3442913">
  <tag k="barrier" v="kerb"/>
  <tag k="kerb" v="lowered"/>
  <tag k="tactile_paving" v="yes"/>
 </node>
 <node id="11389661284" visible="true" version="1" changeset="144688376" timestamp="2023-12-02T11:25:48Z" user="kitto33" uid="14976430" lat="30.6173456" lon="-96.3449101">
  <tag k="barrier" v="kerb"/>
  <tag k="kerb" v="lowered"/>
  <tag k="tactile_paving" v="yes"/>
 </node>
 <node id="11409422021" visible="true" version="1" changeset="144993967" timestamp="2023-12-11T10:36:26Z" user="kitto33" uid="14976430" lat="30.6144552" lon="-96.3490707"/>
 <node id="11409422022" visible="true" version="1" changeset="144993967" timestamp="2023-12-11T10:36:26Z" user="kitto33" uid="14976430" lat="30.6144358" lon="-96.3490744"/>
 <node id="11409422023" visible="true" version="1" changeset="144993967" timestamp="2023-12-11T10:36:26Z" user="kitto33" uid="14976430" lat="30.6143395" lon="-96.3490809"/>
 <node id="11409422026" visible="true" version="1" changeset="144993967" timestamp="2023-12-11T10:36:26Z" user="kitto33" uid="14976430" lat="30.6161414" lon="-96.3482807">
  <tag k="highway" v="stop"/>
 </node>
 <node id="11409422027" visible="true" version="1" changeset="144993967" timestamp="2023-12-11T10:36:26Z" user="kitto33" uid="14976430" lat="30.6172674" lon="-96.3468195"/>
 <node id="11409422028" visible="true" version="1" changeset="144993967" timestamp="2023-12-11T10:36:26Z" user="kitto33" uid="14976430" lat="30.6172463" lon="-96.3468810"/>
 <node id="11409422029" visible="true" version="1" changeset="144993967" timestamp="2023-12-11T10:36:26Z" user="kitto33" uid="14976430" lat="30.6172397" lon="-96.3468639"/>
 <node id="11409422030" visible="true" version="1" changeset="144993967" timestamp="2023-12-11T10:36:26Z" user="kitto33" uid="14976430" lat="30.6172414" lon="-96.3468485"/>
 <node id="11409422031" visible="true" version="1" changeset="144993967" timestamp="2023-12-11T10:36:26Z" user="kitto33" uid="14976430" lat="30.6175688" lon="-96.3464827"/>
 <node id="11409422032" visible="true" version="1" changeset="144993967" timestamp="2023-12-11T10:36:26Z" user="kitto33" uid="14976430" lat="30.6177113" lon="-96.3463224"/>
 <node id="11409422033" visible="true" version="1" changeset="144993967" timestamp="2023-12-11T10:36:26Z" user="kitto33" uid="14976430" lat="30.6182243" lon="-96.3457572"/>
 <node id="11409422034" visible="true" version="1" changeset="144993967" timestamp="2023-12-11T10:36:26Z" user="kitto33" uid="14976430" lat="30.6182047" lon="-96.3457967"/>
 <node id="11409422035" visible="true" version="1" changeset="144993967" timestamp="2023-12-11T10:36:26Z" user="kitto33" uid="14976430" lat="30.6177376" lon="-96.3463218"/>
 <node id="11409422036" visible="true" version="1" changeset="144993967" timestamp="2023-12-11T10:36:26Z" user="kitto33" uid="14976430" lat="30.6183599" lon="-96.3456017"/>
 <node id="11409422037" visible="true" version="1" changeset="144993967" timestamp="2023-12-11T10:36:26Z" user="kitto33" uid="14976430" lat="30.6171967" lon="-96.3469393">
  <tag k="crossing" v="traffic_signals"/>
  <tag k="crossing:markings" v="surface"/>
  <tag k="highway" v="crossing"/>
 </node>
 <node id="11409422038" visible="true" version="1" changeset="144993967" timestamp="2023-12-11T10:36:26Z" user="kitto33" uid="14976430" lat="30.6172406" lon="-96.3468884">
  <tag k="barrier" v="kerb"/>
  <tag k="kerb" v="lowered"/>
  <tag k="tactile_paving" v="yes"/>
 </node>
 <node id="11409422039" visible="true" version="1" changeset="144993967" timestamp="2023-12-11T10:36:26Z" user="kitto33" uid="14976430" lat="30.6170558" lon="-96.3470453"/>
 <node id="11409422040" visible="true" version="1" changeset="144993967" timestamp="2023-12-11T10:36:26Z" user="kitto33" uid="14976430" lat="30.6169118" lon="-96.3472079"/>
 <node id="11409422041" visible="true" version="1" changeset="144993967" timestamp="2023-12-11T10:36:26Z" user="kitto33" uid="14976430" lat="30.6171507" lon="-96.3469923"/>
 <node id="11409422042" visible="true" version="1" changeset="144993967" timestamp="2023-12-11T10:36:26Z" user="kitto33" uid="14976430" lat="30.6171391" lon="-96.3469793"/>
 <node id="11409422043" visible="true" version="1" changeset="144993967" timestamp="2023-12-11T10:36:26Z" user="kitto33" uid="14976430" lat="30.6171213" lon="-96.3469766"/>
 <node id="11409422044" visible="true" version="1" changeset="144993967" timestamp="2023-12-11T10:36:26Z" user="kitto33" uid="14976430" lat="30.6171593" lon="-96.3469826">
  <tag k="barrier" v="kerb"/>
  <tag k="kerb" v="lowered"/>
  <tag k="tactile_paving" v="yes"/>
 </node>
 <node id="11409422045" visible="true" version="1" changeset="144993967" timestamp="2023-12-11T10:36:26Z" user="kitto33" uid="14976430" lat="30.6164097" lon="-96.3478912"/>
 <node id="11409422046" visible="true" version="1" changeset="144993967" timestamp="2023-12-11T10:36:26Z" user="kitto33" uid="14976430" lat="30.6162942" lon="-96.3480744"/>
 <node id="11409422047" visible="true" version="1" changeset="144993967" timestamp="2023-12-11T10:36:26Z" user="kitto33" uid="14976430" lat="30.6162920" lon="-96.3480940"/>
 <node id="11409422048" visible="true" version="1" changeset="144993967" timestamp="2023-12-11T10:36:26Z" user="kitto33" uid="14976430" lat="30.6164862" lon="-96.3483297"/>
 <node id="11409422049" visible="true" version="1" changeset="144993967" timestamp="2023-12-11T10:36:26Z" user="kitto33" uid="14976430" lat="30.6164545" lon="-96.3482962"/>
 <node id="11409422050" visible="true" version="1" changeset="144993967" timestamp="2023-12-11T10:36:26Z" user="kitto33" uid="14976430" lat="30.6165413" lon="-96.3484069"/>
 <node id="11409422051" visible="true" version="1" changeset="144993967" timestamp="2023-12-11T10:36:26Z" user="kitto33" uid="14976430" lat="30.6166181" lon="-96.3487371"/>
 <node id="11409422052" visible="true" version="1" changeset="144993967" timestamp="2023-12-11T10:36:26Z" user="kitto33" uid="14976430" lat="30.6165603" lon="-96.3484551"/>
 <node id="11409422053" visible="true" version="1" changeset="144993967" timestamp="2023-12-11T10:36:26Z" user="kitto33" uid="14976430" lat="30.6166155" lon="-96.3488008"/>
 <node id="11409422054" visible="true" version="1" changeset="144993967" timestamp="2023-12-11T10:36:26Z" user="kitto33" uid="14976430" lat="30.6169355" lon="-96.3469046">
  <tag k="crossing" v="traffic_signals"/>
  <tag k="crossing:markings" v="zebra"/>
  <tag k="highway" v="crossing"/>
 </node>
 <node id="11409422055" visible="true" version="1" changeset="144993967" timestamp="2023-12-11T10:36:26Z" user="kitto33" uid="14976430" lat="30.6170195" lon="-96.3470034">
  <tag k="crossing" v="traffic_signals"/>
  <tag k="crossing:markings" v="zebra"/>
  <tag k="highway" v="crossing"/>
 </node>
 <node id="11409422056" visible="true" version="1" changeset="144993967" timestamp="2023-12-11T10:36:26Z" user="kitto33" uid="14976430" lat="30.6172306" lon="-96.3467694">
  <tag k="crossing" v="traffic_signals"/>
  <tag k="crossing:markings" v="zebra"/>
  <tag k="highway" v="crossing"/>
 </node>
 <node id="11409422057" visible="true" version="1" changeset="144993967" timestamp="2023-12-11T10:36:26Z" user="kitto33" uid="14976430" lat="30.6171516" lon="-96.3466614">
  <tag k="crossing" v="traffic_signals"/>
  <tag k="crossing:markings" v="zebra"/>
  <tag k="highway" v="crossing"/>
 </node>
 <node id="11409422058" visible="true" version="1" changeset="144993967" timestamp="2023-12-11T10:36:26Z" user="kitto33" uid="14976430" lat="30.6172615" lon="-96.3468122">
  <tag k="barrier" v="kerb"/>
  <tag k="kerb" v="lowered"/>
  <tag k="tactile_paving" v="yes"/>
 </node>
 <node id="11409422059" visible="true" version="1" changeset="144993967" timestamp="2023-12-11T10:36:26Z" user="kitto33" uid="14976430" lat="30.6171761" lon="-96.3466938">
  <tag k="barrier" v="kerb"/>
  <tag k="kerb" v="flush"/>
  <tag k="tactile_paving" v="yes"/>
 </node>
 <node id="11409422060" visible="true" version="1" changeset="144993967" timestamp="2023-12-11T10:36:26Z" user="kitto33" uid="14976430" lat="30.6171048" lon="-96.3465994">
  <tag k="barrier" v="kerb"/>
  <tag k="kerb" v="lowered"/>
  <tag k="tactile_paving" v="yes"/>
 </node>
 <node id="11409422061" visible="true" version="1" changeset="144993967" timestamp="2023-12-11T10:36:26Z" user="kitto33" uid="14976430" lat="30.6168771" lon="-96.3468348"/>
 <node id="11409422062" visible="true" version="1" changeset="144993967" timestamp="2023-12-11T10:36:26Z" user="kitto33" uid="14976430" lat="30.6168835" lon="-96.3468423">
  <tag k="barrier" v="kerb"/>
  <tag k="kerb" v="lowered"/>
  <tag k="tactile_paving" v="yes"/>
 </node>
 <node id="11409422063" visible="true" version="1" changeset="144993967" timestamp="2023-12-11T10:36:26Z" user="kitto33" uid="14976430" lat="30.6169763" lon="-96.3469534">
  <tag k="barrier" v="kerb"/>
  <tag k="kerb" v="flush"/>
  <tag k="tactile_paving" v="yes"/>
 </node>
 <node id="11409422064" visible="true" version="1" changeset="144993967" timestamp="2023-12-11T10:36:26Z" user="kitto33" uid="14976430" lat="30.6170509" lon="-96.3470396">
  <tag k="barrier" v="kerb"/>
  <tag k="kerb" v="lowered"/>
  <tag k="tactile_paving" v="yes"/>
 </node>
 <node id="11409422065" visible="true" version="1" changeset="144993967" timestamp="2023-12-11T10:36:26Z" user="kitto33" uid="14976430" lat="30.6169652" lon="-96.3466955">
  <tag k="crossing" v="traffic_signals"/>
  <tag k="crossing:markings" v="surface"/>
  <tag k="highway" v="crossing"/>
 </node>
 <node id="11409422066" visible="true" version="1" changeset="144993967" timestamp="2023-12-11T10:36:26Z" user="kitto33" uid="14976430" lat="30.6170366" lon="-96.3466180">
  <tag k="barrier" v="kerb"/>
  <tag k="kerb" v="lowered"/>
  <tag k="tactile_paving" v="yes"/>
 </node>
 <node id="11409422067" visible="true" version="1" changeset="144993967" timestamp="2023-12-11T10:36:26Z" user="kitto33" uid="14976430" lat="30.6169186" lon="-96.3467462">
  <tag k="barrier" v="kerb"/>
  <tag k="kerb" v="lowered"/>
  <tag k="tactile_paving" v="yes"/>
 </node>
 <node id="11409422068" visible="true" version="1" changeset="144993967" timestamp="2023-12-11T10:36:26Z" user="kitto33" uid="14976430" lat="30.6169157" lon="-96.3467695"/>
 <node id="11409422069" visible="true" version="1" changeset="144993967" timestamp="2023-12-11T10:36:26Z" user="kitto33" uid="14976430" lat="30.6165678" lon="-96.3471948"/>
 <node id="11409422070" visible="true" version="1" changeset="144993967" timestamp="2023-12-11T10:36:26Z" user="kitto33" uid="14976430" lat="30.6164977" lon="-96.3472911"/>
 <node id="11409422071" visible="true" version="1" changeset="144993967" timestamp="2023-12-11T10:36:26Z" user="kitto33" uid="14976430" lat="30.6163451" lon="-96.3474450"/>
 <node id="11409422072" visible="true" version="1" changeset="144993967" timestamp="2023-12-11T10:36:26Z" user="kitto33" uid="14976430" lat="30.6162715" lon="-96.3475442"/>
 <node id="11409422073" visible="true" version="1" changeset="144993967" timestamp="2023-12-11T10:36:26Z" user="kitto33" uid="14976430" lat="30.6161085" lon="-96.3476833"/>
 <node id="11409422074" visible="true" version="1" changeset="144993967" timestamp="2023-12-11T10:36:26Z" user="kitto33" uid="14976430" lat="30.6169135" lon="-96.3467481"/>
 <node id="11409422075" visible="true" version="1" changeset="144993967" timestamp="2023-12-11T10:36:26Z" user="kitto33" uid="14976430" lat="30.6169441" lon="-96.3465229">
  <tag k="barrier" v="kerb"/>
  <tag k="kerb" v="lowered"/>
  <tag k="tactile_paving" v="yes"/>
 </node>
 <node id="11409422076" visible="true" version="1" changeset="144993967" timestamp="2023-12-11T10:36:26Z" user="kitto33" uid="14976430" lat="30.6170213" lon="-96.3466047"/>
 <node id="11409422077" visible="true" version="1" changeset="144993967" timestamp="2023-12-11T10:36:26Z" user="kitto33" uid="14976430" lat="30.6170382" lon="-96.3466143"/>
 <node id="11409422078" visible="true" version="1" changeset="144993967" timestamp="2023-12-11T10:36:26Z" user="kitto33" uid="14976430" lat="30.6170575" lon="-96.3466182"/>
 <node id="11409422079" visible="true" version="1" changeset="144993967" timestamp="2023-12-11T10:36:26Z" user="kitto33" uid="14976430" lat="30.6170656" lon="-96.3466180"/>
 <node id="11409422080" visible="true" version="1" changeset="144993967" timestamp="2023-12-11T10:36:26Z" user="kitto33" uid="14976430" lat="30.6170731" lon="-96.3466161"/>
 <node id="11409422081" visible="true" version="1" changeset="144993967" timestamp="2023-12-11T10:36:26Z" user="kitto33" uid="14976430" lat="30.6170791" lon="-96.3466140"/>
 <node id="11409422082" visible="true" version="1" changeset="144993967" timestamp="2023-12-11T10:36:26Z" user="kitto33" uid="14976430" lat="30.6170855" lon="-96.3466093"/>
 <node id="11409422083" visible="true" version="1" changeset="144993967" timestamp="2023-12-11T10:36:26Z" user="kitto33" uid="14976430" lat="30.6160156" lon="-96.3477162"/>
 <node id="11409422084" visible="true" version="1" changeset="144993967" timestamp="2023-12-11T10:36:26Z" user="kitto33" uid="14976430" lat="30.6159511" lon="-96.3477611"/>
 <node id="11409422085" visible="true" version="1" changeset="144993967" timestamp="2023-12-11T10:36:26Z" user="kitto33" uid="14976430" lat="30.6159787" lon="-96.3477544"/>
 <node id="11458980081" visible="true" version="1" changeset="145559915" timestamp="2023-12-27T06:53:55Z" user="vrynkevich_lyft" uid="11904280" lat="30.6120154" lon="-96.3528058"/>
 <node id="11537299948" visible="true" version="1" changeset="146520816" timestamp="2024-01-21T17:05:44Z" user="bdentremont" uid="3444743" lat="30.6169424" lon="-96.3473538">
  <tag k="addr:city" v="College Station"/>
  <tag k="addr:country" v="US"/>
  <tag k="addr:housenumber" v="211"/>
  <tag k="addr:postcode" v="77840"/>
  <tag k="addr:state" v="TX"/>
  <tag k="addr:street" v="University Drive"/>
  <tag k="amenity" v="bar"/>
  <tag k="name" v="The Draconian Lounge"/>
  <tag k="website" v="https://draconianlounge.com/"/>
 </node>
 <node id="11693047160" visible="true" version="1" changeset="148233573" timestamp="2024-03-05T05:20:11Z" user="Leefy" uid="21155685" lat="30.6170610" lon="-96.3445501"/>
 <node id="11693047161" visible="true" version="1" changeset="148233573" timestamp="2024-03-05T05:20:11Z" user="Leefy" uid="21155685" lat="30.6171546" lon="-96.3446852"/>
 <node id="11693047162" visible="true" version="1" changeset="148233573" timestamp="2024-03-05T05:20:11Z" user="Leefy" uid="21155685" lat="30.6173318" lon="-96.3449271"/>
 <node id="11693047163" visible="true" version="1" changeset="148233573" timestamp="2024-03-05T05:20:11Z" user="Leefy" uid="21155685" lat="30.6162882" lon="-96.3435201"/>
 <node id="11693047164" visible="true" version="1" changeset="148233573" timestamp="2024-03-05T05:20:11Z" user="Leefy" uid="21155685" lat="30.6162616" lon="-96.3434891"/>
 <node id="11693047165" visible="true" version="1" changeset="148233573" timestamp="2024-03-05T05:20:11Z" user="Leefy" uid="21155685" lat="30.6162208" lon="-96.3434666"/>
 <node id="11693047166" visible="true" version="1" changeset="148233573" timestamp="2024-03-05T05:20:11Z" user="Leefy" uid="21155685" lat="30.6160739" lon="-96.3434506"/>
 <node id="11693047167" visible="true" version="1" changeset="148233573" timestamp="2024-03-05T05:20:11Z" user="Leefy" uid="21155685" lat="30.6160278" lon="-96.3434746"/>
 <node id="11693047168" visible="true" version="1" changeset="148233573" timestamp="2024-03-05T05:20:11Z" user="Leefy" uid="21155685" lat="30.6159615" lon="-96.3435196"/>
 <node id="11693047169" visible="true" version="1" changeset="148233573" timestamp="2024-03-05T05:20:11Z" user="Leefy" uid="21155685" lat="30.6157581" lon="-96.3438361"/>
 <node id="11693047170" visible="true" version="1" changeset="148233573" timestamp="2024-03-05T05:20:11Z" user="Leefy" uid="21155685" lat="30.6152284" lon="-96.3446471"/>
 <node id="11693047171" visible="true" version="1" changeset="148233573" timestamp="2024-03-05T05:20:11Z" user="Leefy" uid="21155685" lat="30.6150779" lon="-96.3448222"/>
 <node id="11693047175" visible="true" version="3" changeset="148757857" timestamp="2024-03-17T05:17:12Z" user="hunkyburrito" uid="21207173" lat="30.6159031" lon="-96.3434887">
  <tag k="crossing:markings" v="no"/>
  <tag k="crossing:signals" v="no"/>
  <tag k="highway" v="crossing"/>
 </node>
 <node id="11705838888" visible="true" version="1" changeset="148406264" timestamp="2024-03-09T00:41:11Z" user="kitto33" uid="14976430" lat="30.6220273" lon="-96.3410167"/>
 <node id="11754851393" visible="true" version="1" changeset="149039503" timestamp="2024-03-23T06:59:27Z" user="kitto33" uid="14976430" lat="30.6145716" lon="-96.3515672"/>
 <node id="12094619069" visible="true" version="1" changeset="154875324" timestamp="2024-08-06T04:43:26Z" user="kitto33" uid="14976430" lat="30.6129928" lon="-96.3456787"/>
 <node id="12094619070" visible="true" version="1" changeset="154875324" timestamp="2024-08-06T04:43:26Z" user="kitto33" uid="14976430" lat="30.6130967" lon="-96.3455915"/>
 <node id="12094619071" visible="true" version="1" changeset="154875324" timestamp="2024-08-06T04:43:26Z" user="kitto33" uid="14976430" lat="30.6132548" lon="-96.3455292"/>
 <node id="12094619072" visible="true" version="1" changeset="154875324" timestamp="2024-08-06T04:43:26Z" user="kitto33" uid="14976430" lat="30.6133933" lon="-96.3454501"/>
 <node id="12094619073" visible="true" version="1" changeset="154875324" timestamp="2024-08-06T04:43:26Z" user="kitto33" uid="14976430" lat="30.6135324" lon="-96.3453267"/>
 <node id="12094619074" visible="true" version="1" changeset="154875324" timestamp="2024-08-06T04:43:26Z" user="kitto33" uid="14976430" lat="30.6136426" lon="-96.3450336"/>
 <node id="12094619075" visible="true" version="1" changeset="154875324" timestamp="2024-08-06T04:43:26Z" user="kitto33" uid="14976430" lat="30.6136611" lon="-96.3450967"/>
 <node id="12094619076" visible="true" version="1" changeset="154875324" timestamp="2024-08-06T04:43:26Z" user="kitto33" uid="14976430" lat="30.6136472" lon="-96.3451718"/>
 <way id="20715332" visible="true" version="13" changeset="144993967" timestamp="2023-12-11T10:36:26Z" user="kitto33" uid="14976430">
  <nd ref="222466125"/>
  <nd ref="5570145926"/>
  <nd ref="222466136"/>
  <nd ref="222466141"/>
  <nd ref="222466144"/>
  <nd ref="222466149"/>
  <nd ref="3903956449"/>
  <nd ref="3903957163"/>
  <nd ref="3903957180"/>
  <nd ref="3903957184"/>
  <nd ref="11163266196"/>
  <nd ref="3903957190"/>
  <nd ref="3903957192"/>
  <nd ref="2372852775"/>
  <tag k="highway" v="primary_link"/>
  <tag k="oneway" v="yes"/>
  <tag k="surface" v="asphalt"/>
  <tag k="tiger:cfcc" v="A41"/>
  <tag k="tiger:county" v="Brazos, TX"/>
 </way>
 <way id="20715334" visible="true" version="10" changeset="140728085" timestamp="2023-09-02T16:49:15Z" user="UrbanUnPlanner" uid="14692283">
  <nd ref="222466177"/>
  <nd ref="222466173"/>
  <nd ref="3903957082"/>
  <nd ref="11163231797"/>
  <nd ref="222466171"/>
  <nd ref="222466144"/>
  <tag k="highway" v="primary_link"/>
  <tag k="lanes" v="1"/>
  <tag k="oneway" v="yes"/>
  <tag k="surface" v="asphalt"/>
  <tag k="tiger:cfcc" v="A41"/>
  <tag k="tiger:county" v="Brazos, TX"/>
 </way>
 <way id="20715337" visible="true" version="12" changeset="144993967" timestamp="2023-12-11T10:36:26Z" user="kitto33" uid="14976430">
  <nd ref="222466244"/>
  <nd ref="5570145929"/>
  <nd ref="11163266245"/>
  <nd ref="222466249"/>
  <nd ref="2372852777"/>
  <nd ref="5911168283"/>
  <nd ref="222466253"/>
  <nd ref="5911168284"/>
  <nd ref="222466260"/>
  <nd ref="5911168385"/>
  <nd ref="5911168386"/>
  <nd ref="222466262"/>
  <nd ref="222466267"/>
  <nd ref="5911168387"/>
  <nd ref="222466274"/>
  <nd ref="5911168388"/>
  <nd ref="3903957203"/>
  <nd ref="11409422026"/>
  <nd ref="3903957199"/>
  <nd ref="5911168389"/>
  <nd ref="5911168390"/>
  <nd ref="222466185"/>
  <tag k="highway" v="primary_link"/>
  <tag k="oneway" v="yes"/>
  <tag k="surface" v="asphalt"/>
  <tag k="tiger:cfcc" v="A41"/>
  <tag k="tiger:county" v="Brazos, TX"/>
 </way>
 <way id="20721822" visible="true" version="20" changeset="149039503" timestamp="2024-03-23T06:59:27Z" user="kitto33" uid="14976430">
  <nd ref="11754851393"/>
  <nd ref="4085651036"/>
  <nd ref="4147712890"/>
  <nd ref="4147712896"/>
  <nd ref="4100005049"/>
  <nd ref="222495938"/>
  <nd ref="4540017946"/>
  <nd ref="4540017948"/>
  <nd ref="4100005644"/>
  <nd ref="4100005647"/>
  <nd ref="4100005653"/>
  <nd ref="4878813764"/>
  <nd ref="4100005658"/>
  <nd ref="4100005661"/>
  <nd ref="4100005664"/>
  <nd ref="4878813771"/>
  <nd ref="4100005667"/>
  <nd ref="222552536"/>
  <nd ref="4100005672"/>
  <tag k="centre_turn_lane" v="yes"/>
  <tag k="cycleway" v="shared_lane"/>
  <tag k="highway" v="tertiary"/>
  <tag k="lanes" v="3"/>
  <tag k="lanes:backward" v="1"/>
  <tag k="lanes:both_ways" v="1"/>
  <tag k="lanes:forward" v="1"/>
  <tag k="name" v="Agronomy Road"/>
  <tag k="old_ref" v="FM 3518"/>
  <tag k="tiger:county" v="Brazos, TX"/>
  <tag k="turn:lanes:both_ways" v="left"/>
 </way>
 <way id="20722480" visible="true" version="25" changeset="140728085" timestamp="2023-09-02T16:49:15Z" user="UrbanUnPlanner" uid="14692283">
  <nd ref="222561629"/>
  <nd ref="11163266256"/>
  <nd ref="9722664781"/>
  <nd ref="222561635"/>
  <nd ref="222529465"/>
  <tag k="highway" v="unclassified"/>
  <tag k="lane_markings" v="yes"/>
  <tag k="lanes" v="2"/>
  <tag k="maxspeed" v="25 mph"/>
  <tag k="name" v="Church Avenue"/>
  <tag k="postal_code" v="77840"/>
  <tag k="surface" v="concrete"/>
  <tag k="tiger:county" v="Brazos, TX"/>
 </way>
 <way id="20724191" visible="true" version="12" changeset="140728085" timestamp="2023-09-02T16:49:15Z" user="UrbanUnPlanner" uid="14692283">
  <nd ref="222587265"/>
  <nd ref="9722665693"/>
  <nd ref="222561635"/>
  <nd ref="9722665694"/>
  <nd ref="9864018946"/>
  <nd ref="222587271"/>
  <nd ref="9864018945"/>
  <nd ref="222587274"/>
  <nd ref="3903995861"/>
  <nd ref="222545466"/>
  <tag k="highway" v="residential"/>
  <tag k="maxspeed" v="25 mph"/>
  <tag k="name" v="First Street"/>
  <tag k="postal_code" v="77840"/>
  <tag k="surface" v="paved"/>
  <tag k="tiger:county" v="Brazos, TX"/>
 </way>
 <way id="20729860" visible="true" version="25" changeset="148233573" timestamp="2024-03-05T05:20:11Z" user="Leefy" uid="21155685">
  <nd ref="222664531"/>
  <nd ref="5852846626"/>
  <nd ref="5852846625"/>
  <nd ref="11693047175"/>
  <nd ref="3903979772"/>
  <nd ref="222664527"/>
  <nd ref="4131745108"/>
  <nd ref="4131715602"/>
  <nd ref="4085508577"/>
  <nd ref="222664516"/>
  <nd ref="9338734133"/>
  <nd ref="4085508898"/>
  <nd ref="4131715605"/>
  <nd ref="222664507"/>
  <nd ref="222664503"/>
  <nd ref="4077341827"/>
  <nd ref="3708568233"/>
  <nd ref="5911234454"/>
  <nd ref="5911234455"/>
  <nd ref="5911234453"/>
  <nd ref="222664496"/>
  <nd ref="5911234452"/>
  <nd ref="222664492"/>
  <nd ref="5763774468"/>
  <nd ref="3903978756"/>
  <tag k="cycleway" v="lane"/>
  <tag k="highway" v="unclassified"/>
  <tag k="name" v="Jones Street"/>
  <tag k="oneway" v="yes"/>
  <tag k="oneway:bicycle" v="no"/>
  <tag k="surface" v="asphalt"/>
  <tag k="tiger:county" v="Brazos, TX"/>
 </way>
 <way id="20730414" visible="true" version="8" changeset="123408314" timestamp="2022-07-09T17:39:37Z" user="Trevor_1" uid="3715012">
  <nd ref="222587265"/>
  <nd ref="222529471"/>
  <tag k="highway" v="service"/>
  <tag k="name" v="Patricia Street"/>
  <tag k="postal_code" v="77840"/>
  <tag k="tiger:county" v="Brazos, TX"/>
 </way>
 <way id="20732279" visible="true" version="19" changeset="131854157" timestamp="2023-01-29T20:37:21Z" user="Trevor_1" uid="3715012">
  <nd ref="222686743"/>
  <nd ref="9879821246"/>
  <nd ref="583370175"/>
  <nd ref="222592656"/>
  <nd ref="3903979777"/>
  <nd ref="5911168211"/>
  <nd ref="5911168210"/>
  <nd ref="222686719"/>
  <nd ref="222686714"/>
  <tag k="highway" v="secondary"/>
  <tag k="lanes" v="4"/>
  <tag k="name" v="Wellborn Road"/>
  <tag k="oneway" v="no"/>
  <tag k="postal_code" v="77840"/>
  <tag k="tiger:county" v="Brazos, TX"/>
 </way>
 <way id="20732280" visible="true" version="19" changeset="167076123" timestamp="2025-06-02T06:12:48Z" user="MarkoŠatrak" uid="21990187">
  <nd ref="222466244"/>
  <nd ref="5911168208"/>
  <nd ref="1574700647"/>
  <tag k="hgv" v="yes"/>
  <tag k="highway" v="primary"/>
  <tag k="lanes" v="4"/>
  <tag k="name" v="Wellborn Road"/>
  <tag k="oneway" v="no"/>
  <tag k="ref" v="FM 2154"/>
  <tag k="source:hgv" v="TxDOT’s Sign Guidelines and Applications Manual, Chapter 5, Section 6 Truck Routes https://onlinemanuals.txdot.gov/TxDOTOnlineManuals/TxDOTManuals/smk/truck_routes.htm"/>
  <tag k="surface" v="asphalt"/>
 </way>
 <way id="103248605" visible="true" version="11" changeset="149019136" timestamp="2024-03-22T15:34:39Z" user="user_21093489" uid="21093489">
  <nd ref="1192167850"/>
  <nd ref="222604710"/>
  <nd ref="3492826465"/>
  <nd ref="11162104405"/>
  <nd ref="222604713"/>
  <nd ref="3492826466"/>
  <nd ref="5911168203"/>
  <nd ref="222604719"/>
  <nd ref="5911168204"/>
  <nd ref="5911168205"/>
  <nd ref="5911168206"/>
  <nd ref="3492826467"/>
  <nd ref="5911168207"/>
  <nd ref="222604723"/>
  <tag k="electrified" v="no"/>
  <tag k="gauge" v="1435"/>
  <tag k="maxspeed" v="60 mph"/>
  <tag k="name" v="UP Navasota Subdivision"/>
  <tag k="operator" v="Union Pacific Railroad"/>
  <tag k="operator:wikidata" v="Q725793"/>
  <tag k="railway" v="rail"/>
  <tag k="railway:ptc" v="yes"/>
  <tag k="railway:track_class" v="4"/>
  <tag k="source" v="Union Pacific"/>
  <tag k="tiger:cfcc" v="B11"/>
  <tag k="tiger:county" v="Brazos, TX"/>
  <tag k="tiger:name_base" v="Southern Pacific Railroad"/>
  <tag k="usage" v="main"/>
 </way>
 <way id="143906208" visible="true" version="14" changeset="167076160" timestamp="2025-06-02T06:14:10Z" user="MarkoŠatrak" uid="21990187">
  <nd ref="1574700647"/>
  <nd ref="222686708"/>
  <tag k="bridge" v="yes"/>
  <tag k="hgv" v="yes"/>
  <tag k="highway" v="primary"/>
  <tag k="lanes" v="4"/>
  <tag k="layer" v="1"/>
  <tag k="name" v="Wellborn Road"/>
  <tag k="ref" v="FM 2154"/>
  <tag k="source:hgv" v="TxDOT’s Sign Guidelines and Applications Manual, Chapter 5, Section 6 Truck Routes https://onlinemanuals.txdot.gov/TxDOTOnlineManuals/TxDOTManuals/smk/truck_routes.htm"/>
  <tag k="surface" v="concrete"/>
 </way>
 <way id="143906213" visible="true" version="10" changeset="149019136" timestamp="2024-03-22T15:34:39Z" user="user_21093489" uid="21093489">
  <nd ref="1574700644"/>
  <nd ref="222604708"/>
  <tag k="bridge" v="yes"/>
  <tag k="electrified" v="no"/>
  <tag k="gauge" v="1435"/>
  <tag k="layer" v="1"/>
  <tag k="maxspeed" v="60 mph"/>
  <tag k="name" v="UP Navasota Subdivision"/>
  <tag k="old_railway_operator" v="SP"/>
  <tag k="operator" v="Union Pacific Railroad"/>
  <tag k="operator:wikidata" v="Q725793"/>
  <tag k="railway" v="rail"/>
  <tag k="railway:ptc" v="yes"/>
  <tag k="railway:track_class" v="4"/>
  <tag k="source" v="Union Pacific"/>
  <tag k="tiger:cfcc" v="B11"/>
  <tag k="tiger:county" v="Brazos, TX"/>
  <tag k="tiger:name_base" v="Missouri Pacific Railroad:Southern Pacific:Southern Pacific Railroad"/>
  <tag k="usage" v="main"/>
 </way>
 <way id="143906219" visible="true" version="29" changeset="166598508" timestamp="2025-05-22T07:38:32Z" user="MarkoŠatrak" uid="21990187">
  <nd ref="222529477"/>
  <nd ref="11409422057"/>
  <nd ref="2664152338"/>
  <tag k="foot" v="yes"/>
  <tag k="hgv" v="designated"/>
  <tag k="hgv:national_network" v="yes"/>
  <tag k="highway" v="primary"/>
  <tag k="lanes" v="4"/>
  <tag k="name" v="University Drive"/>
  <tag k="old_ref" v="SH 230"/>
  <tag k="oneway" v="yes"/>
  <tag k="ref" v="FM 60"/>
  <tag k="sidewalk" v="both"/>
  <tag k="source:hgv:national_network" v="https://www.ecfr.gov/current/title-23/chapter-I/subchapter-G/part-658;https://hepgis-usdot.hub.arcgis.com/apps/usdot::national-network-conventional-combination-trucks-map"/>
  <tag k="surface" v="paved"/>
 </way>
 <way id="155052483" visible="true" version="9" changeset="143045697" timestamp="2023-10-24T04:11:42Z" user="kitto33" uid="14976430">
  <nd ref="1674933885"/>
  <nd ref="1674933988"/>
  <nd ref="1674934031"/>
  <nd ref="1674933937"/>
  <nd ref="1674934049"/>
  <nd ref="1674934067"/>
  <nd ref="1674934075"/>
  <nd ref="1674934047"/>
  <nd ref="1674933885"/>
  <tag k="addr:city" v="College Station"/>
  <tag k="addr:postcode" v="77840"/>
  <tag k="addr:state" v="TX"/>
  <tag k="building" v="dormitory"/>
  <tag k="name" v="Walton Residence Hall"/>
  <tag k="operator" v="Texas A&amp;M University"/>
  <tag k="residential" v="university"/>
 </way>
 <way id="155052540" visible="true" version="9" changeset="119329896" timestamp="2022-04-05T07:39:22Z" user="Ryantm" uid="15265261">
  <nd ref="1674933409"/>
  <nd ref="1674933518"/>
  <nd ref="1674933579"/>
  <nd ref="1674933630"/>
  <nd ref="9338734131"/>
  <nd ref="9338734132"/>
  <nd ref="1674933276"/>
  <nd ref="8810603582"/>
  <nd ref="8603192086"/>
  <nd ref="1674933171"/>
  <nd ref="1674933207"/>
  <nd ref="1674933351"/>
  <nd ref="1674933409"/>
  <tag k="addr:city" v="College Station"/>
  <tag k="addr:postcode" v="77840"/>
  <tag k="addr:state" v="TX"/>
  <tag k="building" v="residential"/>
  <tag k="name" v="Hughes Residence Hall"/>
  <tag k="operator" v="Texas A&amp;M University"/>
  <tag k="residential" v="university"/>
 </way>
 <way id="155052617" visible="true" version="4" changeset="119329896" timestamp="2022-04-05T07:39:22Z" user="Ryantm" uid="15265261">
  <nd ref="1674931883"/>
  <nd ref="1674931905"/>
  <nd ref="1674931810"/>
  <nd ref="1674931770"/>
  <nd ref="1674931883"/>
  <tag k="building" v="university"/>
 </way>
 <way id="155052660" visible="true" version="6" changeset="143045697" timestamp="2023-10-24T04:11:42Z" user="kitto33" uid="14976430">
  <nd ref="1674931952"/>
  <nd ref="1674932236"/>
  <nd ref="1674932114"/>
  <nd ref="1674931867"/>
  <nd ref="1674931952"/>
  <tag k="building" v="dormitory"/>
  <tag k="name" v="Clements Residence Hall"/>
  <tag k="operator" v="Texas A&amp;M University"/>
  <tag k="residential" v="university"/>
 </way>
 <way id="155052663" visible="true" version="6" changeset="119329896" timestamp="2022-04-05T07:39:22Z" user="Ryantm" uid="15265261">
  <nd ref="1674931446"/>
  <nd ref="1674931613"/>
  <nd ref="1674931299"/>
  <nd ref="1674931164"/>
  <nd ref="4085651627"/>
  <nd ref="1674931446"/>
  <tag k="addr:city" v="College Station"/>
  <tag k="addr:housenumber" v="375"/>
  <tag k="addr:street" v="Olsen Boulevard"/>
  <tag k="building" v="university"/>
  <tag k="name" v="Price Hobgood Ag Engineering Lab"/>
 </way>
 <way id="155052664" visible="true" version="6" changeset="119329896" timestamp="2022-04-05T07:39:22Z" user="Ryantm" uid="15265261">
  <nd ref="1674932032"/>
  <nd ref="1674931992"/>
  <nd ref="1674931579"/>
  <nd ref="1674931676"/>
  <nd ref="4085651631"/>
  <nd ref="1674932032"/>
  <tag k="addr:housenumber" v="379"/>
  <tag k="addr:street" v="Olsen Boulevard"/>
  <tag k="building" v="university"/>
  <tag k="name" v="Ag Engineering Power &amp; Machinery Building"/>
 </way>
 <way id="155052667" visible="true" version="6" changeset="119329896" timestamp="2022-04-05T07:39:22Z" user="Ryantm" uid="15265261">
  <nd ref="1674933609"/>
  <nd ref="1674933798"/>
  <nd ref="1674933779"/>
  <nd ref="1674933461"/>
  <nd ref="1674933609"/>
  <tag k="addr:city" v="College Station"/>
  <tag k="addr:postcode" v="77840"/>
  <tag k="addr:state" v="TX"/>
  <tag k="building" v="residential"/>
  <tag k="name" v="Haas Residence Hall"/>
  <tag k="operator" v="Texas A&amp;M University"/>
  <tag k="residential" v="university"/>
 </way>
 <way id="155052671" visible="true" version="7" changeset="143045697" timestamp="2023-10-24T04:11:42Z" user="kitto33" uid="14976430">
  <nd ref="1674934048"/>
  <nd ref="1674934104"/>
  <nd ref="1674934099"/>
  <nd ref="1674934035"/>
  <nd ref="1674934048"/>
  <tag k="addr:city" v="College Station"/>
  <tag k="addr:postcode" v="77840"/>
  <tag k="addr:state" v="TX"/>
  <tag k="building" v="dormitory"/>
  <tag k="name" v="Schuhmacher Residence Hall"/>
 </way>
 <way id="155052676" visible="true" version="5" changeset="119329896" timestamp="2022-04-05T07:39:22Z" user="Ryantm" uid="15265261">
  <nd ref="1674931577"/>
  <nd ref="1674931642"/>
  <nd ref="1674931478"/>
  <nd ref="1674931354"/>
  <nd ref="1674931577"/>
  <tag k="addr:housenumber" v="377"/>
  <tag k="addr:street" v="Olsen Boulevard"/>
  <tag k="building" v="university"/>
  <tag k="name" v="Ag Engineering Research Lab &amp; Shop"/>
 </way>
 <way id="155052687" visible="true" version="4" changeset="119329896" timestamp="2022-04-05T07:39:22Z" user="Ryantm" uid="15265261">
  <nd ref="1674934108"/>
  <nd ref="1674934113"/>
  <nd ref="1674934103"/>
  <nd ref="1674934097"/>
  <nd ref="1674934108"/>
  <tag k="addr:city" v="College Station"/>
  <tag k="addr:housenumber" v="107"/>
  <tag k="addr:postcode" v="77840"/>
  <tag k="addr:state" v="TX"/>
  <tag k="building" v="yes"/>
 </way>
 <way id="155052689" visible="true" version="4" changeset="119329896" timestamp="2022-04-05T07:39:22Z" user="Ryantm" uid="15265261">
  <nd ref="1674931610"/>
  <nd ref="1674931629"/>
  <nd ref="1674931593"/>
  <nd ref="1674931554"/>
  <nd ref="1674931610"/>
  <tag k="building" v="university"/>
 </way>
 <way id="155052691" visible="true" version="5" changeset="119329896" timestamp="2022-04-05T07:39:22Z" user="Ryantm" uid="15265261">
  <nd ref="1674931439"/>
  <nd ref="1674931530"/>
  <nd ref="1674931360"/>
  <nd ref="1674931349"/>
  <nd ref="1674931439"/>
  <tag k="building" v="university"/>
  <tag k="name" v="West Campus Switching Station"/>
 </way>
 <way id="155052720" visible="true" version="8" changeset="143045697" timestamp="2023-10-24T04:11:42Z" user="kitto33" uid="14976430">
  <nd ref="1674933599"/>
  <nd ref="1674933667"/>
  <nd ref="8810662568"/>
  <nd ref="8810662567"/>
  <nd ref="8810662583"/>
  <nd ref="8810662571"/>
  <nd ref="1674933293"/>
  <nd ref="1674933224"/>
  <nd ref="8810662572"/>
  <nd ref="8810662573"/>
  <nd ref="8810662569"/>
  <nd ref="8810662570"/>
  <nd ref="8810662565"/>
  <nd ref="8810662566"/>
  <nd ref="1674933599"/>
  <tag k="addr:city" v="College Station"/>
  <tag k="addr:postcode" v="77840"/>
  <tag k="addr:state" v="TX"/>
  <tag k="building" v="dormitory"/>
  <tag k="name" v="David-Gary Residence Hall"/>
  <tag k="operator" v="Texas A&amp;M University"/>
  <tag k="residential" v="university"/>
 </way>
 <way id="155052721" visible="true" version="5" changeset="119329896" timestamp="2022-04-05T07:39:22Z" user="Ryantm" uid="15265261">
  <nd ref="1674934017"/>
  <nd ref="4910534441"/>
  <nd ref="8121178074"/>
  <nd ref="8121178075"/>
  <nd ref="8121178076"/>
  <nd ref="8121178077"/>
  <nd ref="1674933982"/>
  <nd ref="8121178078"/>
  <nd ref="4598788520"/>
  <nd ref="1674933941"/>
  <nd ref="1674934017"/>
  <tag k="addr:city" v="College Station"/>
  <tag k="addr:housenumber" v="203"/>
  <tag k="addr:postcode" v="77840"/>
  <tag k="addr:state" v="TX"/>
  <tag k="addr:street" v="University Drive"/>
  <tag k="amenity" v="pub"/>
  <tag k="building" v="yes"/>
  <tag k="name" v="Chimy's Cervecería Sports Bar"/>
 </way>
 <way id="155052734" visible="true" version="5" changeset="119329896" timestamp="2022-04-05T07:39:22Z" user="Ryantm" uid="15265261">
  <nd ref="1674931215"/>
  <nd ref="1674931312"/>
  <nd ref="1674931255"/>
  <nd ref="1674931188"/>
  <nd ref="1674931241"/>
  <nd ref="1674931159"/>
  <nd ref="1674931215"/>
  <tag k="addr:housenumber" v="373"/>
  <tag k="addr:street" v="Olsen Boulevard"/>
  <tag k="building" v="university"/>
  <tag k="name" v="Cater-Mattil Hall"/>
 </way>
 <way id="155052773" visible="true" version="5" changeset="129313541" timestamp="2022-11-24T08:52:28Z" user="Satyam0001" uid="15741727">
  <nd ref="1674934058"/>
  <nd ref="1674934069"/>
  <nd ref="8121231467"/>
  <nd ref="1674934102"/>
  <nd ref="8121231463"/>
  <nd ref="8121231464"/>
  <nd ref="8121231462"/>
  <nd ref="8121231461"/>
  <nd ref="1674934060"/>
  <nd ref="8121231460"/>
  <nd ref="1674934056"/>
  <nd ref="1674934058"/>
  <tag k="addr:city" v="College Station"/>
  <tag k="addr:housenumber" v="209"/>
  <tag k="addr:postcode" v="77840"/>
  <tag k="addr:state" v="TX"/>
  <tag k="addr:street" v="University Drive"/>
  <tag k="amenity" v="bar"/>
  <tag k="building" v="yes"/>
  <tag k="name" v="12 Northgate"/>
 </way>
 <way id="228621544" visible="true" version="16" changeset="166598508" timestamp="2025-05-22T07:38:39Z" user="MarkoŠatrak" uid="21990187">
  <nd ref="2372852757"/>
  <nd ref="2372852758"/>
  <nd ref="2372852759"/>
  <nd ref="9950922860"/>
  <nd ref="5079788490"/>
  <tag k="hgv" v="designated"/>
  <tag k="hgv:national_network" v="yes"/>
  <tag k="highway" v="primary"/>
  <tag k="lanes" v="4"/>
  <tag k="name" v="Raymond Stotzer Parkway"/>
  <tag k="old_ref" v="SH 230"/>
  <tag k="oneway" v="yes"/>
  <tag k="ref" v="FM 60"/>
  <tag k="source:hgv:national_network" v="https://www.ecfr.gov/current/title-23/chapter-I/subchapter-G/part-658;https://hepgis-usdot.hub.arcgis.com/apps/usdot::national-network-conventional-combination-trucks-map"/>
 </way>
 <way id="228621545" visible="true" version="17" changeset="166598508" timestamp="2025-05-22T07:38:39Z" user="MarkoŠatrak" uid="21990187">
  <nd ref="11163316163"/>
  <nd ref="222479175"/>
  <nd ref="2372852770"/>
  <nd ref="2372852768"/>
  <tag k="hgv" v="designated"/>
  <tag k="hgv:national_network" v="yes"/>
  <tag k="highway" v="primary"/>
  <tag k="lanes" v="2"/>
  <tag k="name" v="Raymond Stotzer Parkway"/>
  <tag k="old_ref" v="SH 230"/>
  <tag k="oneway" v="yes"/>
  <tag k="ref" v="FM 60"/>
  <tag k="source:hgv:national_network" v="https://www.ecfr.gov/current/title-23/chapter-I/subchapter-G/part-658;https://hepgis-usdot.hub.arcgis.com/apps/usdot::national-network-conventional-combination-trucks-map"/>
  <tag k="surface" v="asphalt"/>
 </way>
 <way id="228621551" visible="true" version="8" changeset="143636964" timestamp="2023-11-05T04:04:57Z" user="kitto33" uid="14976430">
  <nd ref="3903957176"/>
  <nd ref="222466202"/>
  <nd ref="222466208"/>
  <nd ref="222466216"/>
  <nd ref="222466219"/>
  <nd ref="11323031922"/>
  <nd ref="222466224"/>
  <nd ref="222466228"/>
  <nd ref="5570145927"/>
  <nd ref="222466125"/>
  <tag k="highway" v="primary_link"/>
  <tag k="lanes" v="2"/>
  <tag k="oneway" v="yes"/>
  <tag k="surface" v="asphalt"/>
  <tag k="tiger:cfcc" v="A41"/>
  <tag k="tiger:county" v="Brazos, TX"/>
  <tag k="turn:lanes" v="left|right"/>
 </way>
 <way id="260847573" visible="true" version="10" changeset="143045697" timestamp="2023-10-24T04:11:42Z" user="kitto33" uid="14976430">
  <nd ref="2664171694"/>
  <nd ref="2664171697"/>
  <nd ref="2664171700"/>
  <nd ref="2664171703"/>
  <nd ref="4077367481"/>
  <nd ref="2664171706"/>
  <nd ref="2664171710"/>
  <nd ref="5133673866"/>
  <nd ref="2664171712"/>
  <nd ref="2664171715"/>
  <nd ref="2664171718"/>
  <nd ref="2664171763"/>
  <nd ref="2664171721"/>
  <nd ref="5133673872"/>
  <nd ref="2664171724"/>
  <nd ref="2664171727"/>
  <nd ref="2664171730"/>
  <nd ref="2664171733"/>
  <nd ref="2664171736"/>
  <nd ref="2664171740"/>
  <nd ref="2664171743"/>
  <nd ref="2664171746"/>
  <nd ref="2664171749"/>
  <nd ref="5133673873"/>
  <nd ref="2664171752"/>
  <nd ref="2664171754"/>
  <nd ref="2664171756"/>
  <nd ref="5133673867"/>
  <nd ref="2664171758"/>
  <nd ref="2664171761"/>
  <nd ref="2664171694"/>
  <tag k="addr:city" v="College Station"/>
  <tag k="addr:postcode" v="77840"/>
  <tag k="addr:state" v="TX"/>
  <tag k="building" v="dormitory"/>
  <tag k="building:levels" v="4"/>
  <tag k="name" v="Hullabaloo Residence Hall"/>
  <tag k="operator" v="Texas A&amp;M University"/>
  <tag k="residential" v="university"/>
 </way>
 <way id="261326184" visible="true" version="5" changeset="119329896" timestamp="2022-04-05T07:39:22Z" user="Ryantm" uid="15265261">
  <nd ref="2669595410"/>
  <nd ref="2669595407"/>
  <nd ref="2669595414"/>
  <nd ref="2669595412"/>
  <nd ref="2669595410"/>
  <tag k="addr:city" v="College Station"/>
  <tag k="addr:housenumber" v="100"/>
  <tag k="addr:postcode" v="77840"/>
  <tag k="addr:state" v="TX"/>
  <tag k="addr:street" v="Church Avenue"/>
  <tag k="amenity" v="bar"/>
  <tag k="building" v="yes"/>
  <tag k="name" v="The West End Elixir Company"/>
 </way>
 <way id="366879107" visible="true" version="6" changeset="119329896" timestamp="2022-04-05T07:39:22Z" user="Ryantm" uid="15265261">
  <nd ref="5911168404"/>
  <nd ref="3708568230"/>
  <nd ref="5911168414"/>
  <nd ref="5911168415"/>
  <nd ref="5911168416"/>
  <nd ref="5911168417"/>
  <nd ref="5911168418"/>
  <nd ref="5911168419"/>
  <tag k="highway" v="service"/>
  <tag k="oneway" v="yes"/>
  <tag k="service" v="driveway"/>
  <tag k="surface" v="asphalt"/>
 </way>
 <way id="387056940" visible="true" version="14" changeset="146615174" timestamp="2024-01-24T03:20:49Z" user="kitto33" uid="14976430">
  <nd ref="3903978756"/>
  <nd ref="5763774469"/>
  <nd ref="3903978753"/>
  <nd ref="5911234462"/>
  <nd ref="5911234463"/>
  <nd ref="5911234464"/>
  <nd ref="3903978751"/>
  <nd ref="5911234465"/>
  <nd ref="5911234466"/>
  <nd ref="3903978748"/>
  <nd ref="5911234467"/>
  <nd ref="5911234468"/>
  <nd ref="3903978746"/>
  <nd ref="5911234469"/>
  <nd ref="3903978743"/>
  <nd ref="5911234470"/>
  <nd ref="3903978740"/>
  <nd ref="5911234471"/>
  <nd ref="5911234472"/>
  <nd ref="3903978733"/>
  <tag k="highway" v="unclassified"/>
  <tag k="lanes" v="2"/>
  <tag k="name" v="Old Main Drive"/>
  <tag k="oneway" v="yes"/>
  <tag k="surface" v="paved"/>
 </way>
 <way id="399004893" visible="true" version="10" changeset="149019136" timestamp="2024-03-22T15:34:39Z" user="user_21093489" uid="21093489">
  <nd ref="222604984"/>
  <nd ref="3492826483"/>
  <nd ref="222604979"/>
  <nd ref="222604975"/>
  <nd ref="222604971"/>
  <nd ref="3492826482"/>
  <nd ref="3492826481"/>
  <nd ref="3492826479"/>
  <nd ref="3492826478"/>
  <nd ref="3492826476"/>
  <nd ref="3492826474"/>
  <nd ref="222490370"/>
  <nd ref="11163316188"/>
  <nd ref="3492826473"/>
  <nd ref="3492826472"/>
  <nd ref="222604965"/>
  <nd ref="3492826471"/>
  <nd ref="3492826469"/>
  <nd ref="222604961"/>
  <nd ref="11161998704"/>
  <nd ref="1192167850"/>
  <tag k="electrified" v="no"/>
  <tag k="gauge" v="1435"/>
  <tag k="maxspeed" v="60 mph"/>
  <tag k="name" v="UP Navasota Subdivision"/>
  <tag k="old_railway_operator" v="SP"/>
  <tag k="operator" v="Union Pacific Railroad"/>
  <tag k="operator:wikidata" v="Q725793"/>
  <tag k="railway" v="rail"/>
  <tag k="railway:ptc" v="yes"/>
  <tag k="railway:track_class" v="4"/>
  <tag k="source" v="Union Pacific"/>
  <tag k="tiger:cfcc" v="B11"/>
  <tag k="tiger:county" v="Brazos, TX"/>
  <tag k="tiger:name_base" v="Missouri Pacific Railroad:Southern Pacific:Southern Pacific Railroad"/>
  <tag k="usage" v="main"/>
 </way>
 <way id="405480371" visible="true" version="1" changeset="38042595" timestamp="2016-03-24T14:29:51Z" user="JMG3" uid="1928909">
  <nd ref="4076773099"/>
  <nd ref="4076773100"/>
  <nd ref="4076773101"/>
  <nd ref="4076773102"/>
  <nd ref="4076773103"/>
  <nd ref="4076773104"/>
  <nd ref="4076773105"/>
  <nd ref="4076773106"/>
  <nd ref="4076773107"/>
  <nd ref="4076773108"/>
  <nd ref="4076773099"/>
  <tag k="building" v="university"/>
  <tag k="name" v="Purchasing &amp; Stores"/>
 </way>
 <way id="405554078" visible="true" version="5" changeset="140728085" timestamp="2023-09-02T16:49:15Z" user="UrbanUnPlanner" uid="14692283">
  <nd ref="4077341825"/>
  <nd ref="9338734139"/>
  <nd ref="4085622769"/>
  <nd ref="4085622767"/>
  <nd ref="4077341826"/>
  <nd ref="5133673828"/>
  <nd ref="11163231802"/>
  <tag k="highway" v="footway"/>
 </way>
 <way id="406488887" visible="true" version="8" changeset="119329896" timestamp="2022-04-05T07:39:28Z" user="Ryantm" uid="15265261">
  <nd ref="4077367481"/>
  <nd ref="5133673865"/>
  <nd ref="4085508889"/>
  <nd ref="4192358979"/>
  <nd ref="4192358978"/>
  <nd ref="4085508890"/>
  <nd ref="4085508891"/>
  <nd ref="4192358976"/>
  <nd ref="4085508892"/>
  <nd ref="4085508893"/>
  <nd ref="4085508894"/>
  <nd ref="4163620488"/>
  <nd ref="4085508895"/>
  <nd ref="9338734127"/>
  <tag k="highway" v="footway"/>
 </way>
 <way id="406489083" visible="true" version="4" changeset="148233573" timestamp="2024-03-05T05:20:11Z" user="Leefy" uid="21155685">
  <nd ref="4085508890"/>
  <nd ref="4085508575"/>
  <nd ref="4162443199"/>
  <nd ref="4085508576"/>
  <nd ref="4131745093"/>
  <nd ref="4131745110"/>
  <nd ref="11693047170"/>
  <nd ref="4085508577"/>
  <tag k="highway" v="footway"/>
 </way>
 <way id="406499892" visible="true" version="1" changeset="38152890" timestamp="2016-03-29T20:52:29Z" user="JMG3" uid="1928909">
  <nd ref="4085508894"/>
  <nd ref="4085607982"/>
  <nd ref="4085607983"/>
  <tag k="highway" v="footway"/>
 </way>
 <way id="406500222" visible="true" version="8" changeset="148233573" timestamp="2024-03-05T05:20:11Z" user="Leefy" uid="21155685">
  <nd ref="4085607982"/>
  <nd ref="4085613889"/>
  <nd ref="4085508889"/>
  <nd ref="5133673864"/>
  <nd ref="4085613890"/>
  <nd ref="4085614085"/>
  <nd ref="4147713531"/>
  <nd ref="4193721905"/>
  <nd ref="11389626050"/>
  <nd ref="4085613892"/>
  <nd ref="10302584764"/>
  <nd ref="4085613893"/>
  <nd ref="4085613894"/>
  <nd ref="11693047162"/>
  <nd ref="11389661284"/>
  <tag k="highway" v="footway"/>
 </way>
 <way id="406500463" visible="true" version="6" changeset="144688376" timestamp="2023-12-02T11:25:48Z" user="kitto33" uid="14976430">
  <nd ref="11389626051"/>
  <nd ref="11389626036"/>
  <nd ref="4085614082"/>
  <nd ref="4147713528"/>
  <nd ref="4085613892"/>
  <nd ref="4085614083"/>
  <nd ref="4193721902"/>
  <nd ref="4085614084"/>
  <nd ref="4085614085"/>
  <nd ref="4085614086"/>
  <nd ref="4085508575"/>
  <tag k="highway" v="footway"/>
 </way>
 <way id="406504754" visible="true" version="1" changeset="38153561" timestamp="2016-03-29T21:27:25Z" user="JMG3" uid="1928909">
  <nd ref="4085647820"/>
  <nd ref="4085647821"/>
  <nd ref="4085647822"/>
  <nd ref="4085647823"/>
  <nd ref="4085647820"/>
  <tag k="building" v="university"/>
  <tag k="name" v="Biological Control Facility"/>
 </way>
 <way id="406504755" visible="true" version="1" changeset="38153561" timestamp="2016-03-29T21:27:25Z" user="JMG3" uid="1928909">
  <nd ref="4085647824"/>
  <nd ref="4085647825"/>
  <nd ref="4085647826"/>
  <nd ref="4085647827"/>
  <nd ref="4085647828"/>
  <nd ref="4085647829"/>
  <nd ref="4085647830"/>
  <nd ref="4085647831"/>
  <nd ref="4085647832"/>
  <nd ref="4085647833"/>
  <nd ref="4085647834"/>
  <nd ref="4085647835"/>
  <nd ref="4085647836"/>
  <nd ref="4085647837"/>
  <nd ref="4085647838"/>
  <nd ref="4085647839"/>
  <nd ref="4085647824"/>
  <tag k="building" v="university"/>
  <tag k="name" v="Entomology Research Lab"/>
 </way>
 <way id="406504983" visible="true" version="1" changeset="38153624" timestamp="2016-03-29T21:31:17Z" user="JMG3" uid="1928909">
  <nd ref="4085651028"/>
  <nd ref="4085651029"/>
  <nd ref="4085651030"/>
  <nd ref="4085651031"/>
  <nd ref="4085651028"/>
  <tag k="access" v="permissive"/>
  <tag k="amenity" v="parking"/>
  <tag k="name" v="Lot 37"/>
  <tag k="parking" v="surface"/>
  <tag k="surface" v="asphalt"/>
 </way>
 <way id="406504984" visible="true" version="3" changeset="119329896" timestamp="2022-04-05T07:39:22Z" user="Ryantm" uid="15265261">
  <nd ref="4085651032"/>
  <nd ref="4085651033"/>
  <nd ref="4085651034"/>
  <nd ref="4085651035"/>
  <nd ref="4085651032"/>
  <tag k="access" v="permissive"/>
  <tag k="amenity" v="parking"/>
  <tag k="name" v="Lot 49"/>
  <tag k="parking" v="surface"/>
  <tag k="surface" v="asphalt"/>
 </way>
 <way id="406504985" visible="true" version="1" changeset="38153624" timestamp="2016-03-29T21:31:17Z" user="JMG3" uid="1928909">
  <nd ref="4085651036"/>
  <nd ref="4085651037"/>
  <nd ref="4085651043"/>
  <nd ref="4085651038"/>
  <nd ref="4085651039"/>
  <nd ref="4085651040"/>
  <nd ref="4085651041"/>
  <nd ref="4085651042"/>
  <nd ref="4085651043"/>
  <tag k="highway" v="service"/>
  <tag k="service" v="parking_aisle"/>
 </way>
 <way id="406504986" visible="true" version="1" changeset="38153624" timestamp="2016-03-29T21:31:18Z" user="JMG3" uid="1928909">
  <nd ref="4085651044"/>
  <nd ref="4085651045"/>
  <nd ref="4085651046"/>
  <nd ref="4085651047"/>
  <nd ref="4085651044"/>
  <tag k="building" v="university"/>
  <tag k="name" v="Forest Science Laboratory Building"/>
 </way>
 <way id="406505375" visible="true" version="5" changeset="140728085" timestamp="2023-09-02T16:49:15Z" user="UrbanUnPlanner" uid="14692283">
  <nd ref="11163266167"/>
  <nd ref="4085651627"/>
  <tag k="highway" v="footway"/>
 </way>
 <way id="406505376" visible="true" version="6" changeset="144993967" timestamp="2023-12-11T10:36:26Z" user="kitto33" uid="14976430">
  <nd ref="4085651629"/>
  <nd ref="11323031949"/>
  <nd ref="11323031955"/>
  <nd ref="4085651630"/>
  <nd ref="11323031956"/>
  <nd ref="11409422023"/>
  <nd ref="4085651631"/>
  <tag k="highway" v="footway"/>
 </way>
 <way id="406505377" visible="true" version="5" changeset="143636964" timestamp="2023-11-05T04:04:57Z" user="kitto33" uid="14976430">
  <nd ref="4085651630"/>
  <nd ref="11323031954"/>
  <nd ref="4085651632"/>
  <nd ref="11323031953"/>
  <nd ref="4085651633"/>
  <nd ref="11323031950"/>
  <nd ref="11323031952"/>
  <nd ref="11323031951"/>
  <nd ref="11163266156"/>
  <tag k="highway" v="footway"/>
 </way>
 <way id="406505378" visible="true" version="7" changeset="119329896" timestamp="2022-04-05T07:39:22Z" user="Ryantm" uid="15265261">
  <nd ref="4085651635"/>
  <nd ref="4085651647"/>
  <nd ref="4085651636"/>
  <nd ref="4085651637"/>
  <nd ref="4085651654"/>
  <nd ref="4085651638"/>
  <nd ref="4085651639"/>
  <nd ref="4085651640"/>
  <nd ref="4085651641"/>
  <nd ref="4085651642"/>
  <nd ref="5133673876"/>
  <nd ref="4085651643"/>
  <nd ref="4163620487"/>
  <nd ref="4085651644"/>
  <nd ref="4085607983"/>
  <nd ref="4085651645"/>
  <nd ref="4085651658"/>
  <nd ref="4085651646"/>
  <nd ref="4085651635"/>
  <tag k="access" v="permissive"/>
  <tag k="amenity" v="parking"/>
  <tag k="name" v="Lot 30c"/>
  <tag k="operator" v="Texas A&amp;M University"/>
  <tag k="parking" v="surface"/>
  <tag k="surface" v="asphalt"/>
 </way>
 <way id="406505379" visible="true" version="4" changeset="119329896" timestamp="2022-04-05T07:39:22Z" user="Ryantm" uid="15265261">
  <nd ref="4085651649"/>
  <nd ref="5133673868"/>
  <nd ref="5133673863"/>
  <nd ref="2664171754"/>
  <nd ref="4085651650"/>
  <tag k="highway" v="service"/>
  <tag k="service" v="parking_aisle"/>
 </way>
 <way id="406505380" visible="true" version="5" changeset="148757726" timestamp="2024-03-17T05:06:08Z" user="hunkyburrito" uid="21207173">
  <nd ref="4085651653"/>
  <nd ref="8811404967"/>
  <nd ref="8811404969"/>
  <nd ref="8811404968"/>
  <nd ref="8811404971"/>
  <nd ref="8811404970"/>
  <nd ref="8811404973"/>
  <nd ref="8811404975"/>
  <nd ref="4085651655"/>
  <nd ref="4085651656"/>
  <nd ref="8811404976"/>
  <nd ref="8811404974"/>
  <nd ref="8811404972"/>
  <nd ref="4085651657"/>
  <nd ref="4085651653"/>
  <tag k="highway" v="service"/>
  <tag k="service" v="parking_aisle"/>
  <tag k="surface" v="concrete"/>
 </way>
 <way id="406505381" visible="true" version="5" changeset="148757726" timestamp="2024-03-17T05:06:41Z" user="hunkyburrito" uid="21207173">
  <nd ref="4085651657"/>
  <nd ref="8811404979"/>
  <nd ref="8811404978"/>
  <nd ref="8811404981"/>
  <nd ref="4085651658"/>
  <nd ref="8811404983"/>
  <nd ref="8811404985"/>
  <nd ref="4085651652"/>
  <tag k="highway" v="service"/>
  <tag k="service" v="parking_aisle"/>
  <tag k="surface" v="concrete"/>
 </way>
 <way id="406505382" visible="true" version="3" changeset="119329896" timestamp="2022-04-05T07:39:22Z" user="Ryantm" uid="15265261">
  <nd ref="4085651649"/>
  <nd ref="4085651659"/>
  <nd ref="4085651660"/>
  <nd ref="4085651661"/>
  <nd ref="4085651662"/>
  <nd ref="4085651663"/>
  <nd ref="4085651664"/>
  <nd ref="4085651659"/>
  <tag k="highway" v="service"/>
  <tag k="service" v="parking_aisle"/>
 </way>
 <way id="406506527" visible="true" version="2" changeset="39071359" timestamp="2016-05-03T17:06:23Z" user="JMG3" uid="1928909">
  <nd ref="4085614085"/>
  <nd ref="4085670700"/>
  <nd ref="4163631921"/>
  <nd ref="4163631920"/>
  <nd ref="4085651649"/>
  <tag k="highway" v="footway"/>
 </way>
 <way id="407982471" visible="true" version="1" changeset="38319908" timestamp="2016-04-05T14:52:00Z" user="JMG3" uid="1928909">
  <nd ref="222495938"/>
  <nd ref="4100005643"/>
  <nd ref="4100005639"/>
  <nd ref="4100005640"/>
  <nd ref="4100005641"/>
  <nd ref="4100005642"/>
  <nd ref="4100005643"/>
  <tag k="highway" v="service"/>
  <tag k="service" v="parking_aisle"/>
 </way>
 <way id="407982607" visible="true" version="1" changeset="38319936" timestamp="2016-04-05T14:52:37Z" user="JMG3" uid="1928909">
  <nd ref="4100005049"/>
  <nd ref="4100005053"/>
  <nd ref="4100005050"/>
  <nd ref="4100005051"/>
  <nd ref="4100005052"/>
  <nd ref="4100005053"/>
  <tag k="highway" v="service"/>
  <tag k="service" v="parking_aisle"/>
 </way>
 <way id="408443907" visible="true" version="2" changeset="105841424" timestamp="2021-06-04T13:11:19Z" user="kondokum" uid="11676401">
  <nd ref="4103621186"/>
  <nd ref="4103621187"/>
  <nd ref="4103621188"/>
  <nd ref="4103621289"/>
  <nd ref="4103621290"/>
  <nd ref="4103621291"/>
  <nd ref="4103621292"/>
  <nd ref="4103621293"/>
  <nd ref="4103621294"/>
  <nd ref="4103621295"/>
  <nd ref="4103621296"/>
  <nd ref="4103621297"/>
  <nd ref="4103621186"/>
  <tag k="building" v="university"/>
  <tag k="name" v="Veterinary Medical Sciences Building"/>
 </way>
 <way id="408443915" visible="true" version="1" changeset="38363986" timestamp="2016-04-06T21:29:11Z" user="JMG3" uid="1928909">
  <nd ref="4103621361"/>
  <nd ref="4103621362"/>
  <nd ref="4103621363"/>
  <nd ref="4103621364"/>
  <nd ref="4103621365"/>
  <nd ref="4103621366"/>
  <nd ref="4103621367"/>
  <nd ref="4103621368"/>
  <nd ref="4103621369"/>
  <nd ref="4103621370"/>
  <nd ref="4103621371"/>
  <nd ref="4103621372"/>
  <nd ref="4103621361"/>
  <tag k="amenity" v="parking"/>
 </way>
 <way id="411525236" visible="true" version="1" changeset="38680821" timestamp="2016-04-18T23:37:57Z" user="JMG3" uid="1928909">
  <nd ref="4131715341"/>
  <nd ref="4131715342"/>
  <nd ref="4131715343"/>
  <tag k="highway" v="service"/>
  <tag k="service" v="parking_aisle"/>
 </way>
 <way id="411525240" visible="true" version="1" changeset="38680821" timestamp="2016-04-18T23:37:57Z" user="JMG3" uid="1928909">
  <nd ref="4131715345"/>
  <nd ref="4131715346"/>
  <nd ref="4131715347"/>
  <nd ref="4131715348"/>
  <nd ref="4131715349"/>
  <nd ref="4131715345"/>
  <tag k="amenity" v="parking"/>
 </way>
 <way id="411525335" visible="true" version="3" changeset="119329896" timestamp="2022-04-05T07:39:22Z" user="Ryantm" uid="15265261">
  <nd ref="4131715602"/>
  <nd ref="4131715606"/>
  <nd ref="4131715603"/>
  <nd ref="4131715604"/>
  <nd ref="4131715605"/>
  <tag k="highway" v="service"/>
  <tag k="service" v="parking_aisle"/>
 </way>
 <way id="411525336" visible="true" version="3" changeset="119329896" timestamp="2022-04-05T07:39:22Z" user="Ryantm" uid="15265261">
  <nd ref="4131715606"/>
  <nd ref="4131715605"/>
  <tag k="highway" v="service"/>
  <tag k="oneway" v="yes"/>
  <tag k="service" v="parking_aisle"/>
 </way>
 <way id="411525337" visible="true" version="5" changeset="119329896" timestamp="2022-04-05T07:39:22Z" user="Ryantm" uid="15265261">
  <nd ref="4131715607"/>
  <nd ref="5911168443"/>
  <nd ref="5911168442"/>
  <nd ref="5911168441"/>
  <nd ref="4131715608"/>
  <nd ref="5911168440"/>
  <nd ref="5911168439"/>
  <nd ref="5911168438"/>
  <nd ref="5911168437"/>
  <nd ref="5911168436"/>
  <nd ref="5911168435"/>
  <nd ref="5911168434"/>
  <nd ref="5911168433"/>
  <nd ref="5911168432"/>
  <nd ref="5911168431"/>
  <nd ref="4131715609"/>
  <nd ref="4131715610"/>
  <nd ref="5911168430"/>
  <nd ref="5911168429"/>
  <nd ref="4131715611"/>
  <nd ref="4131715612"/>
  <nd ref="5911168428"/>
  <nd ref="4131715613"/>
  <nd ref="4131715614"/>
  <nd ref="4131715607"/>
  <tag k="amenity" v="parking"/>
  <tag k="name" v="Lot 30e"/>
 </way>
 <way id="411525338" visible="true" version="7" changeset="148757723" timestamp="2024-03-17T05:07:00Z" user="hunkyburrito" uid="21207173">
  <nd ref="4131715615"/>
  <nd ref="4163620483"/>
  <nd ref="4131715616"/>
  <nd ref="4131715617"/>
  <nd ref="4131715618"/>
  <nd ref="4131715619"/>
  <nd ref="4131715615"/>
  <tag k="access" v="private"/>
  <tag k="amenity" v="parking"/>
  <tag k="name" v="Lot 30d"/>
  <tag k="parking" v="surface"/>
 </way>
 <way id="411525339" visible="true" version="6" changeset="148757726" timestamp="2024-03-17T05:07:04Z" user="hunkyburrito" uid="21207173">
  <nd ref="4131715620"/>
  <nd ref="11163266134"/>
  <nd ref="4131715625"/>
  <nd ref="4131715629"/>
  <nd ref="4131715626"/>
  <nd ref="4131715621"/>
  <nd ref="4131715622"/>
  <nd ref="4131715627"/>
  <nd ref="4131715628"/>
  <nd ref="4131715623"/>
  <nd ref="5911168410"/>
  <nd ref="5911168411"/>
  <nd ref="5911168409"/>
  <nd ref="5911168408"/>
  <nd ref="5911168407"/>
  <nd ref="4131715624"/>
  <nd ref="5911168412"/>
  <nd ref="4131715625"/>
  <tag k="highway" v="service"/>
  <tag k="service" v="parking_aisle"/>
  <tag k="surface" v="concrete"/>
 </way>
 <way id="411525340" visible="true" version="4" changeset="148757726" timestamp="2024-03-17T05:07:07Z" user="hunkyburrito" uid="21207173">
  <nd ref="4131715626"/>
  <nd ref="4131715627"/>
  <tag k="highway" v="service"/>
  <tag k="service" v="parking_aisle"/>
  <tag k="surface" v="concrete"/>
 </way>
 <way id="411525341" visible="true" version="4" changeset="148757726" timestamp="2024-03-17T05:07:10Z" user="hunkyburrito" uid="21207173">
  <nd ref="4131715628"/>
  <nd ref="4131715629"/>
  <tag k="highway" v="service"/>
  <tag k="service" v="parking_aisle"/>
  <tag k="surface" v="concrete"/>
 </way>
 <way id="411525342" visible="true" version="4" changeset="119329896" timestamp="2022-04-05T07:39:22Z" user="Ryantm" uid="15265261">
  <nd ref="4131715620"/>
  <nd ref="4131715630"/>
  <nd ref="4131715631"/>
  <nd ref="4131715640"/>
  <nd ref="4131715632"/>
  <nd ref="5911168427"/>
  <nd ref="4131715633"/>
  <tag k="highway" v="service"/>
  <tag k="service" v="parking_aisle"/>
 </way>
 <way id="411525343" visible="true" version="4" changeset="119329896" timestamp="2022-04-05T07:39:22Z" user="Ryantm" uid="15265261">
  <nd ref="4131715639"/>
  <nd ref="4131715637"/>
  <nd ref="5911168426"/>
  <nd ref="4131715630"/>
  <tag k="highway" v="service"/>
  <tag k="service" v="parking_aisle"/>
 </way>
 <way id="411525344" visible="true" version="4" changeset="119329896" timestamp="2022-04-05T07:39:22Z" user="Ryantm" uid="15265261">
  <nd ref="4131715639"/>
  <nd ref="4131715633"/>
  <nd ref="4131715640"/>
  <tag k="highway" v="service"/>
  <tag k="service" v="parking_aisle"/>
 </way>
 <way id="411530380" visible="true" version="5" changeset="144688376" timestamp="2023-12-02T11:25:48Z" user="kitto33" uid="14976430">
  <nd ref="4131745093"/>
  <nd ref="4162443200"/>
  <nd ref="4131745107"/>
  <nd ref="11389626040"/>
  <nd ref="11389626041"/>
  <tag k="highway" v="footway"/>
 </way>
 <way id="411530382" visible="true" version="3" changeset="148757708" timestamp="2024-03-17T05:04:40Z" user="hunkyburrito" uid="21207173">
  <nd ref="4131745109"/>
  <nd ref="4131745110"/>
  <tag k="highway" v="footway"/>
 </way>
 <way id="411547625" visible="true" version="5" changeset="119329896" timestamp="2022-04-05T07:39:22Z" user="Ryantm" uid="15265261">
  <nd ref="4131890028"/>
  <nd ref="4085651649"/>
  <nd ref="4131890029"/>
  <nd ref="4131890030"/>
  <nd ref="4131890031"/>
  <nd ref="4131890032"/>
  <nd ref="4131890028"/>
  <tag k="amenity" v="parking"/>
  <tag k="name" v="Lot 30a"/>
 </way>
 <way id="411547626" visible="true" version="4" changeset="119329896" timestamp="2022-04-05T07:39:22Z" user="Ryantm" uid="15265261">
  <nd ref="4131890033"/>
  <nd ref="4131890034"/>
  <nd ref="4131890035"/>
  <nd ref="4131890036"/>
  <nd ref="4131890033"/>
  <tag k="amenity" v="parking"/>
  <tag k="name" v="Lot 30a"/>
 </way>
 <way id="411547627" visible="true" version="4" changeset="119329896" timestamp="2022-04-05T07:39:22Z" user="Ryantm" uid="15265261">
  <nd ref="4131890037"/>
  <nd ref="4131890038"/>
  <nd ref="4131890039"/>
  <nd ref="4131890040"/>
  <nd ref="4131890037"/>
  <tag k="addr:city" v="College Station"/>
  <tag k="addr:housenumber" v="201"/>
  <tag k="addr:postcode" v="77840"/>
  <tag k="addr:state" v="TX"/>
  <tag k="addr:street" v="Patricia Street"/>
  <tag k="amenity" v="parking"/>
  <tag k="operator" v="Coyote Parking Lot"/>
  <tag k="parking" v="surface"/>
 </way>
 <way id="413444266" visible="true" version="1" changeset="38867312" timestamp="2016-04-25T20:40:50Z" user="JMG3" uid="1928909">
  <nd ref="4147603872"/>
  <nd ref="4147603873"/>
  <nd ref="4147603874"/>
  <nd ref="4147603875"/>
  <nd ref="4147603872"/>
  <tag k="building" v="university"/>
  <tag k="name" v="Utilities &amp; Energy Services Business Office"/>
 </way>
 <way id="413444269" visible="true" version="1" changeset="38867312" timestamp="2016-04-25T20:40:50Z" user="JMG3" uid="1928909">
  <nd ref="4147603876"/>
  <nd ref="4147603877"/>
  <nd ref="4147603878"/>
  <nd ref="4147603879"/>
  <nd ref="4147603880"/>
  <nd ref="4147603881"/>
  <nd ref="4147603876"/>
  <tag k="building" v="university"/>
  <tag k="name" v="Center for Urban and Structural Entomology (CUSE)"/>
 </way>
 <way id="413444271" visible="true" version="1" changeset="38867312" timestamp="2016-04-25T20:40:50Z" user="JMG3" uid="1928909">
  <nd ref="4147603882"/>
  <nd ref="4147603883"/>
  <nd ref="4147603884"/>
  <nd ref="4147603885"/>
  <nd ref="4147603882"/>
  <tag k="building" v="university"/>
  <tag k="name" v="CUSE-Chemistry"/>
 </way>
 <way id="413444274" visible="true" version="1" changeset="38867312" timestamp="2016-04-25T20:40:50Z" user="JMG3" uid="1928909">
  <nd ref="4147603886"/>
  <nd ref="4147603887"/>
  <nd ref="4147603888"/>
  <nd ref="4147606289"/>
  <nd ref="4147603886"/>
  <tag k="building" v="university"/>
 </way>
 <way id="413444276" visible="true" version="1" changeset="38867312" timestamp="2016-04-25T20:40:50Z" user="JMG3" uid="1928909">
  <nd ref="4147606290"/>
  <nd ref="4147606291"/>
  <nd ref="4147606292"/>
  <nd ref="4147606293"/>
  <nd ref="4147606290"/>
  <tag k="building" v="university"/>
 </way>
 <way id="413444278" visible="true" version="1" changeset="38867312" timestamp="2016-04-25T20:40:50Z" user="JMG3" uid="1928909">
  <nd ref="4147606294"/>
  <nd ref="4147606295"/>
  <nd ref="4147606296"/>
  <nd ref="4147606297"/>
  <nd ref="4147606294"/>
  <tag k="building" v="university"/>
 </way>
 <way id="413444280" visible="true" version="1" changeset="38867312" timestamp="2016-04-25T20:40:50Z" user="JMG3" uid="1928909">
  <nd ref="4147606298"/>
  <nd ref="4147606299"/>
  <nd ref="4147606300"/>
  <nd ref="4147606301"/>
  <nd ref="4147606298"/>
  <tag k="building" v="university"/>
 </way>
 <way id="413444282" visible="true" version="1" changeset="38867312" timestamp="2016-04-25T20:40:50Z" user="JMG3" uid="1928909">
  <nd ref="4147606302"/>
  <nd ref="4147606303"/>
  <nd ref="4147606304"/>
  <nd ref="4147606305"/>
  <nd ref="4147606302"/>
  <tag k="building" v="university"/>
 </way>
 <way id="413444283" visible="true" version="1" changeset="38867312" timestamp="2016-04-25T20:40:50Z" user="JMG3" uid="1928909">
  <nd ref="4147606306"/>
  <nd ref="4147606307"/>
  <nd ref="4147606308"/>
  <nd ref="4147606309"/>
  <nd ref="4147606310"/>
  <nd ref="4147606311"/>
  <nd ref="4147606306"/>
  <tag k="building" v="university"/>
 </way>
 <way id="413449715" visible="true" version="2" changeset="105967855" timestamp="2021-06-07T11:23:46Z" user="kondokum" uid="11676401">
  <nd ref="4147712782"/>
  <nd ref="4147712784"/>
  <nd ref="4147712785"/>
  <nd ref="8811495911"/>
  <nd ref="8811495913"/>
  <nd ref="8811495915"/>
  <nd ref="8811495917"/>
  <nd ref="4147712786"/>
  <nd ref="4147712897"/>
  <nd ref="8811495919"/>
  <nd ref="4147712787"/>
  <nd ref="4147712788"/>
  <nd ref="8811495920"/>
  <nd ref="8811495918"/>
  <nd ref="4147712895"/>
  <nd ref="8811495916"/>
  <nd ref="8811495914"/>
  <nd ref="4147712889"/>
  <nd ref="8811495912"/>
  <nd ref="8811495910"/>
  <nd ref="4147712784"/>
  <tag k="highway" v="service"/>
  <tag k="service" v="parking_aisle"/>
 </way>
 <way id="413449718" visible="true" version="1" changeset="38868269" timestamp="2016-04-25T21:20:58Z" user="JMG3" uid="1928909">
  <nd ref="4147712788"/>
  <nd ref="4147712890"/>
  <tag k="highway" v="service"/>
  <tag k="service" v="parking_aisle"/>
 </way>
 <way id="413449720" visible="true" version="2" changeset="105967855" timestamp="2021-06-07T11:23:46Z" user="kondokum" uid="11676401">
  <nd ref="4147712788"/>
  <nd ref="4147712891"/>
  <nd ref="8811495921"/>
  <nd ref="8811495922"/>
  <nd ref="8811495923"/>
  <nd ref="4147712892"/>
  <nd ref="4147712893"/>
  <nd ref="8811495924"/>
  <nd ref="4147712894"/>
  <nd ref="4147712895"/>
  <tag k="highway" v="service"/>
  <tag k="service" v="parking_aisle"/>
 </way>
 <way id="413449722" visible="true" version="1" changeset="38868269" timestamp="2016-04-25T21:20:58Z" user="JMG3" uid="1928909">
  <nd ref="4147712891"/>
  <nd ref="4147712896"/>
  <tag k="highway" v="service"/>
  <tag k="service" v="parking_aisle"/>
 </way>
 <way id="413449724" visible="true" version="1" changeset="38868269" timestamp="2016-04-25T21:20:58Z" user="JMG3" uid="1928909">
  <nd ref="4147712897"/>
  <nd ref="4147712898"/>
  <nd ref="4147712899"/>
  <nd ref="4147712787"/>
  <tag k="highway" v="service"/>
  <tag k="service" v="parking_aisle"/>
 </way>
 <way id="413449887" visible="true" version="6" changeset="140728085" timestamp="2023-09-02T16:49:15Z" user="UrbanUnPlanner" uid="14692283">
  <nd ref="5570145934"/>
  <nd ref="11163266251"/>
  <nd ref="5570145930"/>
  <nd ref="5570145933"/>
  <tag k="highway" v="service"/>
  <tag k="oneway" v="yes"/>
 </way>
 <way id="415185345" visible="true" version="3" changeset="119329896" timestamp="2022-04-05T07:39:22Z" user="Ryantm" uid="15265261">
  <nd ref="4162443191"/>
  <nd ref="4162443192"/>
  <nd ref="4162443193"/>
  <nd ref="4162443194"/>
  <nd ref="4162443191"/>
  <tag k="leisure" v="pitch"/>
  <tag k="sport" v="basketball"/>
 </way>
 <way id="415185346" visible="true" version="3" changeset="119329896" timestamp="2022-04-05T07:39:22Z" user="Ryantm" uid="15265261">
  <nd ref="4162443195"/>
  <nd ref="4162443196"/>
  <nd ref="4162443197"/>
  <nd ref="4162443198"/>
  <nd ref="4162443195"/>
  <tag k="leisure" v="pitch"/>
  <tag k="sport" v="volleyball"/>
 </way>
 <way id="415185347" visible="true" version="2" changeset="49577741" timestamp="2017-06-16T00:54:57Z" user="kevkevhull" uid="5182327">
  <nd ref="4162443199"/>
  <nd ref="4917843821"/>
  <nd ref="4162443201"/>
  <nd ref="4193721905"/>
  <tag k="highway" v="footway"/>
 </way>
 <way id="415185348" visible="true" version="1" changeset="39057851" timestamp="2016-05-03T04:40:35Z" user="JMG3" uid="1928909">
  <nd ref="4162443200"/>
  <nd ref="4162443201"/>
  <tag k="highway" v="footway"/>
 </way>
 <way id="415185349" visible="true" version="2" changeset="114940256" timestamp="2021-12-14T21:24:38Z" user="Andrew Matheny" uid="3265371">
  <nd ref="4131745110"/>
  <nd ref="9338734132"/>
  <tag k="highway" v="footway"/>
 </way>
 <way id="415185350" visible="true" version="2" changeset="114940256" timestamp="2021-12-14T21:24:38Z" user="Andrew Matheny" uid="3265371">
  <nd ref="4131745093"/>
  <nd ref="9338734131"/>
  <tag k="highway" v="footway"/>
 </way>
 <way id="415318245" visible="true" version="3" changeset="119329896" timestamp="2022-04-05T07:39:22Z" user="Ryantm" uid="15265261">
  <nd ref="4163620478"/>
  <nd ref="4163620479"/>
  <nd ref="4163620481"/>
  <nd ref="4163620480"/>
  <tag k="highway" v="service"/>
  <tag k="service" v="parking_aisle"/>
 </way>
 <way id="415318247" visible="true" version="4" changeset="119329896" timestamp="2022-04-05T07:39:22Z" user="Ryantm" uid="15265261">
  <nd ref="4163620483"/>
  <nd ref="5133673884"/>
  <nd ref="4163620484"/>
  <nd ref="4163620485"/>
  <nd ref="4163620486"/>
  <nd ref="4085651643"/>
  <tag k="highway" v="footway"/>
 </way>
 <way id="415318248" visible="true" version="3" changeset="114940256" timestamp="2021-12-14T21:24:38Z" user="Andrew Matheny" uid="3265371">
  <nd ref="8810662572"/>
  <nd ref="8810662571"/>
  <tag k="highway" v="footway"/>
  <tag k="layer" v="-1"/>
  <tag k="tunnel" v="building_passage"/>
 </way>
 <way id="415318967" visible="true" version="1" changeset="39071359" timestamp="2016-05-03T17:06:22Z" user="JMG3" uid="1928909">
  <nd ref="4085613894"/>
  <nd ref="4163631922"/>
  <nd ref="4163631917"/>
  <nd ref="4163631918"/>
  <nd ref="4163631919"/>
  <nd ref="4163631920"/>
  <tag k="highway" v="footway"/>
 </way>
 <way id="415318968" visible="true" version="1" changeset="39071359" timestamp="2016-05-03T17:06:22Z" user="JMG3" uid="1928909">
  <nd ref="4163631921"/>
  <nd ref="4163631922"/>
  <tag k="highway" v="footway"/>
 </way>
 <way id="415852603" visible="true" version="3" changeset="50550247" timestamp="2017-07-25T08:51:04Z" user="kre3d" uid="1745406">
  <nd ref="4167989549"/>
  <nd ref="4990843749"/>
  <nd ref="4990843750"/>
  <nd ref="4990843751"/>
  <nd ref="4167989555"/>
  <nd ref="4167989554"/>
  <nd ref="4167989553"/>
  <nd ref="4167989552"/>
  <nd ref="4167989551"/>
  <nd ref="4167989550"/>
  <nd ref="4167989549"/>
  <tag k="barrier" v="wall"/>
  <tag k="frequency" v="60"/>
  <tag k="name" v="Texas A&amp;M University Substation"/>
  <tag k="operator" v="Texas A&amp;M University"/>
  <tag k="power" v="substation"/>
  <tag k="substation" v="distribution"/>
  <tag k="voltage" v="138000"/>
 </way>
 <way id="415852605" visible="true" version="7" changeset="119329896" timestamp="2022-04-05T07:39:22Z" user="Ryantm" uid="15265261">
  <nd ref="4167989560"/>
  <nd ref="5911168222"/>
  <nd ref="5911168223"/>
  <nd ref="5911168224"/>
  <nd ref="5911168225"/>
  <nd ref="5911168226"/>
  <nd ref="5911168227"/>
  <nd ref="4167989561"/>
  <nd ref="5911168228"/>
  <nd ref="5911168229"/>
  <nd ref="5911168230"/>
  <nd ref="5911168231"/>
  <nd ref="5911168232"/>
  <nd ref="5911168233"/>
  <nd ref="5911168234"/>
  <nd ref="5911168235"/>
  <nd ref="5911168236"/>
  <nd ref="5911168237"/>
  <nd ref="5911168238"/>
  <nd ref="5911168239"/>
  <nd ref="5911168240"/>
  <nd ref="5911168241"/>
  <nd ref="4167989562"/>
  <nd ref="5911168242"/>
  <nd ref="5911168243"/>
  <nd ref="5911168244"/>
  <nd ref="5911168245"/>
  <nd ref="5911168246"/>
  <nd ref="5911168249"/>
  <nd ref="5911168248"/>
  <nd ref="5911168247"/>
  <nd ref="5911168250"/>
  <nd ref="5911168253"/>
  <nd ref="5911168252"/>
  <nd ref="5911168251"/>
  <nd ref="5911168254"/>
  <nd ref="5911168257"/>
  <nd ref="5911168256"/>
  <nd ref="5911168255"/>
  <nd ref="5911168258"/>
  <nd ref="5911168261"/>
  <nd ref="5911168260"/>
  <nd ref="5911168259"/>
  <nd ref="5911168262"/>
  <nd ref="5911168265"/>
  <nd ref="5911168264"/>
  <nd ref="5911168263"/>
  <nd ref="5911168266"/>
  <nd ref="5911168269"/>
  <nd ref="5911168268"/>
  <nd ref="5911168267"/>
  <nd ref="4167989563"/>
  <nd ref="5911168270"/>
  <nd ref="5911168271"/>
  <nd ref="4167989564"/>
  <nd ref="5911168272"/>
  <nd ref="5911168273"/>
  <nd ref="4167989565"/>
  <nd ref="5911168275"/>
  <nd ref="5911168274"/>
  <nd ref="5911168276"/>
  <nd ref="5911168278"/>
  <nd ref="5911168279"/>
  <nd ref="5911168277"/>
  <nd ref="5911168216"/>
  <nd ref="5911168280"/>
  <nd ref="5911168221"/>
  <nd ref="5911168220"/>
  <nd ref="5911168219"/>
  <nd ref="5911168218"/>
  <nd ref="5911168217"/>
  <nd ref="5079771629"/>
  <nd ref="5911168215"/>
  <nd ref="5911168214"/>
  <nd ref="5911168213"/>
  <nd ref="5911168212"/>
  <nd ref="5079771628"/>
  <nd ref="4167989560"/>
  <tag k="building" v="apartments"/>
 </way>
 <way id="419063500" visible="true" version="3" changeset="119329896" timestamp="2022-04-05T07:39:22Z" user="Ryantm" uid="15265261">
  <nd ref="4192358972"/>
  <nd ref="4192358973"/>
  <nd ref="4192358974"/>
  <nd ref="4192358975"/>
  <nd ref="4192358976"/>
  <nd ref="4192358977"/>
  <nd ref="4192358978"/>
  <nd ref="4192358979"/>
  <nd ref="4192358980"/>
  <nd ref="4192358981"/>
  <nd ref="4192358972"/>
  <tag k="landuse" v="grass"/>
 </way>
 <way id="419063503" visible="true" version="4" changeset="143636964" timestamp="2023-11-05T04:04:57Z" user="kitto33" uid="14976430">
  <nd ref="4192359002"/>
  <nd ref="4192359003"/>
  <nd ref="4192359004"/>
  <nd ref="4192359005"/>
  <nd ref="4192359007"/>
  <nd ref="11323031968"/>
  <nd ref="4192359008"/>
  <nd ref="11323031941"/>
  <nd ref="4192359009"/>
  <nd ref="11323031957"/>
  <nd ref="11323031943"/>
  <nd ref="11323031942"/>
  <nd ref="4192359010"/>
  <nd ref="11323031946"/>
  <nd ref="11323031945"/>
  <nd ref="11323031944"/>
  <nd ref="4192359002"/>
  <tag k="leisure" v="park"/>
  <tag k="name" v="Eli Whitley Park"/>
 </way>
 <way id="419063504" visible="true" version="4" changeset="143636964" timestamp="2023-11-05T04:04:57Z" user="kitto33" uid="14976430">
  <nd ref="4192359011"/>
  <nd ref="11323031966"/>
  <nd ref="11323031967"/>
  <nd ref="11323031965"/>
  <nd ref="4192359012"/>
  <nd ref="11323031964"/>
  <nd ref="11323031963"/>
  <nd ref="11323031962"/>
  <nd ref="4192359013"/>
  <nd ref="11323031959"/>
  <nd ref="11323031958"/>
  <nd ref="11323031960"/>
  <nd ref="11323031961"/>
  <nd ref="4192359014"/>
  <nd ref="4192359011"/>
  <tag k="landuse" v="grass"/>
 </way>
 <way id="419264786" visible="true" version="4" changeset="119329896" timestamp="2022-04-05T07:39:22Z" user="Ryantm" uid="15265261">
  <nd ref="4193721900"/>
  <nd ref="4193721901"/>
  <nd ref="4193721902"/>
  <nd ref="4193721903"/>
  <nd ref="4917843823"/>
  <nd ref="4917843824"/>
  <nd ref="4917843822"/>
  <nd ref="4193721905"/>
  <nd ref="4917843821"/>
  <nd ref="4917817520"/>
  <nd ref="4193721900"/>
  <tag k="landuse" v="grass"/>
 </way>
 <way id="419264790" visible="true" version="3" changeset="119329896" timestamp="2022-04-05T07:39:22Z" user="Ryantm" uid="15265261">
  <nd ref="4193721926"/>
  <nd ref="4193721927"/>
  <nd ref="4193721928"/>
  <nd ref="4193721929"/>
  <nd ref="4193721930"/>
  <nd ref="4193721931"/>
  <nd ref="4193721926"/>
  <tag k="landuse" v="grass"/>
 </way>
 <way id="450686594" visible="true" version="4" changeset="66143050" timestamp="2019-01-08T22:36:01Z" user="JMG3" uid="1928909">
  <nd ref="4476088441"/>
  <nd ref="4476088440"/>
  <nd ref="4476088439"/>
  <nd ref="4476088438"/>
  <nd ref="4476088437"/>
  <nd ref="4476088436"/>
  <nd ref="4476088435"/>
  <tag k="bicycle" v="designated"/>
  <tag k="foot" v="designated"/>
  <tag k="highway" v="footway"/>
  <tag k="segregated" v="yes"/>
 </way>
 <way id="464806950" visible="true" version="4" changeset="119329896" timestamp="2022-04-05T07:39:28Z" user="Ryantm" uid="15265261">
  <nd ref="1674933982"/>
  <nd ref="4598788516"/>
  <nd ref="4598788517"/>
  <nd ref="4598788518"/>
  <nd ref="1674934017"/>
  <nd ref="1674933941"/>
  <nd ref="4598788520"/>
  <nd ref="8121178078"/>
  <nd ref="1674933982"/>
  <tag k="amenity" v="parking"/>
 </way>
 <way id="464806951" visible="true" version="7" changeset="143636964" timestamp="2023-11-05T04:04:57Z" user="kitto33" uid="14976430">
  <nd ref="222466313"/>
  <nd ref="5911168397"/>
  <nd ref="5911168402"/>
  <nd ref="3903957225"/>
  <nd ref="5911168401"/>
  <nd ref="5911168396"/>
  <nd ref="3903957232"/>
  <nd ref="5911168395"/>
  <nd ref="222466324"/>
  <nd ref="5911168394"/>
  <nd ref="5911168393"/>
  <nd ref="222466328"/>
  <nd ref="5911168392"/>
  <nd ref="5911168391"/>
  <nd ref="222466330"/>
  <nd ref="11163266246"/>
  <nd ref="5570145928"/>
  <nd ref="222466244"/>
  <tag k="highway" v="primary_link"/>
  <tag k="lanes" v="3"/>
  <tag k="oneway" v="yes"/>
  <tag k="surface" v="asphalt"/>
  <tag k="tiger:cfcc" v="A41"/>
  <tag k="tiger:county" v="Brazos, TX"/>
  <tag k="turn:lanes" v="left|left|right"/>
 </way>
 <way id="509979981" visible="true" version="1" changeset="50536227" timestamp="2017-07-24T18:29:29Z" user="kre3d" uid="1745406">
  <nd ref="4990843752"/>
  <nd ref="4990843753"/>
  <nd ref="4990843754"/>
  <nd ref="4990843755"/>
  <nd ref="4990843756"/>
  <nd ref="4990843757"/>
  <nd ref="4990843758"/>
  <nd ref="4990843759"/>
  <nd ref="4990843760"/>
  <nd ref="4990843761"/>
  <nd ref="4990843762"/>
  <nd ref="4990843763"/>
  <nd ref="4990843764"/>
  <nd ref="4990843765"/>
  <nd ref="4990843766"/>
  <nd ref="4990843767"/>
  <nd ref="4990843768"/>
  <nd ref="4990843769"/>
  <nd ref="4990843770"/>
  <nd ref="4990843771"/>
  <nd ref="4990843772"/>
  <nd ref="4990843773"/>
  <nd ref="4990843774"/>
  <nd ref="4990843775"/>
  <nd ref="4990843776"/>
  <nd ref="4990843777"/>
  <nd ref="4990843778"/>
  <nd ref="4990843779"/>
  <nd ref="4990843780"/>
  <nd ref="4990843781"/>
  <nd ref="4516199686"/>
  <nd ref="4516199793"/>
  <nd ref="4516199790"/>
  <nd ref="4516199789"/>
  <nd ref="4516200554"/>
  <nd ref="4990843782"/>
  <nd ref="4990843784"/>
  <tag k="cables" v="3"/>
  <tag k="circuits" v="1"/>
  <tag k="frequency" v="60"/>
  <tag k="power" v="line"/>
  <tag k="voltage" v="138000"/>
 </way>
 <way id="510128584" visible="true" version="1" changeset="50550247" timestamp="2017-07-25T08:50:55Z" user="kre3d" uid="1745406">
  <nd ref="4992049588"/>
  <nd ref="4992049606"/>
  <tag k="cables" v="3"/>
  <tag k="circuits" v="1"/>
  <tag k="frequency" v="60"/>
  <tag k="power" v="line"/>
  <tag k="voltage" v="138000"/>
 </way>
 <way id="510128585" visible="true" version="1" changeset="50550247" timestamp="2017-07-25T08:50:56Z" user="kre3d" uid="1745406">
  <nd ref="4992049562"/>
  <nd ref="4992049587"/>
  <tag k="cables" v="3"/>
  <tag k="circuits" v="1"/>
  <tag k="frequency" v="60"/>
  <tag k="power" v="line"/>
  <tag k="voltage" v="138000"/>
 </way>
 <way id="510128586" visible="true" version="1" changeset="50550247" timestamp="2017-07-25T08:50:56Z" user="kre3d" uid="1745406">
  <nd ref="4992049563"/>
  <nd ref="4992049586"/>
  <tag k="cables" v="3"/>
  <tag k="circuits" v="1"/>
  <tag k="frequency" v="60"/>
  <tag k="power" v="line"/>
  <tag k="voltage" v="138000"/>
 </way>
 <way id="510128587" visible="true" version="1" changeset="50550247" timestamp="2017-07-25T08:50:56Z" user="kre3d" uid="1745406">
  <nd ref="4992049564"/>
  <nd ref="4992049585"/>
  <tag k="cables" v="3"/>
  <tag k="circuits" v="1"/>
  <tag k="frequency" v="60"/>
  <tag k="power" v="line"/>
  <tag k="voltage" v="138000"/>
 </way>
 <way id="510128588" visible="true" version="1" changeset="50550247" timestamp="2017-07-25T08:50:56Z" user="kre3d" uid="1745406">
  <nd ref="4992049605"/>
  <nd ref="4992049583"/>
  <tag k="cables" v="3"/>
  <tag k="circuits" v="1"/>
  <tag k="frequency" v="60"/>
  <tag k="power" v="line"/>
  <tag k="voltage" v="138000"/>
 </way>
 <way id="510128589" visible="true" version="1" changeset="50550247" timestamp="2017-07-25T08:50:56Z" user="kre3d" uid="1745406">
  <nd ref="4992049565"/>
  <nd ref="4992049584"/>
  <tag k="cables" v="3"/>
  <tag k="circuits" v="1"/>
  <tag k="frequency" v="60"/>
  <tag k="power" v="line"/>
  <tag k="voltage" v="138000"/>
 </way>
 <way id="510128590" visible="true" version="1" changeset="50550247" timestamp="2017-07-25T08:50:56Z" user="kre3d" uid="1745406">
  <nd ref="4992049592"/>
  <nd ref="4992049583"/>
  <nd ref="4992049581"/>
  <nd ref="4992049591"/>
  <tag k="cables" v="3"/>
  <tag k="circuits" v="1"/>
  <tag k="frequency" v="60"/>
  <tag k="line" v="busbar"/>
  <tag k="power" v="line"/>
  <tag k="voltage" v="138000"/>
 </way>
 <way id="510128591" visible="true" version="1" changeset="50550247" timestamp="2017-07-25T08:50:56Z" user="kre3d" uid="1745406">
  <nd ref="4992049594"/>
  <nd ref="4992049584"/>
  <nd ref="4992049580"/>
  <nd ref="4992049593"/>
  <tag k="cables" v="3"/>
  <tag k="circuits" v="1"/>
  <tag k="frequency" v="60"/>
  <tag k="line" v="busbar"/>
  <tag k="power" v="line"/>
  <tag k="voltage" v="138000"/>
 </way>
 <way id="510128592" visible="true" version="1" changeset="50550247" timestamp="2017-07-25T08:50:56Z" user="kre3d" uid="1745406">
  <nd ref="4992049596"/>
  <nd ref="4992049579"/>
  <nd ref="4992049585"/>
  <nd ref="4992049595"/>
  <tag k="cables" v="3"/>
  <tag k="circuits" v="1"/>
  <tag k="frequency" v="60"/>
  <tag k="line" v="busbar"/>
  <tag k="power" v="line"/>
  <tag k="voltage" v="138000"/>
 </way>
 <way id="510128593" visible="true" version="1" changeset="50550247" timestamp="2017-07-25T08:50:57Z" user="kre3d" uid="1745406">
  <nd ref="4992049598"/>
  <nd ref="4992049586"/>
  <nd ref="4992049578"/>
  <nd ref="4992049597"/>
  <tag k="cables" v="3"/>
  <tag k="circuits" v="1"/>
  <tag k="frequency" v="60"/>
  <tag k="line" v="busbar"/>
  <tag k="power" v="line"/>
  <tag k="voltage" v="138000"/>
 </way>
 <way id="510128594" visible="true" version="1" changeset="50550247" timestamp="2017-07-25T08:50:57Z" user="kre3d" uid="1745406">
  <nd ref="4992049600"/>
  <nd ref="4992049577"/>
  <nd ref="4992049587"/>
  <nd ref="4992049599"/>
  <tag k="cables" v="3"/>
  <tag k="circuits" v="1"/>
  <tag k="frequency" v="60"/>
  <tag k="line" v="busbar"/>
  <tag k="power" v="line"/>
  <tag k="voltage" v="138000"/>
 </way>
 <way id="510128595" visible="true" version="1" changeset="50550247" timestamp="2017-07-25T08:50:57Z" user="kre3d" uid="1745406">
  <nd ref="4992049604"/>
  <nd ref="4992049582"/>
  <nd ref="4992049603"/>
  <nd ref="4992049592"/>
  <nd ref="4992049594"/>
  <nd ref="4992049595"/>
  <nd ref="4992049598"/>
  <nd ref="4992049599"/>
  <nd ref="4992049602"/>
  <nd ref="4992049588"/>
  <nd ref="4992049576"/>
  <nd ref="4992049601"/>
  <tag k="cables" v="3"/>
  <tag k="circuits" v="1"/>
  <tag k="frequency" v="60"/>
  <tag k="line" v="busbar"/>
  <tag k="power" v="line"/>
  <tag k="voltage" v="138000"/>
 </way>
 <way id="510128596" visible="true" version="1" changeset="50550247" timestamp="2017-07-25T08:50:57Z" user="kre3d" uid="1745406">
  <nd ref="4992049607"/>
  <nd ref="4992049609"/>
  <nd ref="4992049569"/>
  <nd ref="4992049608"/>
  <tag k="cables" v="3"/>
  <tag k="circuits" v="1"/>
  <tag k="frequency" v="60"/>
  <tag k="line" v="busbar"/>
  <tag k="power" v="line"/>
  <tag k="voltage" v="138000"/>
 </way>
 <way id="510128597" visible="true" version="1" changeset="50550247" timestamp="2017-07-25T08:50:57Z" user="kre3d" uid="1745406">
  <nd ref="4992049567"/>
  <nd ref="4992049566"/>
  <nd ref="4992049561"/>
  <nd ref="4992049570"/>
  <nd ref="4992049610"/>
  <tag k="cables" v="3"/>
  <tag k="circuits" v="1"/>
  <tag k="frequency" v="60"/>
  <tag k="line" v="busbar"/>
  <tag k="power" v="line"/>
  <tag k="voltage" v="138000"/>
 </way>
 <way id="510128598" visible="true" version="1" changeset="50550247" timestamp="2017-07-25T08:50:57Z" user="kre3d" uid="1745406">
  <nd ref="4992049612"/>
  <nd ref="4992049568"/>
  <nd ref="4992049611"/>
  <tag k="cables" v="3"/>
  <tag k="circuits" v="1"/>
  <tag k="frequency" v="60"/>
  <tag k="line" v="busbar"/>
  <tag k="power" v="line"/>
  <tag k="voltage" v="138000"/>
 </way>
 <way id="510128599" visible="true" version="1" changeset="50550247" timestamp="2017-07-25T08:50:57Z" user="kre3d" uid="1745406">
  <nd ref="4992049617"/>
  <nd ref="4992049822"/>
  <nd ref="4992049589"/>
  <nd ref="4992049616"/>
  <nd ref="4992049601"/>
  <nd ref="4992049600"/>
  <nd ref="4992049597"/>
  <nd ref="4992049596"/>
  <nd ref="4992049575"/>
  <nd ref="4992049593"/>
  <nd ref="4992049591"/>
  <nd ref="4992049604"/>
  <nd ref="4992049615"/>
  <nd ref="4992049590"/>
  <nd ref="4990843752"/>
  <nd ref="4992049614"/>
  <nd ref="4992049573"/>
  <nd ref="4992049608"/>
  <nd ref="4992049574"/>
  <nd ref="4992049610"/>
  <nd ref="4992049571"/>
  <nd ref="4992049611"/>
  <nd ref="4992049572"/>
  <nd ref="4992049613"/>
  <nd ref="4992049617"/>
  <tag k="cables" v="3"/>
  <tag k="circuits" v="1"/>
  <tag k="frequency" v="60"/>
  <tag k="line" v="busbar"/>
  <tag k="power" v="line"/>
  <tag k="voltage" v="138000"/>
 </way>
 <way id="510128600" visible="true" version="7" changeset="163205051" timestamp="2025-03-04T14:50:57Z" user="YuliyaShustava_lyft" uid="11089099">
  <nd ref="4992049822"/>
  <nd ref="4992049821"/>
  <nd ref="4992049620"/>
  <nd ref="7812497673"/>
  <nd ref="4992049619"/>
  <nd ref="4992049618"/>
  <nd ref="11080623404"/>
  <tag k="cables" v="3"/>
  <tag k="circuits" v="1"/>
  <tag k="frequency" v="60"/>
  <tag k="layer" v="-1"/>
  <tag k="location" v="underground"/>
  <tag k="power" v="cable"/>
  <tag k="voltage" v="138000"/>
 </way>
 <way id="521352145" visible="true" version="4" changeset="149039503" timestamp="2024-03-23T06:59:27Z" user="kitto33" uid="14976430">
  <nd ref="5079788490"/>
  <nd ref="5079788492"/>
  <nd ref="5079788493"/>
  <nd ref="5079788494"/>
  <nd ref="5079788495"/>
  <tag k="destination" v="Olsen Boulevard"/>
  <tag k="highway" v="primary_link"/>
  <tag k="lanes" v="1"/>
  <tag k="oneway" v="yes"/>
  <tag k="turn" v="right"/>
 </way>
 <way id="528203105" visible="true" version="5" changeset="139206362" timestamp="2023-07-30T11:49:43Z" user="kitto33" uid="14976430">
  <nd ref="5133673828"/>
  <nd ref="5955440468"/>
  <nd ref="5911234450"/>
  <nd ref="5133673829"/>
  <nd ref="5133673830"/>
  <nd ref="5133673832"/>
  <tag k="highway" v="footway"/>
 </way>
 <way id="528203111" visible="true" version="6" changeset="144993967" timestamp="2023-12-11T10:36:26Z" user="kitto33" uid="14976430">
  <nd ref="222529477"/>
  <nd ref="11409422065"/>
  <nd ref="5133673863"/>
  <tag k="highway" v="service"/>
  <tag k="lanes" v="3"/>
  <tag k="lanes:backward" v="2"/>
  <tag k="lanes:forward" v="1"/>
  <tag k="turn:lanes:backward" v="left;through|right"/>
 </way>
 <way id="528203112" visible="true" version="2" changeset="90669365" timestamp="2020-09-10T00:57:25Z" user="Rainkoot" uid="10421614">
  <nd ref="5133673864"/>
  <nd ref="5133673865"/>
  <nd ref="5133673871"/>
  <nd ref="5133673869"/>
  <tag k="highway" v="footway"/>
  <tag k="layer" v="-1"/>
 </way>
 <way id="528203113" visible="true" version="1" changeset="52423106" timestamp="2017-09-27T18:52:42Z" user="JMG3" uid="1928909">
  <nd ref="5133673869"/>
  <nd ref="5133673870"/>
  <tag k="access" v="no"/>
  <tag k="bicycle" v="yes"/>
  <tag k="foot" v="yes"/>
  <tag k="highway" v="footway"/>
  <tag k="layer" v="-1"/>
  <tag k="tunnel" v="yes"/>
 </way>
 <way id="528203114" visible="true" version="2" changeset="90669365" timestamp="2020-09-10T00:57:25Z" user="Rainkoot" uid="10421614">
  <nd ref="5133673870"/>
  <nd ref="5133673868"/>
  <tag k="highway" v="footway"/>
  <tag k="layer" v="-1"/>
 </way>
 <way id="528203115" visible="true" version="2" changeset="90669365" timestamp="2020-09-10T00:57:25Z" user="Rainkoot" uid="10421614">
  <nd ref="5133673871"/>
  <nd ref="5133673875"/>
  <nd ref="5133673872"/>
  <tag k="highway" v="footway"/>
  <tag k="layer" v="-1"/>
 </way>
 <way id="528203116" visible="true" version="1" changeset="52423106" timestamp="2017-09-27T18:52:43Z" user="JMG3" uid="1928909">
  <nd ref="5133673872"/>
  <nd ref="5133673873"/>
  <tag k="access" v="no"/>
  <tag k="bicycle" v="yes"/>
  <tag k="foot" v="yes"/>
  <tag k="highway" v="footway"/>
  <tag k="layer" v="-1"/>
  <tag k="tunnel" v="yes"/>
 </way>
 <way id="528203117" visible="true" version="1" changeset="52423106" timestamp="2017-09-27T18:52:43Z" user="JMG3" uid="1928909">
  <nd ref="5133673873"/>
  <nd ref="4085607983"/>
  <tag k="highway" v="footway"/>
 </way>
 <way id="528203118" visible="true" version="3" changeset="114665502" timestamp="2021-12-07T15:23:34Z" user="VLD182" uid="13753595">
  <nd ref="4085508889"/>
  <nd ref="5133673874"/>
  <nd ref="5133673875"/>
  <tag k="highway" v="footway"/>
 </way>
 <way id="528203119" visible="true" version="3" changeset="119329896" timestamp="2022-04-05T07:39:28Z" user="Ryantm" uid="15265261">
  <nd ref="5133673876"/>
  <nd ref="5133673877"/>
  <nd ref="5133673878"/>
  <nd ref="5133673879"/>
  <nd ref="5133673880"/>
  <nd ref="5133673881"/>
  <nd ref="5133673882"/>
  <nd ref="5133673883"/>
  <nd ref="5133673884"/>
  <tag k="highway" v="footway"/>
 </way>
 <way id="550464544" visible="true" version="6" changeset="119329896" timestamp="2022-04-05T07:39:28Z" user="Ryantm" uid="15265261">
  <nd ref="5316740195"/>
  <nd ref="7316043775"/>
  <nd ref="5316740196"/>
  <nd ref="8121178073"/>
  <nd ref="5316740197"/>
  <nd ref="5316740198"/>
  <nd ref="5316740195"/>
  <tag k="amenity" v="food_court"/>
  <tag k="name" v="Wayside Food Park"/>
 </way>
 <way id="582400508" visible="true" version="7" changeset="124852336" timestamp="2022-08-13T12:56:02Z" user="Trevor_1" uid="3715012">
  <nd ref="5570145933"/>
  <nd ref="222587265"/>
  <tag k="highway" v="service"/>
  <tag k="oneway" v="no"/>
 </way>
 <way id="582400540" visible="true" version="12" changeset="167076212" timestamp="2025-06-02T06:15:26Z" user="MarkoŠatrak" uid="21990187">
  <nd ref="5570145944"/>
  <nd ref="5911168425"/>
  <nd ref="5911168413"/>
  <nd ref="5911168419"/>
  <nd ref="222466177"/>
  <tag k="hgv" v="yes"/>
  <tag k="highway" v="primary"/>
  <tag k="name" v="Wellborn Road"/>
  <tag k="old_ref" v="SH 6"/>
  <tag k="ref" v="FM 2154"/>
  <tag k="source:hgv" v="TxDOT’s Sign Guidelines and Applications Manual, Chapter 5, Section 6 Truck Routes https://onlinemanuals.txdot.gov/TxDOTOnlineManuals/TxDOTManuals/smk/truck_routes.htm"/>
 </way>
 <way id="582400545" visible="true" version="11" changeset="161573197" timestamp="2025-01-20T17:51:13Z" user="Trevor_1" uid="3715012">
  <nd ref="222604708"/>
  <nd ref="11161998703"/>
  <nd ref="5570145945"/>
  <tag k="electrified" v="no"/>
  <tag k="gauge" v="1435"/>
  <tag k="maxspeed" v="60 mph"/>
  <tag k="name" v="UP Navasota Subdivision"/>
  <tag k="old_railway_operator" v="SP"/>
  <tag k="operator" v="Union Pacific Railroad"/>
  <tag k="operator:wikidata" v="Q725793"/>
  <tag k="railway" v="rail"/>
  <tag k="railway:ptc" v="yes"/>
  <tag k="railway:track_class" v="4"/>
  <tag k="source" v="Union Pacific"/>
  <tag k="tiger:county" v="Brazos, TX"/>
  <tag k="usage" v="main"/>
 </way>
 <way id="620632546" visible="true" version="13" changeset="148406264" timestamp="2024-03-09T00:41:11Z" user="kitto33" uid="14976430">
  <nd ref="6993091041"/>
  <nd ref="2372852794"/>
  <nd ref="3004001952"/>
  <nd ref="7903722116"/>
  <nd ref="7903722117"/>
  <nd ref="1586302884"/>
  <nd ref="7903722118"/>
  <nd ref="7903722119"/>
  <nd ref="7903722120"/>
  <nd ref="7903722121"/>
  <nd ref="5852540824"/>
  <nd ref="7903722123"/>
  <nd ref="7903722122"/>
  <nd ref="5852540827"/>
  <nd ref="222556232"/>
  <nd ref="7903722125"/>
  <nd ref="7903722126"/>
  <nd ref="4299363911"/>
  <nd ref="7903722127"/>
  <nd ref="5852540828"/>
  <nd ref="7903722128"/>
  <nd ref="3112201677"/>
  <nd ref="5852540830"/>
  <nd ref="7903722129"/>
  <nd ref="5852540831"/>
  <nd ref="5852540833"/>
  <nd ref="5852540834"/>
  <nd ref="7903722130"/>
  <nd ref="7903722131"/>
  <nd ref="7903722132"/>
  <nd ref="7903722133"/>
  <nd ref="5852540885"/>
  <nd ref="5852540886"/>
  <nd ref="5852540887"/>
  <nd ref="5852540888"/>
  <nd ref="7903722134"/>
  <nd ref="222548302"/>
  <nd ref="7903722135"/>
  <nd ref="5852540890"/>
  <nd ref="5420698824"/>
  <nd ref="7903722136"/>
  <nd ref="5852540895"/>
  <nd ref="5133756368"/>
  <nd ref="583032195"/>
  <nd ref="4879003724"/>
  <nd ref="3894500014"/>
  <nd ref="4879003723"/>
  <nd ref="7903722141"/>
  <nd ref="3894500010"/>
  <nd ref="5072192889"/>
  <nd ref="5852540920"/>
  <nd ref="5072192890"/>
  <nd ref="5005346513"/>
  <nd ref="5852540922"/>
  <nd ref="5005346512"/>
  <nd ref="3894500007"/>
  <nd ref="4075581316"/>
  <nd ref="3894500006"/>
  <nd ref="5850816209"/>
  <nd ref="5850816208"/>
  <nd ref="3894500004"/>
  <nd ref="5850816207"/>
  <nd ref="5850816205"/>
  <nd ref="222501068"/>
  <nd ref="5850816204"/>
  <nd ref="3845818910"/>
  <nd ref="3845818911"/>
  <nd ref="5850816202"/>
  <nd ref="3845818913"/>
  <nd ref="3845818914"/>
  <nd ref="222479844"/>
  <nd ref="583287705"/>
  <nd ref="222501010"/>
  <nd ref="222501001"/>
  <nd ref="5850816198"/>
  <nd ref="222460063"/>
  <nd ref="4075612075"/>
  <nd ref="4073558437"/>
  <nd ref="222490395"/>
  <nd ref="4075612081"/>
  <nd ref="4073558436"/>
  <nd ref="4075612080"/>
  <nd ref="4075612079"/>
  <nd ref="4075612078"/>
  <nd ref="4075612077"/>
  <nd ref="4073558427"/>
  <nd ref="222604968"/>
  <nd ref="222529913"/>
  <nd ref="3903957207"/>
  <nd ref="7903722097"/>
  <nd ref="4598788521"/>
  <nd ref="3903957509"/>
  <nd ref="583370078"/>
  <nd ref="7903722099"/>
  <nd ref="222534084"/>
  <nd ref="11705838888"/>
  <nd ref="4103549462"/>
  <nd ref="7903722102"/>
  <nd ref="7903722105"/>
  <nd ref="7903722104"/>
  <nd ref="7903722103"/>
  <nd ref="4131890070"/>
 </way>
 <way id="620674933" visible="true" version="14" changeset="144993967" timestamp="2023-12-11T10:36:26Z" user="kitto33" uid="14976430">
  <nd ref="3903957270"/>
  <nd ref="11409422037"/>
  <nd ref="4163620478"/>
  <nd ref="4163620482"/>
  <nd ref="222529473"/>
  <nd ref="222529471"/>
  <nd ref="9109007017"/>
  <nd ref="4098318512"/>
  <nd ref="222529465"/>
  <tag k="highway" v="residential"/>
  <tag k="lanes" v="2"/>
  <tag k="maxspeed" v="25 mph"/>
  <tag k="name" v="Boyett Street"/>
  <tag k="postal_code" v="77840"/>
  <tag k="surface" v="asphalt"/>
  <tag k="tiger:county" v="Brazos, TX"/>
 </way>
 <way id="626124501" visible="true" version="3" changeset="119329896" timestamp="2022-04-05T07:39:28Z" user="Ryantm" uid="15265261">
  <nd ref="5911168404"/>
  <nd ref="4131715620"/>
  <nd ref="3708568231"/>
  <nd ref="5911168405"/>
  <nd ref="5911168406"/>
  <nd ref="3708568232"/>
  <nd ref="4077367464"/>
  <nd ref="3708568233"/>
  <tag k="highway" v="service"/>
  <tag k="service" v="driveway"/>
  <tag k="surface" v="asphalt"/>
 </way>
 <way id="626124502" visible="true" version="3" changeset="119329896" timestamp="2022-04-05T07:39:28Z" user="Ryantm" uid="15265261">
  <nd ref="5911168425"/>
  <nd ref="5911168424"/>
  <nd ref="5911168423"/>
  <nd ref="5911168422"/>
  <nd ref="5911168421"/>
  <nd ref="5911168420"/>
  <nd ref="5911168404"/>
  <tag k="highway" v="service"/>
  <tag k="oneway" v="yes"/>
  <tag k="service" v="driveway"/>
  <tag k="surface" v="asphalt"/>
 </way>
 <way id="626132694" visible="true" version="3" changeset="140700859" timestamp="2023-09-02T00:36:09Z" user="UrbanUnPlanner" uid="14692283">
  <nd ref="11076755764"/>
  <nd ref="5763774469"/>
  <nd ref="11076755763"/>
  <tag k="crossing" v="uncontrolled"/>
  <tag k="crossing:markings" v="surface"/>
  <tag k="footway" v="crossing"/>
  <tag k="highway" v="footway"/>
  <tag k="surface" v="paving_stones"/>
 </way>
 <way id="626727174" visible="true" version="6" changeset="149039503" timestamp="2024-03-23T06:59:27Z" user="kitto33" uid="14976430">
  <nd ref="5079788495"/>
  <nd ref="9952752550"/>
  <nd ref="583300185"/>
  <nd ref="485283688"/>
  <tag k="highway" v="unclassified"/>
  <tag k="lanes" v="2"/>
  <tag k="name" v="Olsen Boulevard"/>
  <tag k="oneway" v="yes"/>
 </way>
 <way id="626727175" visible="true" version="3" changeset="149039503" timestamp="2024-03-23T06:59:27Z" user="kitto33" uid="14976430">
  <nd ref="5916641541"/>
  <nd ref="11323031931"/>
  <nd ref="5916641543"/>
  <nd ref="11323031932"/>
  <nd ref="5916641544"/>
  <tag k="destination" v="Raymond Stozer Parkway"/>
  <tag k="highway" v="primary_link"/>
  <tag k="lanes" v="1"/>
  <tag k="oneway" v="yes"/>
  <tag k="turn" v="right"/>
 </way>
 <way id="626727176" visible="true" version="10" changeset="166598540" timestamp="2025-05-22T07:38:58Z" user="MarkoŠatrak" uid="21990187">
  <nd ref="2372852764"/>
  <nd ref="5916641544"/>
  <nd ref="4085651628"/>
  <nd ref="2372852766"/>
  <nd ref="2372852767"/>
  <nd ref="2372852769"/>
  <nd ref="2372852772"/>
  <nd ref="11163316159"/>
  <tag k="hgv" v="designated"/>
  <tag k="hgv:national_network" v="yes"/>
  <tag k="highway" v="primary"/>
  <tag k="lanes" v="2"/>
  <tag k="name" v="Raymond Stotzer Parkway"/>
  <tag k="old_ref" v="SH 230"/>
  <tag k="oneway" v="yes"/>
  <tag k="ref" v="FM 60"/>
  <tag k="source:hgv:national_network" v="https://www.ecfr.gov/current/title-23/chapter-I/subchapter-G/part-658;https://hepgis-usdot.hub.arcgis.com/apps/usdot::national-network-conventional-combination-trucks-map"/>
  <tag k="surface" v="asphalt"/>
 </way>
 <way id="626727177" visible="true" version="4" changeset="138662810" timestamp="2023-07-18T10:52:58Z" user="kitto33" uid="14976430">
  <nd ref="2372852764"/>
  <nd ref="222529906"/>
  <tag k="highway" v="tertiary"/>
  <tag k="name" v="Agronomy Road"/>
  <tag k="old_ref" v="FM 3518"/>
  <tag k="tiger:county" v="Brazos, TX"/>
 </way>
 <way id="630761438" visible="true" version="4" changeset="119329896" timestamp="2022-04-05T07:39:28Z" user="Ryantm" uid="15265261">
  <nd ref="5955440466"/>
  <nd ref="5955440467"/>
  <nd ref="9338734150"/>
  <nd ref="5955440452"/>
  <nd ref="5955440453"/>
  <nd ref="5955440454"/>
  <nd ref="5955440455"/>
  <nd ref="9338734152"/>
  <nd ref="9338734151"/>
  <nd ref="5955440456"/>
  <nd ref="5955440457"/>
  <nd ref="5955440458"/>
  <nd ref="5955440459"/>
  <nd ref="5955440460"/>
  <nd ref="5955440461"/>
  <nd ref="5955440462"/>
  <nd ref="5955440463"/>
  <nd ref="5955440464"/>
  <nd ref="5955440465"/>
  <nd ref="5955440466"/>
  <tag k="amenity" v="parking"/>
  <tag k="name" v="Lot 42"/>
  <tag k="parking" v="surface"/>
 </way>
 <way id="659787942" visible="true" version="7" changeset="149019136" timestamp="2024-03-22T15:34:39Z" user="user_21093489" uid="21093489">
  <nd ref="1192167850"/>
  <nd ref="1574700644"/>
  <tag k="electrified" v="no"/>
  <tag k="gauge" v="1435"/>
  <tag k="maxspeed" v="60 mph"/>
  <tag k="name" v="UP Navasota Subdivision"/>
  <tag k="old_railway_operator" v="SP"/>
  <tag k="operator" v="Union Pacific Railroad"/>
  <tag k="operator:wikidata" v="Q725793"/>
  <tag k="railway" v="rail"/>
  <tag k="railway:ptc" v="yes"/>
  <tag k="railway:track_class" v="4"/>
  <tag k="source" v="Union Pacific"/>
  <tag k="tiger:cfcc" v="B11"/>
  <tag k="tiger:county" v="Brazos, TX"/>
  <tag k="tiger:name_base" v="Missouri Pacific Railroad:Southern Pacific:Southern Pacific Railroad"/>
  <tag k="usage" v="main"/>
 </way>
 <way id="661604786" visible="true" version="3" changeset="154875324" timestamp="2024-08-06T04:43:26Z" user="kitto33" uid="14976430">
  <nd ref="5418462522"/>
  <nd ref="6193744779"/>
  <nd ref="12094619074"/>
  <nd ref="6193744780"/>
  <nd ref="12094619075"/>
  <nd ref="6193744781"/>
  <nd ref="12094619076"/>
  <nd ref="6193744782"/>
  <nd ref="12094619073"/>
  <nd ref="6193744783"/>
  <nd ref="12094619072"/>
  <nd ref="6193744784"/>
  <nd ref="12094619071"/>
  <nd ref="6193745985"/>
  <nd ref="12094619070"/>
  <nd ref="6193745986"/>
  <nd ref="12094619069"/>
  <nd ref="6193745987"/>
  <tag k="highway" v="footway"/>
 </way>
 <way id="734944819" visible="true" version="9" changeset="167076212" timestamp="2025-06-02T06:15:45Z" user="MarkoŠatrak" uid="21990187">
  <nd ref="222466177"/>
  <nd ref="222466125"/>
  <nd ref="222686708"/>
  <tag k="hgv" v="yes"/>
  <tag k="highway" v="primary"/>
  <tag k="name" v="Wellborn Road"/>
  <tag k="old_ref" v="SH 6"/>
  <tag k="ref" v="FM 2154"/>
  <tag k="source:hgv" v="TxDOT’s Sign Guidelines and Applications Manual, Chapter 5, Section 6 Truck Routes https://onlinemanuals.txdot.gov/TxDOTOnlineManuals/TxDOTManuals/smk/truck_routes.htm"/>
 </way>
 <way id="871915341" visible="true" version="2" changeset="94154353" timestamp="2020-11-15T16:19:47Z" user="Trevor_1" uid="3715012">
  <nd ref="8121178065"/>
  <nd ref="8121178066"/>
  <nd ref="8121178067"/>
  <nd ref="8121178068"/>
  <nd ref="8121178065"/>
  <tag k="addr:city" v="College Station"/>
  <tag k="addr:postcode" v="77840"/>
  <tag k="addr:state" v="TX"/>
  <tag k="addr:street" v="1st Street"/>
  <tag k="building" v="roof"/>
 </way>
 <way id="871915342" visible="true" version="2" changeset="94154353" timestamp="2020-11-15T16:19:47Z" user="Trevor_1" uid="3715012">
  <nd ref="8121178069"/>
  <nd ref="8121178070"/>
  <nd ref="8121178071"/>
  <nd ref="8121178072"/>
  <nd ref="8121178069"/>
  <tag k="addr:city" v="College Station"/>
  <tag k="addr:postcode" v="77840"/>
  <tag k="addr:state" v="TX"/>
  <tag k="building" v="roof"/>
 </way>
 <way id="871915343" visible="true" version="1" changeset="94153968" timestamp="2020-11-15T16:11:37Z" user="Trevor_1" uid="3715012">
  <nd ref="8121178079"/>
  <nd ref="8121178080"/>
  <nd ref="8121178081"/>
  <nd ref="8121178082"/>
  <nd ref="8121178079"/>
  <tag k="building" v="yes"/>
 </way>
 <way id="871915344" visible="true" version="2" changeset="94154353" timestamp="2020-11-15T16:19:47Z" user="Trevor_1" uid="3715012">
  <nd ref="8121178083"/>
  <nd ref="8121178084"/>
  <nd ref="8121178085"/>
  <nd ref="8121178102"/>
  <nd ref="8121178101"/>
  <nd ref="8121178086"/>
  <nd ref="8121178087"/>
  <nd ref="8121178088"/>
  <nd ref="8121178089"/>
  <nd ref="8121178090"/>
  <nd ref="8121178083"/>
  <tag k="addr:city" v="College Station"/>
  <tag k="addr:postcode" v="77840"/>
  <tag k="addr:state" v="TX"/>
  <tag k="building" v="yes"/>
 </way>
 <way id="871915345" visible="true" version="2" changeset="94154353" timestamp="2020-11-15T16:19:47Z" user="Trevor_1" uid="3715012">
  <nd ref="8121178091"/>
  <nd ref="8121178092"/>
  <nd ref="8121178093"/>
  <nd ref="8121178094"/>
  <nd ref="8121178095"/>
  <nd ref="8121178096"/>
  <nd ref="8121178097"/>
  <nd ref="8121178098"/>
  <nd ref="8121178099"/>
  <nd ref="8121178100"/>
  <nd ref="8121178091"/>
  <tag k="addr:city" v="College Station"/>
  <tag k="addr:postcode" v="77840"/>
  <tag k="addr:state" v="TX"/>
  <tag k="building" v="yes"/>
 </way>
 <way id="871917500" visible="true" version="1" changeset="94154353" timestamp="2020-11-15T16:19:47Z" user="Trevor_1" uid="3715012">
  <nd ref="1674934103"/>
  <nd ref="8121231465"/>
  <nd ref="8121231466"/>
  <nd ref="8121231463"/>
  <nd ref="1674934102"/>
  <nd ref="8121231467"/>
  <nd ref="8121231468"/>
  <nd ref="8121231469"/>
  <nd ref="1674934097"/>
  <nd ref="1674934103"/>
  <tag k="addr:city" v="College Station"/>
  <tag k="addr:housenumber" v="103"/>
  <tag k="addr:postcode" v="77840"/>
  <tag k="addr:state" v="TX"/>
  <tag k="addr:street" v="Boyett Street"/>
  <tag k="building" v="yes"/>
 </way>
 <way id="951889534" visible="true" version="1" changeset="105944741" timestamp="2021-06-07T05:43:33Z" user="kondokum" uid="11676401">
  <nd ref="8810603572"/>
  <nd ref="8810603573"/>
  <nd ref="8810603574"/>
  <nd ref="8810603575"/>
  <nd ref="8810603572"/>
  <tag k="building" v="yes"/>
  <tag k="name" v="Civilian Lounge-A1"/>
 </way>
 <way id="951889535" visible="true" version="1" changeset="105944741" timestamp="2021-06-07T05:43:33Z" user="kondokum" uid="11676401">
  <nd ref="8810603576"/>
  <nd ref="8810603577"/>
  <nd ref="8810603578"/>
  <nd ref="8810603579"/>
  <nd ref="8810603576"/>
  <tag k="building" v="yes"/>
  <tag k="name" v="Civilian Lounge-A2"/>
 </way>
 <way id="951897040" visible="true" version="1" changeset="105946957" timestamp="2021-06-07T06:20:30Z" user="kondokum" uid="11676401">
  <nd ref="4163620487"/>
  <nd ref="8810662575"/>
  <tag k="highway" v="footway"/>
 </way>
 <way id="951897041" visible="true" version="2" changeset="114940256" timestamp="2021-12-14T21:24:38Z" user="Andrew Matheny" uid="3265371">
  <nd ref="8810662571"/>
  <nd ref="8810662580"/>
  <tag k="highway" v="footway"/>
  <tag k="layer" v="-1"/>
  <tag k="tunnel" v="building_passage"/>
 </way>
 <way id="951897042" visible="true" version="2" changeset="114940256" timestamp="2021-12-14T21:24:38Z" user="Andrew Matheny" uid="3265371">
  <nd ref="8810662573"/>
  <nd ref="8810662574"/>
  <nd ref="8810662575"/>
  <nd ref="8810662576"/>
  <nd ref="8810662577"/>
  <nd ref="8810662578"/>
  <nd ref="8810662579"/>
  <nd ref="8810662580"/>
  <nd ref="8810662581"/>
  <nd ref="8810662583"/>
  <nd ref="8810662571"/>
  <nd ref="1674933293"/>
  <nd ref="1674933224"/>
  <nd ref="8810662572"/>
  <nd ref="8810662573"/>
  <tag k="building" v="yes"/>
  <tag k="name" v="Civilian Lounge-A3"/>
 </way>
 <way id="951897043" visible="true" version="2" changeset="114940256" timestamp="2021-12-14T21:24:38Z" user="Andrew Matheny" uid="3265371">
  <nd ref="8810662575"/>
  <nd ref="8810662572"/>
  <tag k="highway" v="footway"/>
  <tag k="layer" v="-1"/>
  <tag k="tunnel" v="building_passage"/>
 </way>
 <way id="951976291" visible="true" version="2" changeset="148757726" timestamp="2024-03-17T05:06:34Z" user="hunkyburrito" uid="21207173">
  <nd ref="4085651650"/>
  <nd ref="8811404961"/>
  <nd ref="4085651652"/>
  <nd ref="8811404960"/>
  <nd ref="8811404962"/>
  <nd ref="8811404963"/>
  <nd ref="8811404984"/>
  <nd ref="8811404964"/>
  <nd ref="8811404982"/>
  <nd ref="8811404980"/>
  <nd ref="8811404965"/>
  <nd ref="8811404966"/>
  <nd ref="8811404967"/>
  <tag k="highway" v="service"/>
  <tag k="service" v="parking_aisle"/>
  <tag k="surface" v="concrete"/>
 </way>
 <way id="951976292" visible="true" version="2" changeset="148757726" timestamp="2024-03-17T05:07:16Z" user="hunkyburrito" uid="21207173">
  <nd ref="4085651655"/>
  <nd ref="4131715622"/>
  <tag k="highway" v="service"/>
  <tag k="service" v="parking_aisle"/>
  <tag k="surface" v="concrete"/>
 </way>
 <way id="951976293" visible="true" version="2" changeset="148757726" timestamp="2024-03-17T05:06:18Z" user="hunkyburrito" uid="21207173">
  <nd ref="8811404971"/>
  <nd ref="8811404972"/>
  <tag k="highway" v="service"/>
  <tag k="service" v="parking_aisle"/>
  <tag k="surface" v="concrete"/>
 </way>
 <way id="951976294" visible="true" version="2" changeset="148757726" timestamp="2024-03-17T05:06:15Z" user="hunkyburrito" uid="21207173">
  <nd ref="8811404973"/>
  <nd ref="8811404974"/>
  <tag k="highway" v="service"/>
  <tag k="service" v="parking_aisle"/>
  <tag k="surface" v="concrete"/>
 </way>
 <way id="951976295" visible="true" version="2" changeset="148757726" timestamp="2024-03-17T05:06:11Z" user="hunkyburrito" uid="21207173">
  <nd ref="8811404975"/>
  <nd ref="8811404976"/>
  <tag k="highway" v="service"/>
  <tag k="service" v="parking_aisle"/>
  <tag k="surface" v="concrete"/>
 </way>
 <way id="951976296" visible="true" version="2" changeset="148757726" timestamp="2024-03-17T05:06:23Z" user="hunkyburrito" uid="21207173">
  <nd ref="8811404965"/>
  <nd ref="8811404977"/>
  <nd ref="8811404978"/>
  <tag k="highway" v="service"/>
  <tag k="service" v="parking_aisle"/>
  <tag k="surface" v="concrete"/>
 </way>
 <way id="951976297" visible="true" version="2" changeset="148757726" timestamp="2024-03-17T05:06:31Z" user="hunkyburrito" uid="21207173">
  <nd ref="8811404980"/>
  <nd ref="8811404981"/>
  <tag k="highway" v="service"/>
  <tag k="service" v="parking_aisle"/>
  <tag k="surface" v="concrete"/>
 </way>
 <way id="951976298" visible="true" version="2" changeset="148757726" timestamp="2024-03-17T05:06:30Z" user="hunkyburrito" uid="21207173">
  <nd ref="8811404982"/>
  <nd ref="8811404983"/>
  <tag k="highway" v="service"/>
  <tag k="service" v="parking_aisle"/>
  <tag k="surface" v="concrete"/>
 </way>
 <way id="951976299" visible="true" version="2" changeset="148757726" timestamp="2024-03-17T05:06:37Z" user="hunkyburrito" uid="21207173">
  <nd ref="8811404984"/>
  <nd ref="8811404985"/>
  <tag k="highway" v="service"/>
  <tag k="service" v="parking_aisle"/>
  <tag k="surface" v="concrete"/>
 </way>
 <way id="951982834" visible="true" version="1" changeset="105967855" timestamp="2021-06-07T11:23:46Z" user="kondokum" uid="11676401">
  <nd ref="8811495912"/>
  <nd ref="8811495913"/>
  <tag k="highway" v="service"/>
  <tag k="service" v="parking_aisle"/>
 </way>
 <way id="951982835" visible="true" version="1" changeset="105967855" timestamp="2021-06-07T11:23:46Z" user="kondokum" uid="11676401">
  <nd ref="8811495914"/>
  <nd ref="8811495915"/>
  <tag k="highway" v="service"/>
  <tag k="service" v="parking_aisle"/>
 </way>
 <way id="951982836" visible="true" version="1" changeset="105967855" timestamp="2021-06-07T11:23:46Z" user="kondokum" uid="11676401">
  <nd ref="8811495916"/>
  <nd ref="8811495917"/>
  <tag k="highway" v="service"/>
  <tag k="service" v="parking_aisle"/>
 </way>
 <way id="951982837" visible="true" version="1" changeset="105967855" timestamp="2021-06-07T11:23:46Z" user="kondokum" uid="11676401">
  <nd ref="8811495918"/>
  <nd ref="8811495919"/>
  <tag k="highway" v="service"/>
  <tag k="service" v="parking_aisle"/>
 </way>
 <way id="951982838" visible="true" version="1" changeset="105967855" timestamp="2021-06-07T11:23:46Z" user="kondokum" uid="11676401">
  <nd ref="8811495920"/>
  <nd ref="8811495921"/>
  <tag k="highway" v="service"/>
  <tag k="service" v="parking_aisle"/>
 </way>
 <way id="1012223000" visible="true" version="1" changeset="114940256" timestamp="2021-12-14T21:24:38Z" user="Andrew Matheny" uid="3265371">
  <nd ref="9338734130"/>
  <nd ref="4085508896"/>
  <nd ref="4085508897"/>
  <nd ref="9338734134"/>
  <nd ref="9338734133"/>
  <tag k="highway" v="footway"/>
 </way>
 <way id="1012223001" visible="true" version="1" changeset="114940256" timestamp="2021-12-14T21:24:38Z" user="Andrew Matheny" uid="3265371">
  <nd ref="9338734129"/>
  <nd ref="9338734130"/>
  <tag k="highway" v="footway"/>
  <tag k="layer" v="-1"/>
 </way>
 <way id="1012223002" visible="true" version="1" changeset="114940256" timestamp="2021-12-14T21:24:38Z" user="Andrew Matheny" uid="3265371">
  <nd ref="9338734128"/>
  <nd ref="9338734129"/>
  <tag k="highway" v="footway"/>
 </way>
 <way id="1012223003" visible="true" version="1" changeset="114940256" timestamp="2021-12-14T21:24:38Z" user="Andrew Matheny" uid="3265371">
  <nd ref="9338734127"/>
  <nd ref="9338734128"/>
  <tag k="highway" v="footway"/>
  <tag k="layer" v="-1"/>
 </way>
 <way id="1012223004" visible="true" version="1" changeset="114940256" timestamp="2021-12-14T21:24:38Z" user="Andrew Matheny" uid="3265371">
  <nd ref="8810662580"/>
  <nd ref="4163620488"/>
  <tag k="highway" v="footway"/>
 </way>
 <way id="1012223005" visible="true" version="2" changeset="143045697" timestamp="2023-10-24T04:11:42Z" user="kitto33" uid="14976430">
  <nd ref="1674933351"/>
  <nd ref="9338734128"/>
  <nd ref="8810603581"/>
  <nd ref="1674932368"/>
  <nd ref="9338734127"/>
  <nd ref="1674933409"/>
  <nd ref="1674933351"/>
  <tag k="addr:city" v="College Station"/>
  <tag k="addr:postcode" v="77840"/>
  <tag k="addr:state" v="TX"/>
  <tag k="building" v="dormitory"/>
  <tag k="name" v="Keathley Residence Hall"/>
  <tag k="operator" v="Texas A&amp;M University"/>
  <tag k="residential" v="university"/>
 </way>
 <way id="1012223006" visible="true" version="2" changeset="143045697" timestamp="2023-10-24T04:11:42Z" user="kitto33" uid="14976430">
  <nd ref="1674933518"/>
  <nd ref="8810603583"/>
  <nd ref="1674933367"/>
  <nd ref="1674933668"/>
  <nd ref="1674933579"/>
  <nd ref="1674933518"/>
  <tag k="addr:city" v="College Station"/>
  <tag k="addr:postcode" v="77840"/>
  <tag k="addr:state" v="TX"/>
  <tag k="building" v="dormitory"/>
  <tag k="name" v="Moses Residence Hall"/>
  <tag k="operator" v="Texas A&amp;M University"/>
  <tag k="residential" v="university"/>
 </way>
 <way id="1012223007" visible="true" version="2" changeset="143045697" timestamp="2023-10-24T04:11:42Z" user="kitto33" uid="14976430">
  <nd ref="1674933171"/>
  <nd ref="1674932910"/>
  <nd ref="9338734130"/>
  <nd ref="8810603580"/>
  <nd ref="1674932217"/>
  <nd ref="9338734129"/>
  <nd ref="1674933207"/>
  <nd ref="1674933171"/>
  <tag k="addr:city" v="College Station"/>
  <tag k="addr:postcode" v="77840"/>
  <tag k="addr:state" v="TX"/>
  <tag k="building" v="dormitory"/>
  <tag k="name" v="Fowler Residence Hall"/>
  <tag k="operator" v="Texas A&amp;M University"/>
  <tag k="residential" v="university"/>
 </way>
 <way id="1012223010" visible="true" version="1" changeset="114940256" timestamp="2021-12-14T21:24:38Z" user="Andrew Matheny" uid="3265371">
  <nd ref="5911234452"/>
  <nd ref="9338734140"/>
  <nd ref="9338734147"/>
  <nd ref="9338734145"/>
  <nd ref="9338734146"/>
  <tag k="highway" v="service"/>
  <tag k="service" v="parking_aisle"/>
 </way>
 <way id="1014154407" visible="true" version="1" changeset="115225512" timestamp="2021-12-21T20:48:14Z" user="user_13199076" uid="13199076">
  <nd ref="9356523180"/>
  <nd ref="9356523181"/>
  <nd ref="9356523182"/>
  <nd ref="9356523183"/>
  <nd ref="9356523184"/>
  <nd ref="9356523185"/>
  <nd ref="9356523186"/>
  <nd ref="9356523187"/>
  <nd ref="9356523188"/>
  <nd ref="9356523189"/>
  <nd ref="9356523190"/>
  <nd ref="9356523191"/>
  <nd ref="9356523192"/>
  <nd ref="9356523193"/>
  <nd ref="9356523194"/>
  <nd ref="9356523195"/>
  <nd ref="9356523198"/>
  <nd ref="9356523197"/>
  <nd ref="9356523196"/>
  <nd ref="9356523180"/>
  <tag k="addr:city" v="College Station"/>
  <tag k="addr:housenumber" v="101"/>
  <tag k="addr:postcode" v="77840"/>
  <tag k="addr:state" v="TX"/>
  <tag k="addr:street" v="Church Avenue"/>
  <tag k="landuse" v="residential"/>
  <tag k="name" v="The Domain at Northgate"/>
  <tag k="residential" v="apartments"/>
 </way>
 <way id="1027502856" visible="true" version="6" changeset="166598562" timestamp="2025-05-22T07:39:15Z" user="MarkoŠatrak" uid="21990187">
  <nd ref="222529906"/>
  <nd ref="9950922851"/>
  <nd ref="4131715341"/>
  <nd ref="222465721"/>
  <nd ref="11458980081"/>
  <nd ref="2372852757"/>
  <tag k="hgv" v="designated"/>
  <tag k="hgv:national_network" v="yes"/>
  <tag k="highway" v="primary"/>
  <tag k="lanes" v="4"/>
  <tag k="name" v="Raymond Stotzer Parkway"/>
  <tag k="old_ref" v="SH 230"/>
  <tag k="oneway" v="yes"/>
  <tag k="ref" v="FM 60"/>
  <tag k="source:hgv:national_network" v="https://www.ecfr.gov/current/title-23/chapter-I/subchapter-G/part-658;https://hepgis-usdot.hub.arcgis.com/apps/usdot::national-network-conventional-combination-trucks-map"/>
 </way>
 <way id="1077547963" visible="true" version="5" changeset="162737216" timestamp="2025-02-20T11:46:32Z" user="ihorkovtun_lyft" uid="22052511">
  <nd ref="222686714"/>
  <nd ref="222686710"/>
  <nd ref="222561629"/>
  <tag k="highway" v="secondary"/>
  <tag k="lanes:backward" v="2"/>
  <tag k="lanes:forward" v="3"/>
  <tag k="name" v="Wellborn Road"/>
  <tag k="oneway" v="no"/>
  <tag k="postal_code" v="77840"/>
  <tag k="surface" v="asphalt"/>
  <tag k="tiger:county" v="Brazos, TX"/>
 </way>
 <way id="1086004380" visible="true" version="3" changeset="149039503" timestamp="2024-03-23T06:59:27Z" user="kitto33" uid="14976430">
  <nd ref="9950922855"/>
  <nd ref="9950922854"/>
  <nd ref="9950922853"/>
  <nd ref="9950922852"/>
  <nd ref="9950922851"/>
  <tag k="destination" v="Raymond Stozer Parkway"/>
  <tag k="highway" v="primary_link"/>
  <tag k="lanes" v="1"/>
  <tag k="oneway" v="yes"/>
  <tag k="turn" v="right"/>
 </way>
 <way id="1086004381" visible="true" version="3" changeset="149039503" timestamp="2024-03-23T06:59:27Z" user="kitto33" uid="14976430">
  <nd ref="9950922859"/>
  <nd ref="9950922858"/>
  <nd ref="9950922857"/>
  <nd ref="9950922856"/>
  <nd ref="9950922855"/>
  <tag k="destination" v="Agronomy Road"/>
  <tag k="highway" v="primary_link"/>
  <tag k="lanes" v="1"/>
  <tag k="oneway" v="yes"/>
  <tag k="turn" v="right"/>
 </way>
 <way id="1131869018" visible="true" version="1" changeset="131251841" timestamp="2023-01-14T04:39:35Z" user="kitto33" uid="14976430">
  <nd ref="10553778086"/>
  <nd ref="10553778085"/>
  <nd ref="10553778084"/>
  <nd ref="10553778083"/>
  <nd ref="10553778086"/>
  <tag k="access" v="permissive"/>
  <tag k="amenity" v="parking"/>
  <tag k="name" v="Lot 71"/>
  <tag k="parking" v="surface"/>
 </way>
 <way id="1151938898" visible="true" version="5" changeset="166598562" timestamp="2025-05-22T07:39:23Z" user="MarkoŠatrak" uid="21990187">
  <nd ref="222466163"/>
  <nd ref="11409422054"/>
  <nd ref="222529477"/>
  <tag k="foot" v="yes"/>
  <tag k="hgv" v="designated"/>
  <tag k="hgv:national_network" v="yes"/>
  <tag k="highway" v="primary"/>
  <tag k="lanes" v="4"/>
  <tag k="name" v="University Drive"/>
  <tag k="old_ref" v="SH 230"/>
  <tag k="oneway" v="yes"/>
  <tag k="ref" v="FM 60"/>
  <tag k="sidewalk" v="both"/>
  <tag k="source:hgv:national_network" v="https://www.ecfr.gov/current/title-23/chapter-I/subchapter-G/part-658;https://hepgis-usdot.hub.arcgis.com/apps/usdot::national-network-conventional-combination-trucks-map"/>
  <tag k="surface" v="paved"/>
  <tag k="turn:lanes" v="left|||through;right"/>
 </way>
 <way id="1190362127" visible="true" version="1" changeset="138662810" timestamp="2023-07-18T10:52:58Z" user="kitto33" uid="14976430">
  <nd ref="222529477"/>
  <nd ref="3903957270"/>
  <tag k="highway" v="residential"/>
  <tag k="lanes" v="2"/>
  <tag k="maxspeed" v="25 mph"/>
  <tag k="name" v="Boyett Street"/>
  <tag k="postal_code" v="77840"/>
  <tag k="surface" v="asphalt"/>
  <tag k="tiger:county" v="Brazos, TX"/>
 </way>
 <way id="1190376155" visible="true" version="2" changeset="142339420" timestamp="2023-10-09T08:58:08Z" user="kitto33" uid="14976430">
  <nd ref="3903979762"/>
  <nd ref="5911234461"/>
  <nd ref="5911234460"/>
  <nd ref="3903979760"/>
  <nd ref="5911234459"/>
  <nd ref="3903979757"/>
  <nd ref="3903979758"/>
  <nd ref="5911234458"/>
  <nd ref="5911234457"/>
  <nd ref="5911234456"/>
  <nd ref="3903979759"/>
  <nd ref="3903978756"/>
  <tag k="cycleway:right" v="lane"/>
  <tag k="highway" v="unclassified"/>
  <tag k="lanes" v="1"/>
  <tag k="name" v="Old Main Drive"/>
  <tag k="oneway" v="yes"/>
  <tag k="turn:lanes" v="through"/>
 </way>
 <way id="1190376156" visible="true" version="2" changeset="139206362" timestamp="2023-07-30T11:49:43Z" user="kitto33" uid="14976430">
  <nd ref="3903978756"/>
  <nd ref="222664487"/>
  <nd ref="5911234478"/>
  <nd ref="5911234424"/>
  <nd ref="5911234479"/>
  <nd ref="5911234440"/>
  <tag k="cycleway" v="lane"/>
  <tag k="highway" v="unclassified"/>
  <tag k="name" v="Jones Street"/>
  <tag k="oneway" v="yes"/>
  <tag k="oneway:bicycle" v="no"/>
  <tag k="surface" v="asphalt"/>
  <tag k="tiger:county" v="Brazos, TX"/>
 </way>
 <way id="1191558400" visible="true" version="2" changeset="149039503" timestamp="2024-03-23T06:59:27Z" user="kitto33" uid="14976430">
  <nd ref="2372852764"/>
  <nd ref="2372852761"/>
  <nd ref="5079788495"/>
  <tag k="highway" v="unclassified"/>
  <tag k="lanes" v="1"/>
  <tag k="name" v="Olsen Boulevard"/>
  <tag k="oneway" v="yes"/>
 </way>
 <way id="1191558401" visible="true" version="4" changeset="166598562" timestamp="2025-05-22T07:39:23Z" user="MarkoŠatrak" uid="21990187">
  <nd ref="5079788490"/>
  <nd ref="2372852764"/>
  <tag k="hgv" v="designated"/>
  <tag k="hgv:national_network" v="yes"/>
  <tag k="highway" v="primary"/>
  <tag k="lanes" v="4"/>
  <tag k="name" v="Raymond Stotzer Parkway"/>
  <tag k="old_ref" v="SH 230"/>
  <tag k="oneway" v="yes"/>
  <tag k="ref" v="FM 60"/>
  <tag k="source:hgv:national_network" v="https://www.ecfr.gov/current/title-23/chapter-I/subchapter-G/part-658;https://hepgis-usdot.hub.arcgis.com/apps/usdot::national-network-conventional-combination-trucks-map"/>
 </way>
 <way id="1193308698" visible="true" version="2" changeset="140700859" timestamp="2023-09-02T00:36:09Z" user="UrbanUnPlanner" uid="14692283">
  <nd ref="5133673832"/>
  <nd ref="9338734140"/>
  <nd ref="11161998701"/>
  <nd ref="5911234451"/>
  <tag k="crossing" v="unmarked"/>
  <tag k="crossing:markings" v="no"/>
  <tag k="footway" v="crossing"/>
  <tag k="highway" v="footway"/>
 </way>
 <way id="1193308699" visible="true" version="1" changeset="139206362" timestamp="2023-07-30T11:49:43Z" user="kitto33" uid="14976430">
  <nd ref="11076755762"/>
  <nd ref="5418462522"/>
  <nd ref="4476088441"/>
  <tag k="highway" v="footway"/>
 </way>
 <way id="1193308700" visible="true" version="2" changeset="140700859" timestamp="2023-09-02T00:36:09Z" user="UrbanUnPlanner" uid="14692283">
  <nd ref="11076755761"/>
  <nd ref="5763774468"/>
  <nd ref="11076755762"/>
  <tag k="crossing" v="uncontrolled"/>
  <tag k="crossing:markings" v="surface"/>
  <tag k="footway" v="crossing"/>
  <tag k="highway" v="footway"/>
  <tag k="surface" v="paving_stones"/>
 </way>
 <way id="1193308703" visible="true" version="1" changeset="139206362" timestamp="2023-07-30T11:49:43Z" user="kitto33" uid="14976430">
  <nd ref="11076755763"/>
  <nd ref="5418462522"/>
  <tag k="highway" v="footway"/>
 </way>
 <way id="1193308704" visible="true" version="1" changeset="139206362" timestamp="2023-07-30T11:49:43Z" user="kitto33" uid="14976430">
  <nd ref="5418462419"/>
  <nd ref="11076755764"/>
  <tag k="highway" v="footway"/>
 </way>
 <way id="1193308707" visible="true" version="1" changeset="139206362" timestamp="2023-07-30T11:49:43Z" user="kitto33" uid="14976430">
  <nd ref="5418462416"/>
  <nd ref="5911234427"/>
  <nd ref="5418462417"/>
  <nd ref="5911234426"/>
  <nd ref="5418462418"/>
  <nd ref="5418462419"/>
  <nd ref="5911234425"/>
  <tag k="highway" v="footway"/>
  <tag k="surface" v="concrete"/>
 </way>
 <way id="1204460769" visible="true" version="1" changeset="140728085" timestamp="2023-09-02T16:49:15Z" user="UrbanUnPlanner" uid="14692283">
  <nd ref="11163231784"/>
  <nd ref="11163231783"/>
  <nd ref="11163231786"/>
  <nd ref="11163231782"/>
  <nd ref="11163231781"/>
  <nd ref="6193745987"/>
  <nd ref="6193745988"/>
  <nd ref="6193745989"/>
  <nd ref="6193745990"/>
  <tag k="footway" v="sidewalk"/>
  <tag k="highway" v="footway"/>
 </way>
 <way id="1204460771" visible="true" version="1" changeset="140728085" timestamp="2023-09-02T16:49:15Z" user="UrbanUnPlanner" uid="14692283">
  <nd ref="11163231791"/>
  <nd ref="11163231792"/>
  <nd ref="11163231793"/>
  <tag k="footway" v="sidewalk"/>
  <tag k="highway" v="footway"/>
 </way>
 <way id="1204460772" visible="true" version="1" changeset="140728085" timestamp="2023-09-02T16:49:15Z" user="UrbanUnPlanner" uid="14692283">
  <nd ref="11163231793"/>
  <nd ref="5570145926"/>
  <nd ref="5570145927"/>
  <nd ref="11163231794"/>
  <tag k="button_operated" v="yes"/>
  <tag k="crossing" v="traffic_signals"/>
  <tag k="crossing:markings" v="lines"/>
  <tag k="footway" v="crossing"/>
  <tag k="highway" v="footway"/>
 </way>
 <way id="1204460773" visible="true" version="2" changeset="144993967" timestamp="2023-12-11T10:36:26Z" user="kitto33" uid="14976430">
  <nd ref="11163231795"/>
  <nd ref="11163266120"/>
  <tag k="footway" v="sidewalk"/>
  <tag k="highway" v="footway"/>
 </way>
 <way id="1204460774" visible="true" version="1" changeset="140728085" timestamp="2023-09-02T16:49:15Z" user="UrbanUnPlanner" uid="14692283">
  <nd ref="11163231795"/>
  <nd ref="11163231797"/>
  <nd ref="11163231791"/>
  <tag k="crossing" v="unmarked"/>
  <tag k="crossing:markings" v="no"/>
  <tag k="footway" v="crossing"/>
  <tag k="highway" v="footway"/>
 </way>
 <way id="1204460775" visible="true" version="4" changeset="148757708" timestamp="2024-03-17T05:07:29Z" user="hunkyburrito" uid="21207173">
  <nd ref="9338734134"/>
  <nd ref="11163231798"/>
  <nd ref="11163231799"/>
  <nd ref="11163231800"/>
  <nd ref="11163231801"/>
  <nd ref="11163231803"/>
  <nd ref="11163231804"/>
  <nd ref="11163266107"/>
  <nd ref="11163266105"/>
  <nd ref="11163266106"/>
  <nd ref="11163266134"/>
  <nd ref="11163266108"/>
  <nd ref="11163266109"/>
  <nd ref="11163266110"/>
  <nd ref="11163266111"/>
  <nd ref="11163266112"/>
  <nd ref="11163266113"/>
  <nd ref="11163266114"/>
  <nd ref="11163266115"/>
  <nd ref="11163266116"/>
  <nd ref="11163266117"/>
  <nd ref="11163266119"/>
  <nd ref="11163266120"/>
  <nd ref="11163266122"/>
  <nd ref="11163266135"/>
  <nd ref="11163266124"/>
  <nd ref="11409422073"/>
  <nd ref="11323031936"/>
  <nd ref="11163266125"/>
  <nd ref="11323031937"/>
  <nd ref="11409422072"/>
  <nd ref="11163266126"/>
  <nd ref="11409422071"/>
  <nd ref="11163266127"/>
  <nd ref="11163266128"/>
  <nd ref="11409422070"/>
  <nd ref="11409422069"/>
  <nd ref="11409422061"/>
  <nd ref="11163266131"/>
  <nd ref="11409422068"/>
  <nd ref="11409422074"/>
  <nd ref="11163266132"/>
  <nd ref="11163266133"/>
  <tag k="footway" v="sidewalk"/>
  <tag k="highway" v="footway"/>
  <tag k="surface" v="concrete"/>
 </way>
 <way id="1204460776" visible="true" version="1" changeset="140728085" timestamp="2023-09-02T16:49:15Z" user="UrbanUnPlanner" uid="14692283">
  <nd ref="11163231802"/>
  <nd ref="4077341827"/>
  <tag k="footway" v="link"/>
  <tag k="highway" v="footway"/>
 </way>
 <way id="1204460777" visible="true" version="3" changeset="144993967" timestamp="2023-12-11T10:36:26Z" user="kitto33" uid="14976430">
  <nd ref="11163266135"/>
  <nd ref="11323031935"/>
  <nd ref="11163266136"/>
  <nd ref="11409422084"/>
  <nd ref="11163266137"/>
  <tag k="footway" v="sidewalk"/>
  <tag k="highway" v="footway"/>
 </way>
 <way id="1204460779" visible="true" version="1" changeset="140728085" timestamp="2023-09-02T16:49:15Z" user="UrbanUnPlanner" uid="14692283">
  <nd ref="11163231794"/>
  <nd ref="11163266142"/>
  <nd ref="11163266143"/>
  <nd ref="11163266148"/>
  <tag k="footway" v="sidewalk"/>
  <tag k="highway" v="footway"/>
 </way>
 <way id="1204460780" visible="true" version="2" changeset="144993967" timestamp="2023-12-11T10:36:26Z" user="kitto33" uid="14976430">
  <nd ref="11163266147"/>
  <nd ref="11163266144"/>
  <nd ref="11163266145"/>
  <nd ref="11163266146"/>
  <nd ref="11163266242"/>
  <tag k="footway" v="sidewalk"/>
  <tag k="highway" v="footway"/>
 </way>
 <way id="1204460781" visible="true" version="1" changeset="140728085" timestamp="2023-09-02T16:49:15Z" user="UrbanUnPlanner" uid="14692283">
  <nd ref="11163266148"/>
  <nd ref="11163266147"/>
  <tag k="bridge" v="yes"/>
  <tag k="footway" v="sidewalk"/>
  <tag k="highway" v="footway"/>
  <tag k="layer" v="1"/>
 </way>
 <way id="1204460782" visible="true" version="1" changeset="140728085" timestamp="2023-09-02T16:49:15Z" user="UrbanUnPlanner" uid="14692283">
  <nd ref="11163266151"/>
  <nd ref="11163266152"/>
  <nd ref="11163266153"/>
  <nd ref="11163266155"/>
  <nd ref="11163266156"/>
  <tag k="footway" v="sidewalk"/>
  <tag k="highway" v="footway"/>
 </way>
 <way id="1204460783" visible="true" version="2" changeset="143636964" timestamp="2023-11-05T04:04:57Z" user="kitto33" uid="14976430">
  <nd ref="11163266156"/>
  <nd ref="11163266157"/>
  <nd ref="11163266158"/>
  <nd ref="11163266159"/>
  <nd ref="11323031948"/>
  <nd ref="11323031947"/>
  <nd ref="4085651629"/>
  <nd ref="11163266161"/>
  <nd ref="11163266162"/>
  <nd ref="11163266163"/>
  <nd ref="11163266164"/>
  <nd ref="11163266165"/>
  <nd ref="11163266166"/>
  <nd ref="11163266167"/>
  <nd ref="11163266168"/>
  <nd ref="11163266169"/>
  <nd ref="11163266170"/>
  <nd ref="11163266171"/>
  <nd ref="11163266172"/>
  <nd ref="11163266173"/>
  <tag k="footway" v="sidewalk"/>
  <tag k="highway" v="footway"/>
 </way>
 <way id="1204460786" visible="true" version="4" changeset="149377443" timestamp="2024-03-31T06:40:56Z" user="kitto33" uid="14976430">
  <nd ref="11163266138"/>
  <nd ref="11163266196"/>
  <nd ref="11163266149"/>
  <tag k="crossing" v="marked"/>
  <tag k="crossing:markings" v="zebra"/>
  <tag k="footway" v="crossing"/>
  <tag k="highway" v="footway"/>
 </way>
 <way id="1204460787" visible="true" version="2" changeset="144993967" timestamp="2023-12-11T10:36:26Z" user="kitto33" uid="14976430">
  <nd ref="11163266219"/>
  <nd ref="11163266218"/>
  <nd ref="11163266217"/>
  <nd ref="11163266216"/>
  <nd ref="11163266215"/>
  <nd ref="11163266214"/>
  <nd ref="11163266213"/>
  <nd ref="11163266212"/>
  <nd ref="11163266211"/>
  <nd ref="11163266210"/>
  <nd ref="11163266209"/>
  <nd ref="11163266208"/>
  <nd ref="11163266207"/>
  <nd ref="11163266206"/>
  <nd ref="11163266205"/>
  <nd ref="11163266204"/>
  <nd ref="11163266203"/>
  <nd ref="11163266202"/>
  <nd ref="11163266201"/>
  <nd ref="11163266200"/>
  <nd ref="11163266199"/>
  <nd ref="11163266198"/>
  <tag k="footway" v="sidewalk"/>
  <tag k="highway" v="footway"/>
 </way>
 <way id="1204460788" visible="true" version="3" changeset="144993967" timestamp="2023-12-11T10:36:26Z" user="kitto33" uid="14976430">
  <nd ref="11163266222"/>
  <nd ref="11163266229"/>
  <nd ref="11163266221"/>
  <tag k="crossing" v="uncontrolled"/>
  <tag k="crossing:markings" v="lines"/>
  <tag k="footway" v="crossing"/>
  <tag k="highway" v="footway"/>
 </way>
 <way id="1204460789" visible="true" version="2" changeset="144993967" timestamp="2023-12-11T10:36:26Z" user="kitto33" uid="14976430">
  <nd ref="11409422044"/>
  <nd ref="11409422041"/>
  <nd ref="11163266250"/>
  <nd ref="11163266249"/>
  <nd ref="11163266248"/>
  <nd ref="11163266247"/>
  <nd ref="11163266251"/>
  <nd ref="11409422045"/>
  <nd ref="11163266226"/>
  <nd ref="11409422046"/>
  <nd ref="11409422047"/>
  <nd ref="11163266225"/>
  <nd ref="11163266228"/>
  <nd ref="11163266224"/>
  <nd ref="11163266223"/>
  <nd ref="11409422049"/>
  <nd ref="11409422048"/>
  <nd ref="11163266232"/>
  <nd ref="11409422050"/>
  <nd ref="11409422052"/>
  <nd ref="11163266233"/>
  <nd ref="11163266234"/>
  <nd ref="11409422051"/>
  <nd ref="11409422053"/>
  <nd ref="11163266235"/>
  <nd ref="11163266236"/>
  <nd ref="11163266244"/>
  <nd ref="11163266237"/>
  <nd ref="11163266238"/>
  <nd ref="11163266239"/>
  <nd ref="11163266254"/>
  <nd ref="11163266240"/>
  <nd ref="11163266241"/>
  <tag k="footway" v="sidewalk"/>
  <tag k="highway" v="footway"/>
 </way>
 <way id="1204460790" visible="true" version="2" changeset="144993967" timestamp="2023-12-11T10:36:26Z" user="kitto33" uid="14976430">
  <nd ref="11163266242"/>
  <nd ref="11163266245"/>
  <nd ref="11163266246"/>
  <nd ref="11163266243"/>
  <tag k="button_operated" v="yes"/>
  <tag k="crossing" v="traffic_signals"/>
  <tag k="crossing:markings" v="lines"/>
  <tag k="footway" v="crossing"/>
  <tag k="highway" v="footway"/>
 </way>
 <way id="1204460791" visible="true" version="1" changeset="140728085" timestamp="2023-09-02T16:49:15Z" user="UrbanUnPlanner" uid="14692283">
  <nd ref="11163266240"/>
  <nd ref="11163266255"/>
  <nd ref="11163266256"/>
  <nd ref="11163266252"/>
  <nd ref="11163266253"/>
  <tag k="crossing" v="unmarked"/>
  <tag k="crossing:markings" v="no"/>
  <tag k="footway" v="crossing"/>
  <tag k="highway" v="footway"/>
 </way>
 <way id="1204460792" visible="true" version="1" changeset="140728085" timestamp="2023-09-02T16:49:15Z" user="UrbanUnPlanner" uid="14692283">
  <nd ref="11163266267"/>
  <nd ref="11163266266"/>
  <nd ref="11163266265"/>
  <nd ref="11163266264"/>
  <nd ref="11163266263"/>
  <nd ref="11163266253"/>
  <nd ref="11163266257"/>
  <nd ref="11163266258"/>
  <nd ref="11163266259"/>
  <nd ref="11163266260"/>
  <nd ref="11163266261"/>
  <nd ref="11163266262"/>
  <tag k="footway" v="sidewalk"/>
  <tag k="highway" v="footway"/>
 </way>
 <way id="1204468934" visible="true" version="5" changeset="166598562" timestamp="2025-05-22T07:39:23Z" user="MarkoŠatrak" uid="21990187">
  <nd ref="11163316160"/>
  <nd ref="2372852774"/>
  <nd ref="2372852775"/>
  <tag k="hgv" v="designated"/>
  <tag k="hgv:national_network" v="yes"/>
  <tag k="highway" v="primary"/>
  <tag k="lanes" v="2"/>
  <tag k="name" v="Raymond Stotzer Parkway"/>
  <tag k="old_ref" v="SH 230"/>
  <tag k="oneway" v="yes"/>
  <tag k="ref" v="FM 60"/>
  <tag k="source:hgv:national_network" v="https://www.ecfr.gov/current/title-23/chapter-I/subchapter-G/part-658;https://hepgis-usdot.hub.arcgis.com/apps/usdot::national-network-conventional-combination-trucks-map"/>
  <tag k="surface" v="asphalt"/>
 </way>
 <way id="1204468935" visible="true" version="3" changeset="166598562" timestamp="2025-05-22T07:39:23Z" user="MarkoŠatrak" uid="21990187">
  <nd ref="11163316159"/>
  <nd ref="2372852773"/>
  <nd ref="11163316160"/>
  <tag k="hgv" v="designated"/>
  <tag k="hgv:national_network" v="yes"/>
  <tag k="highway" v="primary"/>
  <tag k="lanes" v="2"/>
  <tag k="maxheight" v="14'11&quot;"/>
  <tag k="name" v="Raymond Stotzer Parkway"/>
  <tag k="old_ref" v="SH 230"/>
  <tag k="oneway" v="yes"/>
  <tag k="ref" v="FM 60"/>
  <tag k="source:hgv:national_network" v="https://www.ecfr.gov/current/title-23/chapter-I/subchapter-G/part-658;https://hepgis-usdot.hub.arcgis.com/apps/usdot::national-network-conventional-combination-trucks-map"/>
  <tag k="surface" v="asphalt"/>
 </way>
 <way id="1204468936" visible="true" version="3" changeset="166598562" timestamp="2025-05-22T07:39:23Z" user="MarkoŠatrak" uid="21990187">
  <nd ref="3903957213"/>
  <nd ref="222466185"/>
  <nd ref="11163316162"/>
  <tag k="hgv" v="designated"/>
  <tag k="hgv:national_network" v="yes"/>
  <tag k="highway" v="primary"/>
  <tag k="lanes" v="2"/>
  <tag k="name" v="Raymond Stotzer Parkway"/>
  <tag k="old_ref" v="SH 230"/>
  <tag k="oneway" v="yes"/>
  <tag k="ref" v="FM 60"/>
  <tag k="source:hgv:national_network" v="https://www.ecfr.gov/current/title-23/chapter-I/subchapter-G/part-658;https://hepgis-usdot.hub.arcgis.com/apps/usdot::national-network-conventional-combination-trucks-map"/>
  <tag k="surface" v="asphalt"/>
 </way>
 <way id="1204468937" visible="true" version="3" changeset="166598562" timestamp="2025-05-22T07:39:23Z" user="MarkoŠatrak" uid="21990187">
  <nd ref="11163316162"/>
  <nd ref="7903722098"/>
  <nd ref="11163316163"/>
  <tag k="hgv" v="designated"/>
  <tag k="hgv:national_network" v="yes"/>
  <tag k="highway" v="primary"/>
  <tag k="lanes" v="2"/>
  <tag k="maxheight" v="14'9&quot;"/>
  <tag k="name" v="Raymond Stotzer Parkway"/>
  <tag k="old_ref" v="SH 230"/>
  <tag k="oneway" v="yes"/>
  <tag k="ref" v="FM 60"/>
  <tag k="source:hgv:national_network" v="https://www.ecfr.gov/current/title-23/chapter-I/subchapter-G/part-658;https://hepgis-usdot.hub.arcgis.com/apps/usdot::national-network-conventional-combination-trucks-map"/>
  <tag k="surface" v="asphalt"/>
 </way>
 <way id="1209238762" visible="true" version="4" changeset="166598562" timestamp="2025-05-22T07:39:23Z" user="MarkoŠatrak" uid="21990187">
  <nd ref="11203833825"/>
  <nd ref="11409422056"/>
  <nd ref="3903957270"/>
  <tag k="hgv" v="designated"/>
  <tag k="hgv:national_network" v="yes"/>
  <tag k="highway" v="primary"/>
  <tag k="lanes" v="4"/>
  <tag k="name" v="University Drive"/>
  <tag k="old_ref" v="SH 230"/>
  <tag k="oneway" v="yes"/>
  <tag k="ref" v="FM 60"/>
  <tag k="source:hgv:national_network" v="https://www.ecfr.gov/current/title-23/chapter-I/subchapter-G/part-658;https://hepgis-usdot.hub.arcgis.com/apps/usdot::national-network-conventional-combination-trucks-map"/>
  <tag k="turn:lanes" v="left|||through;right"/>
 </way>
 <way id="1209238763" visible="true" version="4" changeset="166598562" timestamp="2025-05-22T07:39:23Z" user="MarkoŠatrak" uid="21990187">
  <nd ref="3903957270"/>
  <nd ref="11409422055"/>
  <nd ref="3903957245"/>
  <tag k="hgv" v="designated"/>
  <tag k="hgv:national_network" v="yes"/>
  <tag k="highway" v="primary"/>
  <tag k="lanes" v="3"/>
  <tag k="name" v="University Drive"/>
  <tag k="old_ref" v="SH 230"/>
  <tag k="oneway" v="yes"/>
  <tag k="ref" v="FM 60"/>
  <tag k="source:hgv:national_network" v="https://www.ecfr.gov/current/title-23/chapter-I/subchapter-G/part-658;https://hepgis-usdot.hub.arcgis.com/apps/usdot::national-network-conventional-combination-trucks-map"/>
 </way>
 <way id="1209238767" visible="true" version="3" changeset="166598562" timestamp="2025-05-22T07:39:23Z" user="MarkoŠatrak" uid="21990187">
  <nd ref="5570145934"/>
  <nd ref="3903957213"/>
  <tag k="hgv" v="designated"/>
  <tag k="hgv:national_network" v="yes"/>
  <tag k="highway" v="primary"/>
  <tag k="lanes" v="3"/>
  <tag k="name" v="University Drive"/>
  <tag k="old_ref" v="SH 230"/>
  <tag k="oneway" v="yes"/>
  <tag k="ref" v="FM 60"/>
  <tag k="source:hgv:national_network" v="https://www.ecfr.gov/current/title-23/chapter-I/subchapter-G/part-658;https://hepgis-usdot.hub.arcgis.com/apps/usdot::national-network-conventional-combination-trucks-map"/>
  <tag k="turn:lanes" v="||right"/>
 </way>
 <way id="1209238768" visible="true" version="3" changeset="166598562" timestamp="2025-05-22T07:39:23Z" user="MarkoŠatrak" uid="21990187">
  <nd ref="3903957245"/>
  <nd ref="5570145934"/>
  <tag k="hgv" v="designated"/>
  <tag k="hgv:national_network" v="yes"/>
  <tag k="highway" v="primary"/>
  <tag k="lanes" v="3"/>
  <tag k="name" v="University Drive"/>
  <tag k="old_ref" v="SH 230"/>
  <tag k="oneway" v="yes"/>
  <tag k="ref" v="FM 60"/>
  <tag k="source:hgv:national_network" v="https://www.ecfr.gov/current/title-23/chapter-I/subchapter-G/part-658;https://hepgis-usdot.hub.arcgis.com/apps/usdot::national-network-conventional-combination-trucks-map"/>
  <tag k="turn:lanes" v="||right"/>
 </way>
 <way id="1214285467" visible="true" version="3" changeset="149039503" timestamp="2024-03-23T06:59:27Z" user="kitto33" uid="14976430">
  <nd ref="222614210"/>
  <nd ref="11323031930"/>
  <nd ref="222614212"/>
  <nd ref="9952752551"/>
  <nd ref="11323031929"/>
  <tag k="highway" v="unclassified"/>
  <tag k="lanes" v="2"/>
  <tag k="name" v="Olsen Boulevard"/>
  <tag k="oneway" v="yes"/>
  <tag k="tiger:county" v="Brazos, TX"/>
 </way>
 <way id="1221220838" visible="true" version="3" changeset="166598562" timestamp="2025-05-22T07:39:26Z" user="MarkoŠatrak" uid="21990187">
  <nd ref="2372852775"/>
  <nd ref="222466163"/>
  <tag k="hgv" v="designated"/>
  <tag k="hgv:national_network" v="yes"/>
  <tag k="highway" v="primary"/>
  <tag k="lanes" v="3"/>
  <tag k="name" v="Raymond Stotzer Parkway"/>
  <tag k="old_ref" v="SH 230"/>
  <tag k="oneway" v="yes"/>
  <tag k="ref" v="FM 60"/>
  <tag k="source:hgv:national_network" v="https://www.ecfr.gov/current/title-23/chapter-I/subchapter-G/part-658;https://hepgis-usdot.hub.arcgis.com/apps/usdot::national-network-conventional-combination-trucks-map"/>
  <tag k="surface" v="asphalt"/>
 </way>
 <way id="1221220839" visible="true" version="3" changeset="166598562" timestamp="2025-05-22T07:39:26Z" user="MarkoŠatrak" uid="21990187">
  <nd ref="2372852768"/>
  <nd ref="2372852765"/>
  <nd ref="9950922859"/>
  <nd ref="222529906"/>
  <tag k="hgv" v="designated"/>
  <tag k="hgv:national_network" v="yes"/>
  <tag k="highway" v="primary"/>
  <tag k="lanes" v="4"/>
  <tag k="name" v="Raymond Stotzer Parkway"/>
  <tag k="old_ref" v="SH 230"/>
  <tag k="oneway" v="yes"/>
  <tag k="ref" v="FM 60"/>
  <tag k="source:hgv:national_network" v="https://www.ecfr.gov/current/title-23/chapter-I/subchapter-G/part-658;https://hepgis-usdot.hub.arcgis.com/apps/usdot::national-network-conventional-combination-trucks-map"/>
  <tag k="surface" v="asphalt"/>
  <tag k="turn:lanes" v="left|||right"/>
 </way>
 <way id="1221220840" visible="true" version="2" changeset="149039503" timestamp="2024-03-23T06:59:27Z" user="kitto33" uid="14976430">
  <nd ref="222529906"/>
  <nd ref="9950922855"/>
  <nd ref="11323031928"/>
  <tag k="cycleway" v="shared_lane"/>
  <tag k="highway" v="tertiary"/>
  <tag k="lanes" v="4"/>
  <tag k="lanes:backward" v="3"/>
  <tag k="lanes:forward" v="1"/>
  <tag k="name" v="Agronomy Road"/>
  <tag k="old_ref" v="FM 3518"/>
  <tag k="tiger:county" v="Brazos, TX"/>
  <tag k="turn:lanes:backward" v="left|left;through|right"/>
 </way>
 <way id="1221220841" visible="true" version="2" changeset="149039503" timestamp="2024-03-23T06:59:27Z" user="kitto33" uid="14976430">
  <nd ref="11323031929"/>
  <nd ref="5916641541"/>
  <tag k="highway" v="unclassified"/>
  <tag k="lanes" v="3"/>
  <tag k="name" v="Olsen Boulevard"/>
  <tag k="oneway" v="yes"/>
  <tag k="tiger:county" v="Brazos, TX"/>
  <tag k="turn:lanes" v="left|through|right"/>
 </way>
 <way id="1221220842" visible="true" version="2" changeset="149039503" timestamp="2024-03-23T06:59:27Z" user="kitto33" uid="14976430">
  <nd ref="5916641541"/>
  <nd ref="2372852763"/>
  <nd ref="2372852764"/>
  <tag k="highway" v="unclassified"/>
  <tag k="lanes" v="2"/>
  <tag k="name" v="Olsen Boulevard"/>
  <tag k="oneway" v="yes"/>
  <tag k="tiger:county" v="Brazos, TX"/>
  <tag k="turn:lanes" v="left|through"/>
 </way>
 <way id="1221220845" visible="true" version="2" changeset="144993967" timestamp="2023-12-11T10:36:26Z" user="kitto33" uid="14976430">
  <nd ref="11163266228"/>
  <nd ref="11163266222"/>
  <tag k="footway" v="crossing"/>
  <tag k="highway" v="footway"/>
 </way>
 <way id="1221220846" visible="true" version="2" changeset="144993967" timestamp="2023-12-11T10:36:26Z" user="kitto33" uid="14976430">
  <nd ref="11163266221"/>
  <nd ref="11163266220"/>
  <nd ref="11163266230"/>
  <tag k="footway" v="traffic_island"/>
  <tag k="highway" v="footway"/>
 </way>
 <way id="1221220847" visible="true" version="3" changeset="144993967" timestamp="2023-12-11T10:36:26Z" user="kitto33" uid="14976430">
  <nd ref="11163266230"/>
  <nd ref="5911168389"/>
  <nd ref="11163266219"/>
  <tag k="crossing" v="uncontrolled"/>
  <tag k="crossing:markings" v="lines"/>
  <tag k="footway" v="crossing"/>
  <tag k="highway" v="footway"/>
 </way>
 <way id="1221220848" visible="true" version="1" changeset="143636964" timestamp="2023-11-05T04:04:57Z" user="kitto33" uid="14976430">
  <nd ref="2372852774"/>
  <nd ref="3903957183"/>
  <nd ref="3903957182"/>
  <nd ref="11323035569"/>
  <nd ref="3903957176"/>
  <tag k="highway" v="primary_link"/>
  <tag k="lanes" v="2"/>
  <tag k="oneway" v="yes"/>
  <tag k="surface" v="asphalt"/>
  <tag k="tiger:cfcc" v="A41"/>
  <tag k="tiger:county" v="Brazos, TX"/>
 </way>
 <way id="1221220849" visible="true" version="1" changeset="143636964" timestamp="2023-11-05T04:04:57Z" user="kitto33" uid="14976430">
  <nd ref="3903957213"/>
  <nd ref="5570145932"/>
  <nd ref="5911168400"/>
  <nd ref="11163266229"/>
  <nd ref="5570145931"/>
  <nd ref="5911168399"/>
  <nd ref="3903957211"/>
  <nd ref="5911168403"/>
  <nd ref="5911168398"/>
  <nd ref="222466313"/>
  <tag k="highway" v="primary_link"/>
  <tag k="oneway" v="yes"/>
  <tag k="surface" v="asphalt"/>
  <tag k="tiger:cfcc" v="A41"/>
  <tag k="tiger:county" v="Brazos, TX"/>
 </way>
 <way id="1221252240" visible="true" version="1" changeset="143644286" timestamp="2023-11-05T10:46:29Z" user="kitto33" uid="14976430">
  <nd ref="11323344136"/>
  <nd ref="11323344135"/>
  <nd ref="11323344134"/>
  <nd ref="11323344133"/>
  <nd ref="11323344132"/>
  <nd ref="11323344131"/>
  <nd ref="11323344130"/>
  <nd ref="11323344129"/>
  <nd ref="11323344128"/>
  <nd ref="11323344127"/>
  <nd ref="11323344126"/>
  <nd ref="11323344125"/>
  <nd ref="11323344124"/>
  <nd ref="11323344123"/>
  <nd ref="11323344122"/>
  <nd ref="11323344121"/>
  <nd ref="11323344120"/>
  <nd ref="11323344119"/>
  <nd ref="11323344118"/>
  <nd ref="11323344117"/>
  <tag k="footway" v="sidewalk"/>
  <tag k="highway" v="footway"/>
 </way>
 <way id="1228220298" visible="true" version="2" changeset="144993967" timestamp="2023-12-11T10:36:26Z" user="kitto33" uid="14976430">
  <nd ref="11409422075"/>
  <nd ref="11409422076"/>
  <nd ref="11409422077"/>
  <nd ref="11409422078"/>
  <nd ref="11409422079"/>
  <nd ref="11409422080"/>
  <nd ref="11409422081"/>
  <nd ref="11409422082"/>
  <nd ref="11389626029"/>
  <nd ref="11389626030"/>
  <nd ref="11389626031"/>
  <nd ref="11389626032"/>
  <nd ref="11389626033"/>
  <nd ref="11389626035"/>
  <tag k="footway" v="sidewalk"/>
  <tag k="highway" v="footway"/>
 </way>
 <way id="1228220299" visible="true" version="2" changeset="148233573" timestamp="2024-03-05T05:20:11Z" user="Leefy" uid="21155685">
  <nd ref="11389626037"/>
  <nd ref="11389626036"/>
  <nd ref="11693047160"/>
  <nd ref="11693047161"/>
  <nd ref="11693047162"/>
  <tag k="footway" v="sidewalk"/>
  <tag k="highway" v="footway"/>
 </way>
 <way id="1228220369" visible="true" version="2" changeset="149377443" timestamp="2024-03-31T06:40:56Z" user="kitto33" uid="14976430">
  <nd ref="11163266150"/>
  <nd ref="3903957182"/>
  <nd ref="11163266151"/>
  <tag k="crossing" v="marked"/>
  <tag k="crossing:markings" v="zebra"/>
  <tag k="footway" v="crossing"/>
  <tag k="highway" v="footway"/>
 </way>
 <way id="1228220370" visible="true" version="1" changeset="144688376" timestamp="2023-12-02T11:25:48Z" user="kitto33" uid="14976430">
  <nd ref="11163266149"/>
  <nd ref="11163266150"/>
  <tag k="footway" v="traffic_island"/>
  <tag k="highway" v="footway"/>
 </way>
 <way id="1230290624" visible="true" version="1" changeset="144993967" timestamp="2023-12-11T10:36:26Z" user="kitto33" uid="14976430">
  <nd ref="11409422023"/>
  <nd ref="11409422022"/>
  <nd ref="11409422021"/>
  <nd ref="11323031954"/>
  <tag k="highway" v="footway"/>
 </way>
 <way id="1230290627" visible="true" version="1" changeset="144993967" timestamp="2023-12-11T10:36:26Z" user="kitto33" uid="14976430">
  <nd ref="11163266243"/>
  <nd ref="11163266244"/>
  <tag k="highway" v="footway"/>
 </way>
 <way id="1230290628" visible="true" version="1" changeset="144993967" timestamp="2023-12-11T10:36:26Z" user="kitto33" uid="14976430">
  <nd ref="11409422058"/>
  <nd ref="11409422027"/>
  <tag k="highway" v="footway"/>
 </way>
 <way id="1230290629" visible="true" version="1" changeset="144993967" timestamp="2023-12-11T10:36:26Z" user="kitto33" uid="14976430">
  <nd ref="11409422036"/>
  <nd ref="11409422033"/>
  <nd ref="11409422034"/>
  <nd ref="11409422035"/>
  <nd ref="11409422032"/>
  <nd ref="11409422031"/>
  <nd ref="11409422027"/>
  <nd ref="11409422030"/>
  <nd ref="11409422029"/>
  <nd ref="11409422028"/>
  <nd ref="11409422038"/>
  <tag k="footway" v="sidewalk"/>
  <tag k="highway" v="footway"/>
 </way>
 <way id="1230290630" visible="true" version="1" changeset="144993967" timestamp="2023-12-11T10:36:26Z" user="kitto33" uid="14976430">
  <nd ref="11409422038"/>
  <nd ref="11409422037"/>
  <nd ref="11409422044"/>
  <tag k="crossing" v="traffic_signals"/>
  <tag k="crossing:markings" v="surface"/>
  <tag k="footway" v="crossing"/>
  <tag k="highway" v="footway"/>
  <tag k="surface" v="paving_stones"/>
 </way>
 <way id="1230290631" visible="true" version="1" changeset="144993967" timestamp="2023-12-11T10:36:26Z" user="kitto33" uid="14976430">
  <nd ref="11409422039"/>
  <nd ref="11409422064"/>
  <tag k="highway" v="footway"/>
 </way>
 <way id="1230290632" visible="true" version="1" changeset="144993967" timestamp="2023-12-11T10:36:26Z" user="kitto33" uid="14976430">
  <nd ref="11409422041"/>
  <nd ref="11409422042"/>
  <nd ref="11409422043"/>
  <nd ref="11409422039"/>
  <nd ref="11409422040"/>
  <nd ref="11163266249"/>
  <tag k="footway" v="sidewalk"/>
  <tag k="highway" v="footway"/>
 </way>
 <way id="1230290633" visible="true" version="1" changeset="144993967" timestamp="2023-12-11T10:36:26Z" user="kitto33" uid="14976430">
  <nd ref="11409422060"/>
  <nd ref="11409422057"/>
  <nd ref="11409422059"/>
  <nd ref="11409422056"/>
  <nd ref="11409422058"/>
  <tag k="crossing" v="traffic_signals"/>
  <tag k="crossing:island" v="yes"/>
  <tag k="crossing:markings" v="zebra"/>
  <tag k="footway" v="crossing"/>
  <tag k="highway" v="footway"/>
 </way>
 <way id="1230290634" visible="true" version="1" changeset="144993967" timestamp="2023-12-11T10:36:26Z" user="kitto33" uid="14976430">
  <nd ref="11409422062"/>
  <nd ref="11409422061"/>
  <tag k="highway" v="footway"/>
 </way>
 <way id="1230290635" visible="true" version="1" changeset="144993967" timestamp="2023-12-11T10:36:26Z" user="kitto33" uid="14976430">
  <nd ref="11409422064"/>
  <nd ref="11409422055"/>
  <nd ref="11409422063"/>
  <nd ref="11409422054"/>
  <nd ref="11409422062"/>
  <tag k="crossing" v="traffic_signals"/>
  <tag k="crossing:island" v="yes"/>
  <tag k="crossing:markings" v="zebra"/>
  <tag k="footway" v="crossing"/>
  <tag k="highway" v="footway"/>
 </way>
 <way id="1230290636" visible="true" version="1" changeset="144993967" timestamp="2023-12-11T10:36:26Z" user="kitto33" uid="14976430">
  <nd ref="11409422066"/>
  <nd ref="11409422077"/>
  <tag k="highway" v="footway"/>
 </way>
 <way id="1230290637" visible="true" version="1" changeset="144993967" timestamp="2023-12-11T10:36:26Z" user="kitto33" uid="14976430">
  <nd ref="11409422067"/>
  <nd ref="11409422065"/>
  <nd ref="11409422066"/>
  <tag k="crossing" v="traffic_signals"/>
  <tag k="crossing:markings" v="surface"/>
  <tag k="footway" v="crossing"/>
  <tag k="highway" v="footway"/>
  <tag k="surface" v="paving_stones"/>
 </way>
 <way id="1230290638" visible="true" version="1" changeset="144993967" timestamp="2023-12-11T10:36:26Z" user="kitto33" uid="14976430">
  <nd ref="11409422074"/>
  <nd ref="11409422067"/>
  <tag k="highway" v="footway"/>
 </way>
 <way id="1230290639" visible="true" version="1" changeset="144993967" timestamp="2023-12-11T10:36:26Z" user="kitto33" uid="14976430">
  <nd ref="11163266137"/>
  <nd ref="11409422085"/>
  <nd ref="11163266139"/>
  <nd ref="11409422083"/>
  <nd ref="11163266124"/>
  <tag k="footway" v="sidewalk"/>
  <tag k="highway" v="footway"/>
 </way>
 <way id="1230290640" visible="true" version="1" changeset="144993967" timestamp="2023-12-11T10:36:26Z" user="kitto33" uid="14976430">
  <nd ref="11163266137"/>
  <nd ref="11163266138"/>
  <tag k="footway" v="sidewalk"/>
  <tag k="highway" v="footway"/>
 </way>
 <way id="1257690124" visible="true" version="1" changeset="148233573" timestamp="2024-03-05T05:20:11Z" user="Leefy" uid="21155685">
  <nd ref="11693047163"/>
  <nd ref="11693047164"/>
  <nd ref="11693047165"/>
  <nd ref="11693047166"/>
  <nd ref="11693047167"/>
  <nd ref="11693047168"/>
  <nd ref="11693047169"/>
  <nd ref="11693047170"/>
  <nd ref="11693047171"/>
  <nd ref="9338734134"/>
  <tag k="footway" v="sidewalk"/>
  <tag k="highway" v="footway"/>
 </way>
 <way id="1265425848" visible="true" version="1" changeset="149039503" timestamp="2024-03-23T06:59:27Z" user="kitto33" uid="14976430">
  <nd ref="11323031928"/>
  <nd ref="11754851393"/>
  <tag k="cycleway" v="shared_lane"/>
  <tag k="highway" v="tertiary"/>
  <tag k="lanes:backward" v="3"/>
  <tag k="lanes:forward" v="1"/>
  <tag k="name" v="Agronomy Road"/>
  <tag k="old_ref" v="FM 3518"/>
  <tag k="tiger:county" v="Brazos, TX"/>
 </way>
 <way id="1361421410" visible="true" version="1" changeset="162737216" timestamp="2025-02-20T11:46:32Z" user="ihorkovtun_lyft" uid="22052511">
  <nd ref="222561629"/>
  <nd ref="222466244"/>
  <tag k="highway" v="secondary"/>
  <tag k="lanes:backward" v="2"/>
  <tag k="lanes:forward" v="3"/>
  <tag k="name" v="Wellborn Road"/>
  <tag k="oneway" v="no"/>
  <tag k="postal_code" v="77840"/>
  <tag k="surface" v="asphalt"/>
  <tag k="tiger:county" v="Brazos, TX"/>
 </way>
 <relation id="1963526" visible="true" version="26" changeset="163726342" timestamp="2025-03-17T10:57:10Z" user="melaniya_lyft" uid="21998591">
  <member type="way" ref="20730556" role=""/>
  <member type="way" ref="847267139" role=""/>
  <member type="way" ref="847267141" role=""/>
  <member type="way" ref="20729269" role=""/>
  <member type="way" ref="143906214" role=""/>
  <member type="way" ref="125949562" role="forward"/>
  <member type="way" ref="1061934185" role="forward"/>
  <member type="way" ref="1061934184" role="forward"/>
  <member type="way" ref="165499780" role="forward"/>
  <member type="way" ref="771230343" role=""/>
  <member type="way" ref="642982672" role=""/>
  <member type="way" ref="1265457422" role=""/>
  <member type="way" ref="1368366646" role=""/>
  <member type="way" ref="186577907" role=""/>
  <member type="way" ref="1265457407" role=""/>
  <member type="way" ref="1368366644" role=""/>
  <member type="way" ref="1368366647" role=""/>
  <member type="way" ref="827133045" role=""/>
  <member type="way" ref="642982673" role=""/>
  <member type="way" ref="1265457415" role=""/>
  <member type="way" ref="771230341" role=""/>
  <member type="way" ref="1265457416" role=""/>
  <member type="way" ref="1263151162" role=""/>
  <member type="way" ref="165499781" role=""/>
  <member type="way" ref="1263151163" role=""/>
  <member type="way" ref="429798638" role=""/>
  <member type="way" ref="582400523" role=""/>
  <member type="way" ref="582400536" role=""/>
  <member type="way" ref="582400518" role=""/>
  <member type="way" ref="582400540" role=""/>
  <member type="way" ref="734944819" role=""/>
  <member type="way" ref="143906208" role=""/>
  <member type="way" ref="20732280" role=""/>
  <tag k="description" v="Farm to Market Road 2154"/>
  <tag k="network" v="US:TX:FM"/>
  <tag k="ref" v="2154"/>
  <tag k="route" v="road"/>
  <tag k="symbol" v="https://upload.wikimedia.org/wikipedia/commons/7/7c/Texas_FM_2154.svg"/>
  <tag k="type" v="route"/>
  <tag k="wikidata" v="Q2505223"/>
  <tag k="wikipedia" v="en:Farm to Market Road 2154"/>
 </relation>
 <relation id="1965295" visible="true" version="64" changeset="167433289" timestamp="2025-06-10T08:51:50Z" user="sbedwal_Lyft" uid="18783691">
  <member type="way" ref="228621537" role=""/>
  <member type="way" ref="228621541" role=""/>
  <member type="way" ref="228621536" role=""/>
  <member type="way" ref="228621538" role=""/>
  <member type="way" ref="410089011" role=""/>
  <member type="way" ref="228621539" role=""/>
  <member type="way" ref="228621540" role=""/>
  <member type="way" ref="520559398" role=""/>
  <member type="way" ref="1088825203" role=""/>
  <member type="way" ref="1088825202" role=""/>
  <member type="way" ref="1088825201" role=""/>
  <member type="way" ref="1088825200" role=""/>
  <member type="way" ref="228621542" role=""/>
  <member type="way" ref="145186710" role=""/>
  <member type="way" ref="1217220386" role=""/>
  <member type="way" ref="1217220389" role=""/>
  <member type="way" ref="1217220390" role=""/>
  <member type="way" ref="1217220399" role=""/>
  <member type="way" ref="1217220398" role=""/>
  <member type="way" ref="1250900284" role=""/>
  <member type="way" ref="1250900285" role=""/>
  <member type="way" ref="228620743" role=""/>
  <member type="way" ref="847358758" role=""/>
  <member type="way" ref="895523424" role=""/>
  <member type="way" ref="871562617" role=""/>
  <member type="way" ref="125949589" role=""/>
  <member type="way" ref="125949591" role=""/>
  <member type="way" ref="398989145" role=""/>
  <member type="way" ref="431492344" role=""/>
  <member type="way" ref="398989147" role=""/>
  <member type="way" ref="125949590" role=""/>
  <member type="way" ref="1253435020" role=""/>
  <member type="way" ref="228621548" role=""/>
  <member type="way" ref="1253435015" role=""/>
  <member type="way" ref="1253435014" role=""/>
  <member type="way" ref="228621549" role=""/>
  <member type="way" ref="895512180" role=""/>
  <member type="way" ref="895523428" role=""/>
  <member type="way" ref="871562616" role=""/>
  <member type="way" ref="398989146" role=""/>
  <member type="way" ref="398989141" role=""/>
  <member type="way" ref="398989144" role=""/>
  <member type="way" ref="398989142" role=""/>
  <member type="way" ref="1253435019" role=""/>
  <member type="way" ref="1253435018" role=""/>
  <member type="way" ref="1253435017" role=""/>
  <member type="way" ref="398989140" role=""/>
  <member type="way" ref="307527116" role=""/>
  <member type="way" ref="398989149" role=""/>
  <member type="way" ref="431492345" role=""/>
  <member type="way" ref="398989148" role=""/>
  <member type="way" ref="1253435021" role=""/>
  <member type="way" ref="398989143" role=""/>
  <member type="way" ref="408302579" role=""/>
  <member type="way" ref="1212185902" role=""/>
  <member type="way" ref="228621547" role=""/>
  <member type="way" ref="1150576508" role=""/>
  <member type="way" ref="1209238773" role=""/>
  <member type="way" ref="1027502855" role=""/>
  <member type="way" ref="1027502854" role=""/>
  <member type="way" ref="1361173672" role=""/>
  <member type="way" ref="1209238775" role=""/>
  <member type="way" ref="1077200899" role=""/>
  <member type="way" ref="1363524827" role=""/>
  <member type="way" ref="988506882" role=""/>
  <member type="way" ref="895523422" role=""/>
  <member type="way" ref="1209238762" role=""/>
  <member type="way" ref="1209238763" role=""/>
  <member type="way" ref="1209238768" role=""/>
  <member type="way" ref="1209238767" role=""/>
  <member type="way" ref="1204468936" role=""/>
  <member type="way" ref="1204468937" role=""/>
  <member type="way" ref="228621545" role=""/>
  <member type="way" ref="1221220839" role=""/>
  <member type="way" ref="1027502856" role=""/>
  <member type="way" ref="228621544" role=""/>
  <member type="way" ref="1191558401" role=""/>
  <member type="way" ref="626727176" role=""/>
  <member type="way" ref="1204468935" role=""/>
  <member type="way" ref="1204468934" role=""/>
  <member type="way" ref="1221220838" role=""/>
  <member type="way" ref="1151938898" role=""/>
  <member type="way" ref="143906219" role=""/>
  <member type="way" ref="1151938899" role=""/>
  <member type="way" ref="895512177" role=""/>
  <member type="way" ref="1209238769" role=""/>
  <member type="way" ref="1209238771" role=""/>
  <member type="way" ref="228621546" role=""/>
  <member type="way" ref="1209238770" role=""/>
  <member type="way" ref="1209238776" role=""/>
  <member type="way" ref="1361173674" role=""/>
  <member type="way" ref="895523423" role=""/>
  <member type="way" ref="1054225658" role=""/>
  <member type="way" ref="620640669" role=""/>
  <member type="way" ref="1209238772" role=""/>
  <member type="way" ref="747369480" role=""/>
  <member type="way" ref="747369481" role=""/>
  <member type="way" ref="1150576510" role=""/>
  <member type="way" ref="1027502849" role=""/>
  <member type="way" ref="431484452" role=""/>
  <member type="way" ref="20719681" role=""/>
  <member type="way" ref="747369482" role=""/>
  <member type="way" ref="408302583" role=""/>
  <member type="way" ref="408302604" role=""/>
  <member type="way" ref="1393772252" role=""/>
  <member type="way" ref="408302592" role=""/>
  <member type="way" ref="1393772253" role=""/>
  <member type="way" ref="621261088" role=""/>
  <member type="way" ref="1255408168" role=""/>
  <member type="way" ref="768389473" role=""/>
  <member type="way" ref="128013257" role=""/>
  <member type="way" ref="128013256" role=""/>
  <member type="way" ref="734945658" role=""/>
  <member type="way" ref="39899486" role=""/>
  <member type="way" ref="1255408169" role="forward"/>
  <member type="way" ref="39899531" role="forward"/>
  <member type="way" ref="1191945922" role="forward"/>
  <member type="way" ref="1000076074" role=""/>
  <member type="way" ref="797698124" role="forward"/>
  <member type="way" ref="768389472" role=""/>
  <member type="way" ref="1255408167" role=""/>
  <member type="way" ref="837079802" role=""/>
  <member type="way" ref="837079801" role=""/>
  <member type="way" ref="768389471" role=""/>
  <member type="way" ref="1255408170" role="forward"/>
  <member type="way" ref="797698125" role="forward"/>
  <member type="way" ref="1191945916" role="forward"/>
  <member type="way" ref="157595889" role="forward"/>
  <member type="way" ref="157595892" role="forward"/>
  <member type="way" ref="145165998" role="forward"/>
  <member type="way" ref="145165992" role="forward"/>
  <member type="way" ref="145166030" role="forward"/>
  <member type="way" ref="145166046" role="forward"/>
  <member type="way" ref="39899464" role="forward"/>
  <member type="way" ref="145166010" role="forward"/>
  <member type="way" ref="145166039" role="forward"/>
  <member type="way" ref="157595891" role="forward"/>
  <member type="way" ref="157595893" role="forward"/>
  <member type="way" ref="1191945917" role="forward"/>
  <member type="way" ref="20720501" role=""/>
  <tag k="description" v="Farm to Market Road 60"/>
  <tag k="network" v="US:TX:FM"/>
  <tag k="ref" v="60"/>
  <tag k="route" v="road"/>
  <tag k="symbol" v="https://upload.wikimedia.org/wikipedia/commons/0/05/Texas_FM_60.svg"/>
  <tag k="type" v="route"/>
  <tag k="wikidata" v="Q2504570"/>
  <tag k="wikipedia" v="en:Farm to Market Road 60"/>
 </relation>
 <relation id="8556620" visible="true" version="11" changeset="162465667" timestamp="2025-02-13T12:51:55Z" user="LakatosVL" uid="8775772">
  <member type="way" ref="619300809" role="outer"/>
  <member type="way" ref="620632546" role="outer"/>
  <member type="way" ref="407979801" role="outer"/>
  <member type="way" ref="408442933" role="outer"/>
  <member type="way" ref="408442932" role="outer"/>
  <member type="way" ref="485133573" role="outer"/>
  <tag k="addr:city" v="College Station"/>
  <tag k="addr:housenumber" v="400"/>
  <tag k="addr:postcode" v="77843"/>
  <tag k="addr:state" v="TX"/>
  <tag k="addr:street" v="Bizzell Street"/>
  <tag k="amenity" v="university"/>
  <tag k="name" v="Texas A&amp;M University"/>
  <tag k="operator" v="Texas A&amp;M University"/>
  <tag k="operator:type" v="public"/>
  <tag k="phone" v="+1 (979) 845-3211"/>
  <tag k="short_name" v="Texas A&amp;M"/>
  <tag k="type" v="multipolygon"/>
  <tag k="website" v="https://www.tamu.edu/"/>
  <tag k="wikidata" v="Q49212"/>
  <tag k="wikipedia" v="en:Texas A&amp;M University"/>
 </relation>
 <relation id="9174383" visible="true" version="26" changeset="164696405" timestamp="2025-04-08T20:11:25Z" user="kaleidoscopica" uid="8704810">
  <member type="way" ref="659787941" role=""/>
  <member type="way" ref="103248680" role=""/>
  <member type="way" ref="399004891" role=""/>
  <member type="way" ref="399004894" role=""/>
  <member type="way" ref="1352964705" role=""/>
  <member type="way" ref="103248668" role=""/>
  <member type="way" ref="103248605" role=""/>
  <member type="way" ref="659787942" role=""/>
  <member type="way" ref="143906213" role=""/>
  <member type="way" ref="582400545" role=""/>
  <member type="way" ref="582400514" role=""/>
  <member type="way" ref="582400532" role=""/>
  <member type="way" ref="582400529" role=""/>
  <member type="way" ref="1175215441" role=""/>
  <member type="way" ref="1352963341" role=""/>
  <member type="way" ref="1352963340" role=""/>
  <member type="way" ref="1175215442" role=""/>
  <member type="way" ref="1352966286" role=""/>
  <member type="way" ref="1352966285" role=""/>
  <member type="way" ref="1352966283" role=""/>
  <member type="way" ref="1352967297" role=""/>
  <member type="way" ref="1352966282" role=""/>
  <member type="way" ref="1352966558" role=""/>
  <member type="way" ref="1352967298" role=""/>
  <member type="way" ref="143906202" role=""/>
  <member type="way" ref="95014106" role=""/>
  <member type="way" ref="20916315" role=""/>
  <member type="way" ref="872005625" role=""/>
  <member type="way" ref="872005635" role=""/>
  <member type="way" ref="103248610" role=""/>
  <member type="way" ref="1352953037" role=""/>
  <member type="way" ref="1352953036" role=""/>
  <member type="way" ref="103248664" role=""/>
  <member type="way" ref="95002921" role=""/>
  <member type="way" ref="21297934" role=""/>
  <member type="way" ref="1352955695" role=""/>
  <member type="way" ref="1352955689" role=""/>
  <member type="way" ref="1352955688" role=""/>
  <member type="way" ref="1352955694" role=""/>
  <member type="way" ref="342262421" role=""/>
  <member type="way" ref="1375951963" role=""/>
  <member type="way" ref="1375951962" role=""/>
  <member type="way" ref="129177387" role=""/>
  <member type="way" ref="129177384" role=""/>
  <member type="way" ref="129239419" role=""/>
  <member type="way" ref="129239418" role=""/>
  <member type="way" ref="195822199" role=""/>
  <member type="way" ref="195822180" role=""/>
  <member type="way" ref="195822193" role=""/>
  <member type="way" ref="195822182" role=""/>
  <member type="way" ref="611223768" role=""/>
  <member type="way" ref="1261371103" role=""/>
  <member type="way" ref="1261371104" role=""/>
  <member type="way" ref="611223761" role=""/>
  <member type="way" ref="129242046" role=""/>
  <member type="way" ref="399004893" role=""/>
  <member type="way" ref="399004892" role=""/>
  <member type="way" ref="20725863" role=""/>
  <member type="way" ref="103248600" role=""/>
  <member type="way" ref="103248595" role=""/>
  <member type="way" ref="361826099" role=""/>
  <member type="way" ref="21201421" role=""/>
  <member type="way" ref="342237032" role=""/>
  <member type="way" ref="1082516882" role=""/>
  <member type="way" ref="1082516881" role=""/>
  <member type="way" ref="1082519593" role=""/>
  <member type="way" ref="1082519592" role=""/>
  <member type="way" ref="1082519597" role=""/>
  <member type="way" ref="1082519596" role=""/>
  <member type="way" ref="1082519595" role=""/>
  <member type="way" ref="1082519594" role=""/>
  <member type="way" ref="103248642" role=""/>
  <member type="way" ref="1188509693" role=""/>
  <member type="way" ref="1188509691" role=""/>
  <member type="way" ref="1188509690" role=""/>
  <member type="way" ref="1188509692" role=""/>
  <member type="way" ref="776908720" role=""/>
  <member type="way" ref="776908721" role=""/>
  <member type="way" ref="1188509847" role=""/>
  <member type="way" ref="1188509848" role=""/>
  <member type="way" ref="979583738" role=""/>
  <member type="way" ref="979583737" role=""/>
  <member type="way" ref="1188509688" role=""/>
  <member type="way" ref="1188509689" role=""/>
  <tag k="name" v="Navasota Subdivision"/>
  <tag k="operator" v="Union Pacific Railroad"/>
  <tag k="operator:wikidata" v="Q725793"/>
  <tag k="route" v="railway"/>
  <tag k="type" v="route"/>
  <tag k="wikidata" v="Q117733898"/>
 </relation>
 <relation id="10161764" visible="true" version="3" changeset="119329896" timestamp="2022-04-05T07:39:28Z" user="Ryantm" uid="15265261">
  <member type="way" ref="734944819" role="from"/>
  <member type="node" ref="222466177" role="via"/>
  <member type="way" ref="20715334" role="to"/>
  <tag k="restriction" v="no_left_turn"/>
  <tag k="type" v="restriction"/>
 </relation>
 <relation id="12191135" visible="true" version="38" changeset="167433289" timestamp="2025-06-10T08:51:50Z" user="sbedwal_Lyft" uid="18783691">
  <member type="node" ref="11065848216" role="platform"/>
  <member type="way" ref="398989142" role="hail_and_ride"/>
  <member type="way" ref="398989143" role="hail_and_ride"/>
  <member type="way" ref="1253435021" role="hail_and_ride"/>
  <member type="way" ref="398989148" role="hail_and_ride"/>
  <member type="way" ref="431492345" role="hail_and_ride"/>
  <member type="way" ref="398989144" role="hail_and_ride"/>
  <member type="way" ref="398989149" role="hail_and_ride"/>
  <member type="way" ref="398989141" role="hail_and_ride"/>
  <member type="way" ref="398989146" role="hail_and_ride"/>
  <member type="way" ref="895523428" role="hail_and_ride"/>
  <member type="way" ref="20718702" role="hail_and_ride"/>
  <member type="way" ref="408449118" role="hail_and_ride"/>
  <member type="way" ref="895523427" role="hail_and_ride"/>
  <member type="way" ref="895523424" role="hail_and_ride"/>
  <member type="way" ref="871562617" role="hail_and_ride"/>
  <member type="way" ref="125949589" role="hail_and_ride"/>
  <member type="way" ref="125949591" role="hail_and_ride"/>
  <member type="way" ref="398989145" role="hail_and_ride"/>
  <member type="way" ref="431492344" role="hail_and_ride"/>
  <member type="way" ref="398989147" role="hail_and_ride"/>
  <member type="way" ref="125949590" role="hail_and_ride"/>
  <member type="way" ref="1253435020" role="hail_and_ride"/>
  <member type="way" ref="228621548" role="hail_and_ride"/>
  <member type="way" ref="1253435019" role="hail_and_ride"/>
  <member type="way" ref="1253435018" role="hail_and_ride"/>
  <member type="way" ref="1253435017" role="hail_and_ride"/>
  <member type="way" ref="398989140" role="hail_and_ride"/>
  <member type="way" ref="307527116" role="hail_and_ride"/>
  <member type="way" ref="408302604" role="hail_and_ride"/>
  <member type="way" ref="1393772252" role="hail_and_ride"/>
  <member type="way" ref="408302579" role="hail_and_ride"/>
  <member type="way" ref="1212185902" role="hail_and_ride"/>
  <member type="way" ref="228621547" role="hail_and_ride"/>
  <member type="way" ref="1150576508" role="hail_and_ride"/>
  <member type="way" ref="1209238773" role="hail_and_ride"/>
  <member type="way" ref="1027502855" role="hail_and_ride"/>
  <member type="way" ref="1027502854" role="hail_and_ride"/>
  <member type="way" ref="1361173672" role="hail_and_ride"/>
  <member type="way" ref="1209238775" role="hail_and_ride"/>
  <member type="way" ref="1077200899" role="hail_and_ride"/>
  <member type="way" ref="1363524827" role="hail_and_ride"/>
  <member type="way" ref="988506882" role="hail_and_ride"/>
  <member type="way" ref="895523422" role="hail_and_ride"/>
  <member type="way" ref="1209238762" role="hail_and_ride"/>
  <member type="way" ref="1209238763" role="hail_and_ride"/>
  <member type="way" ref="1209238768" role="hail_and_ride"/>
  <member type="way" ref="1209238767" role="hail_and_ride"/>
  <member type="way" ref="1221220849" role="hail_and_ride"/>
  <member type="way" ref="464806951" role="hail_and_ride"/>
  <member type="way" ref="1361421410" role="hail_and_ride"/>
  <member type="way" ref="1077547963" role="hail_and_ride"/>
  <member type="way" ref="20732279" role="hail_and_ride"/>
  <member type="way" ref="1136289376" role="hail_and_ride"/>
  <member type="way" ref="1077547964" role="hail_and_ride"/>
  <member type="way" ref="1151938897" role="hail_and_ride"/>
  <member type="way" ref="1077547965" role="hail_and_ride"/>
  <member type="way" ref="1077547962" role="hail_and_ride"/>
  <member type="way" ref="618998416" role="hail_and_ride"/>
  <member type="way" ref="1265457396" role="hail_and_ride"/>
  <member type="way" ref="144498432" role="hail_and_ride"/>
  <member type="way" ref="895512171" role="hail_and_ride"/>
  <member type="way" ref="45883891" role="hail_and_ride"/>
  <member type="way" ref="45837836" role="hail_and_ride"/>
  <member type="way" ref="1209238777" role="hail_and_ride"/>
  <member type="way" ref="1027502848" role="hail_and_ride"/>
  <member type="way" ref="1027502849" role="hail_and_ride"/>
  <member type="way" ref="620640669" role="hail_and_ride"/>
  <member type="way" ref="1209238772" role="hail_and_ride"/>
  <member type="way" ref="1150576510" role="hail_and_ride"/>
  <member type="way" ref="747369481" role="hail_and_ride"/>
  <member type="way" ref="747369480" role="hail_and_ride"/>
  <member type="way" ref="747369482" role="hail_and_ride"/>
  <member type="way" ref="20719681" role="hail_and_ride"/>
  <member type="way" ref="431484452" role="hail_and_ride"/>
  <member type="way" ref="408302583" role="hail_and_ride"/>
  <member type="way" ref="408302592" role="hail_and_ride"/>
  <member type="way" ref="1393772253" role="hail_and_ride"/>
  <member type="way" ref="895512180" role="hail_and_ride"/>
  <member type="way" ref="228621549" role="hail_and_ride"/>
  <member type="way" ref="1253435014" role="hail_and_ride"/>
  <member type="way" ref="1253435015" role="hail_and_ride"/>
  <member type="way" ref="1204468947" role="hail_and_ride"/>
  <member type="way" ref="1204468948" role="hail_and_ride"/>
  <member type="way" ref="1151927668" role="hail_and_ride"/>
  <member type="way" ref="1188663038" role="hail_and_ride"/>
  <member type="way" ref="20721808" role="hail_and_ride"/>
  <member type="way" ref="20727712" role="hail_and_ride"/>
  <member type="way" ref="895523421" role="hail_and_ride"/>
  <member type="way" ref="144999299" role="hail_and_ride"/>
  <member type="way" ref="144999294" role="hail_and_ride"/>
  <member type="way" ref="895523419" role="hail_and_ride"/>
  <member type="way" ref="20729061" role="hail_and_ride"/>
  <member type="way" ref="895523418" role="hail_and_ride"/>
  <member type="way" ref="1188663038" role="hail_and_ride"/>
  <member type="way" ref="1151927668" role="hail_and_ride"/>
  <member type="way" ref="1204468948" role="hail_and_ride"/>
  <member type="way" ref="1204468947" role="hail_and_ride"/>
  <member type="way" ref="627803757" role=""/>
  <member type="way" ref="20729586" role="hail_and_ride"/>
  <tag k="colour" v="maroon"/>
  <tag k="from" v="Midtown Terminal"/>
  <tag k="interval" v="01:00:00"/>
  <tag k="name" v="Maroon / Marrón"/>
  <tag k="name:en" v="Maroon"/>
  <tag k="name:es" v="Marrón"/>
  <tag k="operator" v="Brazos Transit District"/>
  <tag k="public_transport:version" v="2"/>
  <tag k="ref" v="05"/>
  <tag k="roundtrip" v="yes"/>
  <tag k="route" v="bus"/>
  <tag k="to" v="Midtown Terminal"/>
  <tag k="type" v="route"/>
 </relation>
 <relation id="13741740" visible="true" version="38" changeset="163041641" timestamp="2025-02-28T08:32:27Z" user="melaniya_lyft" uid="21998591">
  <member type="node" ref="9461821103" role="platform"/>
  <member type="node" ref="9460150719" role="platform"/>
  <member type="node" ref="8502689138" role="platform"/>
  <member type="node" ref="10553778081" role="platform"/>
  <member type="node" ref="9461821084" role="platform"/>
  <member type="node" ref="9461821086" role="platform"/>
  <member type="node" ref="9461821088" role="platform"/>
  <member type="node" ref="9461821091" role="platform"/>
  <member type="node" ref="9461821092" role="platform"/>
  <member type="node" ref="9461821094" role="platform"/>
  <member type="node" ref="10553778087" role="platform"/>
  <member type="node" ref="9461821097" role="platform"/>
  <member type="node" ref="9461821098" role="platform"/>
  <member type="way" ref="1265457405" role=""/>
  <member type="way" ref="1265457404" role=""/>
  <member type="way" ref="1265457403" role=""/>
  <member type="way" ref="1265457402" role=""/>
  <member type="way" ref="1151938892" role=""/>
  <member type="way" ref="1214284876" role=""/>
  <member type="way" ref="1265457399" role=""/>
  <member type="way" ref="1265457400" role=""/>
  <member type="way" ref="1265457401" role=""/>
  <member type="way" ref="1190524921" role=""/>
  <member type="way" ref="1190524920" role=""/>
  <member type="way" ref="20721206" role=""/>
  <member type="way" ref="136802106" role=""/>
  <member type="way" ref="1188411785" role=""/>
  <member type="way" ref="1190362125" role=""/>
  <member type="way" ref="582400465" role=""/>
  <member type="way" ref="20724315" role=""/>
  <member type="way" ref="1206051960" role=""/>
  <member type="way" ref="1193317880" role=""/>
  <member type="way" ref="1027502838" role=""/>
  <member type="way" ref="1027502840" role=""/>
  <member type="way" ref="1027502842" role=""/>
  <member type="way" ref="1193317893" role=""/>
  <member type="way" ref="1027502843" role=""/>
  <member type="way" ref="20729475" role=""/>
  <member type="way" ref="1054225660" role=""/>
  <member type="way" ref="1054225659" role=""/>
  <member type="way" ref="1027502847" role=""/>
  <member type="way" ref="1027502855" role=""/>
  <member type="way" ref="1027502854" role=""/>
  <member type="way" ref="1361173672" role=""/>
  <member type="way" ref="1209238775" role=""/>
  <member type="way" ref="1077200899" role=""/>
  <member type="way" ref="1363524827" role=""/>
  <member type="way" ref="988506882" role=""/>
  <member type="way" ref="895523422" role=""/>
  <member type="way" ref="1209238762" role=""/>
  <member type="way" ref="1209238763" role=""/>
  <member type="way" ref="1209238768" role=""/>
  <member type="way" ref="1209238767" role=""/>
  <member type="way" ref="1204468936" role=""/>
  <member type="way" ref="1204468937" role=""/>
  <member type="way" ref="228621545" role=""/>
  <member type="way" ref="1221220839" role=""/>
  <member type="way" ref="1221220840" role=""/>
  <member type="way" ref="1265425848" role=""/>
  <member type="way" ref="20721822" role=""/>
  <member type="way" ref="1190376149" role=""/>
  <member type="way" ref="1190376148" role=""/>
  <member type="way" ref="1265425847" role=""/>
  <member type="way" ref="1265425846" role=""/>
  <member type="way" ref="1265425849" role=""/>
  <member type="way" ref="20717794" role=""/>
  <member type="way" ref="1132528734" role=""/>
  <member type="way" ref="228314222" role=""/>
  <member type="way" ref="1027502862" role=""/>
  <member type="way" ref="619103389" role=""/>
  <member type="way" ref="373933421" role=""/>
  <member type="way" ref="1131869021" role=""/>
  <member type="way" ref="373933423" role=""/>
  <member type="way" ref="619103391" role=""/>
  <member type="way" ref="797698130" role=""/>
  <member type="way" ref="157593710" role=""/>
  <member type="way" ref="157593709" role=""/>
  <member type="way" ref="797698131" role=""/>
  <member type="way" ref="157592899" role=""/>
  <member type="way" ref="104204747" role=""/>
  <member type="way" ref="797698127" role=""/>
  <member type="way" ref="157592127" role=""/>
  <member type="way" ref="157592126" role=""/>
  <member type="way" ref="1064977066" role=""/>
  <member type="way" ref="1064977067" role=""/>
  <member type="way" ref="847296696" role=""/>
  <member type="way" ref="847296706" role=""/>
  <member type="way" ref="847296709" role=""/>
  <member type="way" ref="1027502867" role=""/>
  <member type="way" ref="1027502880" role=""/>
  <member type="way" ref="637923400" role=""/>
  <member type="way" ref="865148774" role=""/>
  <member type="way" ref="1027502870" role=""/>
  <member type="way" ref="865148779" role=""/>
  <member type="way" ref="865148775" role=""/>
  <tag k="colour" v="#1e1e1e"/>
  <tag k="from" v="MSC"/>
  <tag k="name" v="RELLIS"/>
  <tag k="public_transport:version" v="2"/>
  <tag k="route" v="bus"/>
  <tag k="to" v="RELLIS"/>
  <tag k="type" v="route"/>
 </relation>
 <relation id="15571494" visible="true" version="19" changeset="149042841" timestamp="2024-03-23T09:32:56Z" user="kitto33" uid="14976430">
  <member type="node" ref="10716013943" role="platform"/>
  <member type="node" ref="10716013948" role="platform"/>
  <member type="node" ref="10716075596" role="platform"/>
  <member type="node" ref="10716075597" role="platform"/>
  <member type="node" ref="10716075598" role="platform"/>
  <member type="node" ref="10716075600" role="platform"/>
  <member type="node" ref="10716075602" role="platform"/>
  <member type="node" ref="10716075604" role="platform"/>
  <member type="node" ref="10716077105" role="platform"/>
  <member type="way" ref="1265457396" role=""/>
  <member type="way" ref="144498432" role=""/>
  <member type="way" ref="895512171" role=""/>
  <member type="way" ref="20731815" role=""/>
  <member type="way" ref="387058781" role=""/>
  <member type="way" ref="895512173" role=""/>
  <member type="way" ref="387058776" role=""/>
  <member type="way" ref="20728903" role=""/>
  <member type="way" ref="1074968386" role=""/>
  <member type="way" ref="895512175" role=""/>
  <member type="way" ref="620674933" role=""/>
  <member type="way" ref="1190362127" role=""/>
  <member type="way" ref="143906219" role=""/>
  <member type="way" ref="20721214" role=""/>
  <member type="way" ref="199695497" role=""/>
  <member type="way" ref="136802106" role=""/>
  <member type="way" ref="20729860" role=""/>
  <member type="way" ref="1190376156" role=""/>
  <member type="way" ref="1151938901" role=""/>
  <member type="way" ref="1027502889" role=""/>
  <member type="way" ref="1214284878" role=""/>
  <member type="way" ref="1214284877" role=""/>
  <member type="way" ref="1265457406" role=""/>
  <member type="way" ref="1265457405" role=""/>
  <member type="way" ref="1265457404" role=""/>
  <member type="way" ref="1265457403" role=""/>
  <member type="way" ref="1265457402" role=""/>
  <tag k="colour" v="#7a7b31"/>
  <tag k="from" v="Midtown Park"/>
  <tag k="name" v="Old Army"/>
  <tag k="public_transport:version" v="2"/>
  <tag k="route" v="bus"/>
  <tag k="to" v="MSC"/>
  <tag k="type" v="route"/>
 </relation>
 <relation id="16104431" visible="true" version="13" changeset="149042841" timestamp="2024-03-23T09:32:56Z" user="kitto33" uid="14976430">
  <member type="node" ref="11052706192" role="platform"/>
  <member type="node" ref="10972116191" role="platform"/>
  <member type="node" ref="11052706193" role="platform"/>
  <member type="node" ref="10553778081" role="platform"/>
  <member type="node" ref="9461821084" role="platform"/>
  <member type="node" ref="9461821086" role="platform"/>
  <member type="node" ref="11052706190" role="platform"/>
  <member type="way" ref="1265457399" role=""/>
  <member type="way" ref="1265457400" role=""/>
  <member type="way" ref="1265457401" role=""/>
  <member type="way" ref="1190524921" role=""/>
  <member type="way" ref="1190524920" role=""/>
  <member type="way" ref="20721206" role=""/>
  <member type="way" ref="20729860" role=""/>
  <member type="way" ref="387056940" role=""/>
  <member type="way" ref="661604782" role=""/>
  <member type="way" ref="661604783" role=""/>
  <member type="way" ref="1190376154" role=""/>
  <member type="way" ref="1190376151" role=""/>
  <member type="way" ref="1027502885" role=""/>
  <member type="way" ref="20726465" role=""/>
  <member type="way" ref="1214285467" role=""/>
  <member type="way" ref="1221220841" role=""/>
  <member type="way" ref="1221220842" role=""/>
  <member type="way" ref="626727177" role=""/>
  <member type="way" ref="1221220840" role=""/>
  <member type="way" ref="1265425848" role=""/>
  <member type="way" ref="20721822" role=""/>
  <member type="way" ref="407982480" role=""/>
  <tag k="colour" v="#a84e9e"/>
  <tag k="from" v="MSC"/>
  <tag k="name" v="12th Man"/>
  <tag k="public_transport:version" v="2"/>
  <tag k="route" v="bus"/>
  <tag k="to" v="GSC"/>
  <tag k="type" v="route"/>
 </relation>
 <relation id="16107503" visible="true" version="11" changeset="149042841" timestamp="2024-03-23T09:32:56Z" user="kitto33" uid="14976430">
  <member type="node" ref="11054228269" role="platform"/>
  <member type="node" ref="11053998554" role="platform"/>
  <member type="node" ref="11054066176" role="platform"/>
  <member type="node" ref="11054028916" role="platform"/>
  <member type="node" ref="11054032207" role="platform"/>
  <member type="node" ref="11054028644" role="platform"/>
  <member type="node" ref="11054066183" role="platform"/>
  <member type="node" ref="11054066182" role="platform"/>
  <member type="way" ref="1190524921" role=""/>
  <member type="way" ref="1190524920" role=""/>
  <member type="way" ref="20728266" role=""/>
  <member type="way" ref="1190376155" role=""/>
  <member type="way" ref="387056940" role=""/>
  <member type="way" ref="661604782" role=""/>
  <member type="way" ref="661604783" role=""/>
  <member type="way" ref="1190376154" role=""/>
  <member type="way" ref="1190376153" role=""/>
  <member type="way" ref="1190376150" role=""/>
  <member type="way" ref="582400500" role=""/>
  <member type="way" ref="582400490" role=""/>
  <member type="way" ref="1190524916" role=""/>
  <member type="way" ref="20720052" role=""/>
  <member type="way" ref="1191558397" role=""/>
  <member type="way" ref="431115602" role=""/>
  <member type="way" ref="1213751687" role=""/>
  <member type="way" ref="20728061" role=""/>
  <tag k="colour" v="#2d2e73"/>
  <tag k="from" v="MSC"/>
  <tag k="name" v="Bush School"/>
  <tag k="public_transport:version" v="2"/>
  <tag k="route" v="bus"/>
  <tag k="to" v="UPD"/>
  <tag k="type" v="route"/>
 </relation>
 <relation id="16120600" visible="true" version="9" changeset="149042841" timestamp="2024-03-23T09:32:56Z" user="kitto33" uid="14976430">
  <member type="node" ref="11052706191" role="platform"/>
  <member type="node" ref="11733868292" role="platform"/>
  <member type="node" ref="11053998554" role="platform"/>
  <member type="node" ref="11054066176" role="platform"/>
  <member type="node" ref="11062930447" role="platform"/>
  <member type="node" ref="11062930448" role="platform"/>
  <member type="way" ref="1265457400" role=""/>
  <member type="way" ref="1265457401" role=""/>
  <member type="way" ref="1190524921" role=""/>
  <member type="way" ref="1190524920" role=""/>
  <member type="way" ref="20721206" role=""/>
  <member type="way" ref="20729860" role=""/>
  <member type="way" ref="387056940" role=""/>
  <member type="way" ref="661604782" role=""/>
  <member type="way" ref="661604783" role=""/>
  <member type="way" ref="1190376154" role=""/>
  <member type="way" ref="1190376153" role=""/>
  <member type="way" ref="1190376150" role=""/>
  <member type="way" ref="582400500" role=""/>
  <member type="way" ref="582400490" role=""/>
  <member type="way" ref="1190524916" role=""/>
  <member type="way" ref="20720052" role=""/>
  <member type="way" ref="1190524904" role=""/>
  <member type="way" ref="1190524903" role=""/>
  <member type="way" ref="269259169" role=""/>
  <member type="way" ref="485137804" role=""/>
  <member type="way" ref="1191558396" role=""/>
  <member type="way" ref="1191558395" role=""/>
  <member type="way" ref="1191558394" role=""/>
  <member type="way" ref="520394141" role=""/>
  <member type="way" ref="845876641" role=""/>
  <member type="way" ref="845876640" role=""/>
  <member type="way" ref="520394144" role=""/>
  <member type="way" ref="520394143" role=""/>
  <tag k="colour" v="#7373a5"/>
  <tag k="from" v="MSC"/>
  <tag k="name" v="Howdy"/>
  <tag k="public_transport:version" v="2"/>
  <tag k="route" v="bus"/>
  <tag k="to" v="Park West"/>
  <tag k="type" v="route"/>
 </relation>
 <relation id="16120601" visible="true" version="13" changeset="149042841" timestamp="2024-03-23T09:32:56Z" user="kitto33" uid="14976430">
  <member type="node" ref="11054228268" role="platform"/>
  <member type="node" ref="11054228269" role="platform"/>
  <member type="node" ref="10972118464" role="platform"/>
  <member type="node" ref="11052706193" role="platform"/>
  <member type="node" ref="11062930458" role="platform"/>
  <member type="node" ref="11062930456" role="platform"/>
  <member type="node" ref="11054066181" role="platform"/>
  <member type="node" ref="11054066180" role="platform"/>
  <member type="node" ref="11054066184" role="platform"/>
  <member type="node" ref="11054066179" role="platform"/>
  <member type="node" ref="11054066178" role="platform"/>
  <member type="node" ref="11054066177" role="platform"/>
  <member type="node" ref="11054021345" role="platform"/>
  <member type="node" ref="11054228268" role="platform"/>
  <member type="way" ref="1214284878" role=""/>
  <member type="way" ref="1214284877" role=""/>
  <member type="way" ref="1265457406" role=""/>
  <member type="way" ref="1265457405" role=""/>
  <member type="way" ref="1265457404" role=""/>
  <member type="way" ref="1265457403" role=""/>
  <member type="way" ref="1265457402" role=""/>
  <member type="way" ref="1151938892" role=""/>
  <member type="way" ref="1214284876" role=""/>
  <member type="way" ref="1265457399" role=""/>
  <member type="way" ref="1265457400" role=""/>
  <member type="way" ref="1265457401" role=""/>
  <member type="way" ref="1190524921" role=""/>
  <member type="way" ref="1190524920" role=""/>
  <member type="way" ref="20721206" role=""/>
  <member type="way" ref="20729860" role=""/>
  <member type="way" ref="387056940" role=""/>
  <member type="way" ref="661604782" role=""/>
  <member type="way" ref="661604783" role=""/>
  <member type="way" ref="1190376154" role=""/>
  <member type="way" ref="1190376151" role=""/>
  <member type="way" ref="1027502885" role=""/>
  <member type="way" ref="20726465" role=""/>
  <member type="way" ref="1214285467" role=""/>
  <member type="way" ref="1221220841" role=""/>
  <member type="way" ref="1221220842" role=""/>
  <member type="way" ref="626727177" role=""/>
  <member type="way" ref="1027502856" role=""/>
  <member type="way" ref="1000076074" role=""/>
  <member type="way" ref="1215197981" role=""/>
  <member type="way" ref="20720551" role=""/>
  <member type="way" ref="405134106" role=""/>
  <member type="way" ref="1215197984" role=""/>
  <member type="way" ref="1191558406" role=""/>
  <member type="way" ref="20725942" role=""/>
  <member type="way" ref="20730265" role=""/>
  <member type="way" ref="20728057" role=""/>
  <member type="way" ref="1213751686" role=""/>
  <member type="way" ref="20731938" role=""/>
  <member type="way" ref="1221252173" role=""/>
  <member type="way" ref="765301068" role=""/>
  <member type="way" ref="1190524903" role=""/>
  <member type="way" ref="405374052" role=""/>
  <member type="way" ref="1190524901" role=""/>
  <member type="way" ref="405374202" role=""/>
  <member type="way" ref="1190524900" role=""/>
  <member type="way" ref="1190524914" role=""/>
  <member type="way" ref="1190524912" role=""/>
  <member type="way" ref="1190524911" role=""/>
  <member type="way" ref="582400495" role=""/>
  <member type="way" ref="1213751685" role=""/>
  <member type="way" ref="582400503" role=""/>
  <member type="way" ref="1190524897" role=""/>
  <member type="way" ref="387056943" role=""/>
  <member type="way" ref="661604785" role=""/>
  <member type="way" ref="661604784" role=""/>
  <tag k="bicycle" v="no"/>
  <tag k="colour" v="#38538e"/>
  <tag k="description" v="Nights &amp; Weekends"/>
  <tag k="from" v="ILCB"/>
  <tag k="network" v="AggieSpirit"/>
  <tag k="noname" v="yes"/>
  <tag k="operator" v="Texas A&amp;M University Transportation Services"/>
  <tag k="public_transport:version" v="2"/>
  <tag k="ref" v="03/05"/>
  <tag k="roundtrip" v="yes"/>
  <tag k="route" v="bus"/>
  <tag k="to" v="ILCB"/>
  <tag k="type" v="route"/>
  <tag k="wheelchair" v="limited"/>
 </relation>
 <relation id="16120602" visible="true" version="11" changeset="149042841" timestamp="2024-03-23T09:32:56Z" user="kitto33" uid="14976430">
  <member type="node" ref="11062930449" role="platform"/>
  <member type="node" ref="10972118464" role="platform"/>
  <member type="node" ref="11052706193" role="platform"/>
  <member type="node" ref="11062930458" role="platform"/>
  <member type="node" ref="11062930456" role="platform"/>
  <member type="node" ref="11062930454" role="platform"/>
  <member type="node" ref="11062930452" role="platform"/>
  <member type="node" ref="11062930451" role="platform"/>
  <member type="node" ref="11062930450" role="platform"/>
  <member type="way" ref="1265457403" role=""/>
  <member type="way" ref="1265457402" role=""/>
  <member type="way" ref="1151938892" role=""/>
  <member type="way" ref="1214284876" role=""/>
  <member type="way" ref="1265457399" role=""/>
  <member type="way" ref="1265457400" role=""/>
  <member type="way" ref="1265457401" role=""/>
  <member type="way" ref="1190524921" role=""/>
  <member type="way" ref="1190524920" role=""/>
  <member type="way" ref="20721206" role=""/>
  <member type="way" ref="20729860" role=""/>
  <member type="way" ref="387056940" role=""/>
  <member type="way" ref="661604782" role=""/>
  <member type="way" ref="661604783" role=""/>
  <member type="way" ref="1190376154" role=""/>
  <member type="way" ref="1190376151" role=""/>
  <member type="way" ref="1027502885" role=""/>
  <member type="way" ref="20726465" role=""/>
  <member type="way" ref="1214285467" role=""/>
  <member type="way" ref="1221220841" role=""/>
  <member type="way" ref="1221220842" role=""/>
  <member type="way" ref="626727177" role=""/>
  <member type="way" ref="1027502856" role=""/>
  <member type="way" ref="1000076074" role=""/>
  <member type="way" ref="1215197981" role=""/>
  <member type="way" ref="20720551" role=""/>
  <member type="way" ref="405134106" role=""/>
  <member type="way" ref="1215197984" role=""/>
  <member type="way" ref="1191558407" role=""/>
  <member type="way" ref="1221252185" role=""/>
  <member type="way" ref="582400510" role=""/>
  <member type="way" ref="1191558404" role=""/>
  <member type="way" ref="521352139" role=""/>
  <member type="way" ref="1191558403" role=""/>
  <member type="way" ref="1191558404" role=""/>
  <member type="way" ref="765296729" role=""/>
  <member type="way" ref="528207373" role=""/>
  <tag k="colour" v="#467ba7"/>
  <tag k="from" v="MSC"/>
  <tag k="name" v="Yell Practice"/>
  <tag k="public_transport:version" v="2"/>
  <tag k="route" v="bus"/>
  <tag k="to" v="White Creek"/>
  <tag k="type" v="route"/>
 </relation>
 <relation id="16120603" visible="true" version="20" changeset="149118756" timestamp="2024-03-25T08:29:33Z" user="kitto33" uid="14976430">
  <member type="node" ref="11062930463" role="platform"/>
  <member type="node" ref="8502689138" role="platform"/>
  <member type="node" ref="11052607139" role="platform"/>
  <member type="node" ref="11052607138" role="platform"/>
  <member type="node" ref="10688627220" role="platform"/>
  <member type="node" ref="10688559663" role="platform"/>
  <member type="node" ref="8502689139" role="platform"/>
  <member type="node" ref="11052607135" role="platform"/>
  <member type="node" ref="11052607137" role="platform"/>
  <member type="node" ref="11054013702" role="platform"/>
  <member type="node" ref="11053998554" role="platform"/>
  <member type="node" ref="11062930460" role="platform"/>
  <member type="node" ref="11062930459" role="platform"/>
  <member type="node" ref="11054066177" role="platform"/>
  <member type="node" ref="11054021345" role="platform"/>
  <member type="node" ref="11054228268" role="platform"/>
  <member type="node" ref="9460150719" role="platform"/>
  <member type="node" ref="11052607136" role="platform"/>
  <member type="node" ref="8502689140" role="platform"/>
  <member type="node" ref="11062930461" role="platform"/>
  <member type="node" ref="11062930462" role="platform"/>
  <member type="node" ref="11062930463" role="platform"/>
  <member type="way" ref="20719391" role=""/>
  <member type="way" ref="1263147574" role=""/>
  <member type="way" ref="144498375" role=""/>
  <member type="way" ref="1209238780" role=""/>
  <member type="way" ref="1263109073" role=""/>
  <member type="way" ref="1193299006" role=""/>
  <member type="way" ref="1193317894" role=""/>
  <member type="way" ref="1027502842" role=""/>
  <member type="way" ref="1193317893" role=""/>
  <member type="way" ref="1027502843" role=""/>
  <member type="way" ref="20729475" role=""/>
  <member type="way" ref="1054225660" role=""/>
  <member type="way" ref="1054225659" role=""/>
  <member type="way" ref="1027502847" role=""/>
  <member type="way" ref="1209238779" role=""/>
  <member type="way" ref="1209238778" role=""/>
  <member type="way" ref="1190362131" role=""/>
  <member type="way" ref="20723754" role=""/>
  <member type="way" ref="1075344794" role=""/>
  <member type="way" ref="1246962973" role=""/>
  <member type="way" ref="386932926" role=""/>
  <member type="way" ref="228621547" role=""/>
  <member type="way" ref="1150576508" role=""/>
  <member type="way" ref="1209238773" role=""/>
  <member type="way" ref="1027502855" role=""/>
  <member type="way" ref="1027502848" role=""/>
  <member type="way" ref="1209238786" role=""/>
  <member type="way" ref="1209238785" role=""/>
  <member type="way" ref="45837054" role=""/>
  <member type="way" ref="1209238784" role=""/>
  <member type="way" ref="1193317895" role=""/>
  <member type="way" ref="1193317879" role=""/>
  <member type="way" ref="1206051959" role=""/>
  <member type="way" ref="387054148" role=""/>
  <member type="way" ref="582400465" role=""/>
  <member type="way" ref="1190362125" role=""/>
  <member type="way" ref="1190362132" role=""/>
  <member type="way" ref="1213734826" role=""/>
  <member type="way" ref="20730759" role=""/>
  <member type="way" ref="895512174" role=""/>
  <member type="way" ref="988506882" role=""/>
  <member type="way" ref="895523422" role=""/>
  <member type="way" ref="1209238762" role=""/>
  <member type="way" ref="1209238763" role=""/>
  <member type="way" ref="1209238768" role=""/>
  <member type="way" ref="1209238767" role=""/>
  <member type="way" ref="1204468936" role=""/>
  <member type="way" ref="1204468937" role=""/>
  <member type="way" ref="228621545" role=""/>
  <member type="way" ref="1221220839" role=""/>
  <member type="way" ref="626727177" role=""/>
  <member type="way" ref="1191558400" role=""/>
  <member type="way" ref="626727174" role=""/>
  <member type="way" ref="244333699" role=""/>
  <member type="way" ref="1131869016" role=""/>
  <member type="way" ref="1131869015" role=""/>
  <member type="way" ref="1027502886" role=""/>
  <member type="way" ref="1190376150" role=""/>
  <member type="way" ref="582400500" role=""/>
  <member type="way" ref="582400490" role=""/>
  <member type="way" ref="1190524916" role=""/>
  <member type="way" ref="1190524915" role=""/>
  <member type="way" ref="1191558411" role=""/>
  <member type="way" ref="1190524902" role=""/>
  <member type="way" ref="1190524901" role=""/>
  <member type="way" ref="405374202" role=""/>
  <member type="way" ref="1190524900" role=""/>
  <member type="way" ref="1190524914" role=""/>
  <member type="way" ref="1190524912" role=""/>
  <member type="way" ref="1190524911" role=""/>
  <member type="way" ref="582400495" role=""/>
  <member type="way" ref="1213751685" role=""/>
  <member type="way" ref="582400503" role=""/>
  <member type="way" ref="1190524897" role=""/>
  <member type="way" ref="387056943" role=""/>
  <member type="way" ref="661604785" role=""/>
  <member type="way" ref="661604784" role=""/>
  <member type="way" ref="1214284878" role=""/>
  <member type="way" ref="1214284877" role=""/>
  <member type="way" ref="1265457406" role=""/>
  <member type="way" ref="1265457405" role=""/>
  <member type="way" ref="1265457404" role=""/>
  <member type="way" ref="1265457403" role=""/>
  <member type="way" ref="1265457402" role=""/>
  <member type="way" ref="1151938892" role=""/>
  <member type="way" ref="1214284876" role=""/>
  <member type="way" ref="1265457399" role=""/>
  <member type="way" ref="1265457400" role=""/>
  <member type="way" ref="1265457401" role=""/>
  <member type="way" ref="1190524921" role=""/>
  <member type="way" ref="1190524920" role=""/>
  <member type="way" ref="20721206" role=""/>
  <member type="way" ref="136802106" role=""/>
  <member type="way" ref="1188411785" role=""/>
  <member type="way" ref="1190362125" role=""/>
  <member type="way" ref="582400465" role=""/>
  <member type="way" ref="20724315" role=""/>
  <member type="way" ref="1206051960" role=""/>
  <member type="way" ref="1193317880" role=""/>
  <member type="way" ref="1027502838" role=""/>
  <member type="way" ref="1193317892" role=""/>
  <member type="way" ref="1193298987" role=""/>
  <member type="way" ref="20729480" role=""/>
  <member type="way" ref="1263147573" role=""/>
  <member type="way" ref="20722888" role=""/>
  <member type="way" ref="20727908" role=""/>
  <member type="way" ref="1213564985" role=""/>
  <member type="way" ref="1191558410" role=""/>
  <member type="way" ref="1263147565" role=""/>
  <member type="way" ref="1263147566" role=""/>
  <tag k="bicycle" v="no"/>
  <tag k="colour" v="#94251e"/>
  <tag k="description" v="Nights &amp; Weekends"/>
  <tag k="from" v="Commons"/>
  <tag k="network" v="AggieSpirit"/>
  <tag k="noname" v="yes"/>
  <tag k="operator" v="Texas A&amp;M University Transportation Services"/>
  <tag k="public_transport:version" v="2"/>
  <tag k="ref" v="01/04"/>
  <tag k="roundtrip" v="yes"/>
  <tag k="route" v="bus"/>
  <tag k="to" v="Commons"/>
  <tag k="type" v="route"/>
  <tag k="wheelchair" v="limited"/>
 </relation>
 <relation id="16120604" visible="true" version="17" changeset="149042841" timestamp="2024-03-23T09:32:56Z" user="kitto33" uid="14976430">
  <member type="node" ref="11062930463" role="platform"/>
  <member type="node" ref="8502689139" role="platform"/>
  <member type="node" ref="11052607135" role="platform"/>
  <member type="node" ref="11052607137" role="platform"/>
  <member type="node" ref="11054013702" role="platform"/>
  <member type="node" ref="11053998554" role="platform"/>
  <member type="node" ref="11062930460" role="platform"/>
  <member type="node" ref="11062930459" role="platform"/>
  <member type="node" ref="11054066177" role="platform"/>
  <member type="node" ref="11054021345" role="platform"/>
  <member type="node" ref="11054228268" role="platform"/>
  <member type="node" ref="9460150719" role="platform"/>
  <member type="node" ref="11052607136" role="platform"/>
  <member type="node" ref="8502689140" role="platform"/>
  <member type="node" ref="11062930461" role="platform"/>
  <member type="node" ref="11062930462" role="platform"/>
  <member type="node" ref="11062930463" role="platform"/>
  <member type="way" ref="20719391" role=""/>
  <member type="way" ref="1263147574" role=""/>
  <member type="way" ref="144498375" role=""/>
  <member type="way" ref="1209238780" role=""/>
  <member type="way" ref="1263109073" role=""/>
  <member type="way" ref="1193299006" role=""/>
  <member type="way" ref="1193317894" role=""/>
  <member type="way" ref="1027502839" role=""/>
  <member type="way" ref="1193317879" role=""/>
  <member type="way" ref="1206051959" role=""/>
  <member type="way" ref="387054148" role=""/>
  <member type="way" ref="582400465" role=""/>
  <member type="way" ref="1190362125" role=""/>
  <member type="way" ref="1190362132" role=""/>
  <member type="way" ref="1213734826" role=""/>
  <member type="way" ref="20730759" role=""/>
  <member type="way" ref="895512174" role=""/>
  <member type="way" ref="988506882" role=""/>
  <member type="way" ref="895523422" role=""/>
  <member type="way" ref="1209238762" role=""/>
  <member type="way" ref="1209238763" role=""/>
  <member type="way" ref="1209238768" role=""/>
  <member type="way" ref="1209238767" role=""/>
  <member type="way" ref="1204468936" role=""/>
  <member type="way" ref="1204468937" role=""/>
  <member type="way" ref="228621545" role=""/>
  <member type="way" ref="1221220839" role=""/>
  <member type="way" ref="626727177" role=""/>
  <member type="way" ref="1191558400" role=""/>
  <member type="way" ref="626727174" role=""/>
  <member type="way" ref="244333699" role=""/>
  <member type="way" ref="1131869016" role=""/>
  <member type="way" ref="1131869015" role=""/>
  <member type="way" ref="1027502886" role=""/>
  <member type="way" ref="1190376150" role=""/>
  <member type="way" ref="582400500" role=""/>
  <member type="way" ref="582400490" role=""/>
  <member type="way" ref="1190524916" role=""/>
  <member type="way" ref="1190524915" role=""/>
  <member type="way" ref="1191558411" role=""/>
  <member type="way" ref="1190524902" role=""/>
  <member type="way" ref="1190524901" role=""/>
  <member type="way" ref="405374202" role=""/>
  <member type="way" ref="1190524900" role=""/>
  <member type="way" ref="1190524914" role=""/>
  <member type="way" ref="1190524912" role=""/>
  <member type="way" ref="1190524911" role=""/>
  <member type="way" ref="582400495" role=""/>
  <member type="way" ref="1213751685" role=""/>
  <member type="way" ref="582400503" role=""/>
  <member type="way" ref="1190524897" role=""/>
  <member type="way" ref="387056943" role=""/>
  <member type="way" ref="661604785" role=""/>
  <member type="way" ref="661604784" role=""/>
  <member type="way" ref="1214284878" role=""/>
  <member type="way" ref="1214284877" role=""/>
  <member type="way" ref="1265457406" role=""/>
  <member type="way" ref="1265457405" role=""/>
  <member type="way" ref="1265457404" role=""/>
  <member type="way" ref="1265457403" role=""/>
  <member type="way" ref="1265457402" role=""/>
  <member type="way" ref="1151938892" role=""/>
  <member type="way" ref="1214284876" role=""/>
  <member type="way" ref="1265457399" role=""/>
  <member type="way" ref="1265457400" role=""/>
  <member type="way" ref="1265457401" role=""/>
  <member type="way" ref="1190524921" role=""/>
  <member type="way" ref="1190524920" role=""/>
  <member type="way" ref="20721206" role=""/>
  <member type="way" ref="136802106" role=""/>
  <member type="way" ref="1188411785" role=""/>
  <member type="way" ref="1190362125" role=""/>
  <member type="way" ref="582400465" role=""/>
  <member type="way" ref="20724315" role=""/>
  <member type="way" ref="1206051960" role=""/>
  <member type="way" ref="1193317880" role=""/>
  <member type="way" ref="1027502838" role=""/>
  <member type="way" ref="1193317892" role=""/>
  <member type="way" ref="1193298987" role=""/>
  <member type="way" ref="20729480" role=""/>
  <member type="way" ref="1263147573" role=""/>
  <member type="way" ref="20722888" role=""/>
  <member type="way" ref="20727908" role=""/>
  <member type="way" ref="1213564985" role=""/>
  <member type="way" ref="1191558410" role=""/>
  <member type="way" ref="1263147565" role=""/>
  <member type="way" ref="1263147566" role=""/>
  <tag k="bicycle" v="no"/>
  <tag k="colour" v="#d64427"/>
  <tag k="from" v="Commons"/>
  <tag k="name" v="Bonfire"/>
  <tag k="network" v="AggieSpirit"/>
  <tag k="operator" v="Texas A&amp;M University Transportation Services"/>
  <tag k="public_transport:version" v="2"/>
  <tag k="ref" v="01"/>
  <tag k="roundtrip" v="yes"/>
  <tag k="route" v="bus"/>
  <tag k="to" v="Commons"/>
  <tag k="type" v="route"/>
  <tag k="wheelchair" v="limited"/>
 </relation>
 <relation id="16120828" visible="true" version="17" changeset="164402719" timestamp="2025-04-02T05:51:17Z" user="skquinn" uid="243003">
  <member type="node" ref="9461821103" role="platform"/>
  <member type="node" ref="9460150719" role="platform"/>
  <member type="node" ref="8502689138" role="platform"/>
  <member type="node" ref="10553778081" role="platform"/>
  <member type="node" ref="9461821084" role="platform"/>
  <member type="node" ref="9461821086" role="platform"/>
  <member type="node" ref="9461821088" role="platform"/>
  <member type="node" ref="9461821091" role="platform"/>
  <member type="node" ref="9461821092" role="platform"/>
  <member type="node" ref="9461821094" role="platform"/>
  <member type="node" ref="10553778087" role="platform"/>
  <member type="node" ref="9461821097" role="platform"/>
  <member type="node" ref="9461821098" role="platform"/>
  <member type="node" ref="9461821099" role="platform"/>
  <member type="node" ref="11054431403" role="platform"/>
  <member type="node" ref="9461821100" role="platform"/>
  <member type="node" ref="9461821101" role="platform"/>
  <member type="node" ref="11733856243" role="platform"/>
  <member type="node" ref="9461821102" role="platform"/>
  <member type="node" ref="9461821097" role="platform"/>
  <member type="node" ref="10553778088" role="platform"/>
  <member type="node" ref="9461821095" role="platform"/>
  <member type="node" ref="9461821093" role="platform"/>
  <member type="node" ref="9461821090" role="platform"/>
  <member type="node" ref="9461821089" role="platform"/>
  <member type="node" ref="9461821087" role="platform"/>
  <member type="node" ref="9461821085" role="platform"/>
  <member type="node" ref="10553778080" role="platform"/>
  <member type="node" ref="10553778082" role="platform"/>
  <member type="node" ref="10553778079" role="platform"/>
  <member type="node" ref="9461821103" role="platform"/>
  <member type="way" ref="1214284878" role=""/>
  <member type="way" ref="1214284877" role=""/>
  <member type="way" ref="1265457406" role=""/>
  <member type="way" ref="1265457405" role=""/>
  <member type="way" ref="1265457404" role=""/>
  <member type="way" ref="1265457403" role=""/>
  <member type="way" ref="1265457402" role=""/>
  <member type="way" ref="1151938892" role=""/>
  <member type="way" ref="1214284876" role=""/>
  <member type="way" ref="1265457399" role=""/>
  <member type="way" ref="1265457400" role=""/>
  <member type="way" ref="1265457401" role=""/>
  <member type="way" ref="1190524921" role=""/>
  <member type="way" ref="1190524920" role=""/>
  <member type="way" ref="20721206" role=""/>
  <member type="way" ref="136802106" role=""/>
  <member type="way" ref="1188411785" role=""/>
  <member type="way" ref="1190362125" role=""/>
  <member type="way" ref="582400465" role=""/>
  <member type="way" ref="20724315" role=""/>
  <member type="way" ref="1206051960" role=""/>
  <member type="way" ref="1193317880" role=""/>
  <member type="way" ref="1027502838" role=""/>
  <member type="way" ref="1027502840" role=""/>
  <member type="way" ref="1027502842" role=""/>
  <member type="way" ref="1193317893" role=""/>
  <member type="way" ref="1027502843" role=""/>
  <member type="way" ref="20729475" role=""/>
  <member type="way" ref="1054225660" role=""/>
  <member type="way" ref="1054225659" role=""/>
  <member type="way" ref="1027502847" role=""/>
  <member type="way" ref="1027502855" role=""/>
  <member type="way" ref="1027502854" role=""/>
  <member type="way" ref="1361173672" role=""/>
  <member type="way" ref="1209238775" role=""/>
  <member type="way" ref="1077200899" role=""/>
  <member type="way" ref="1363524827" role=""/>
  <member type="way" ref="988506882" role=""/>
  <member type="way" ref="895523422" role=""/>
  <member type="way" ref="1209238762" role=""/>
  <member type="way" ref="1209238763" role=""/>
  <member type="way" ref="1209238768" role=""/>
  <member type="way" ref="1209238767" role=""/>
  <member type="way" ref="1204468936" role=""/>
  <member type="way" ref="1204468937" role=""/>
  <member type="way" ref="228621545" role=""/>
  <member type="way" ref="1221220839" role=""/>
  <member type="way" ref="1221220840" role=""/>
  <member type="way" ref="1265425848" role=""/>
  <member type="way" ref="20721822" role=""/>
  <member type="way" ref="1190376149" role=""/>
  <member type="way" ref="1190376148" role=""/>
  <member type="way" ref="1265425847" role=""/>
  <member type="way" ref="1265425846" role=""/>
  <member type="way" ref="1265425849" role=""/>
  <member type="way" ref="20717794" role=""/>
  <member type="way" ref="1132528734" role=""/>
  <member type="way" ref="228314222" role=""/>
  <member type="way" ref="1027502862" role=""/>
  <member type="way" ref="619103389" role=""/>
  <member type="way" ref="373933421" role=""/>
  <member type="way" ref="1131869021" role=""/>
  <member type="way" ref="373933423" role=""/>
  <member type="way" ref="619103391" role=""/>
  <member type="way" ref="797698130" role=""/>
  <member type="way" ref="157593710" role=""/>
  <member type="way" ref="157593709" role=""/>
  <member type="way" ref="797698131" role=""/>
  <member type="way" ref="157592899" role=""/>
  <member type="way" ref="104204747" role=""/>
  <member type="way" ref="797698127" role=""/>
  <member type="way" ref="157592127" role=""/>
  <member type="way" ref="157592126" role=""/>
  <member type="way" ref="1064977066" role=""/>
  <member type="way" ref="1064977067" role=""/>
  <member type="way" ref="847296696" role=""/>
  <member type="way" ref="847296706" role=""/>
  <member type="way" ref="847296709" role=""/>
  <member type="way" ref="1027502880" role=""/>
  <member type="way" ref="847296708" role=""/>
  <member type="way" ref="1064977070" role=""/>
  <member type="way" ref="1027502867" role=""/>
  <member type="way" ref="1027502867" role=""/>
  <member type="way" ref="847296702" role=""/>
  <member type="way" ref="1027502880" role=""/>
  <member type="way" ref="637923400" role=""/>
  <member type="way" ref="865148774" role=""/>
  <member type="way" ref="1027502870" role=""/>
  <member type="way" ref="865148779" role=""/>
  <member type="way" ref="865148775" role=""/>
  <member type="way" ref="1265457395" role=""/>
  <member type="way" ref="865148783" role=""/>
  <member type="way" ref="1027502869" role=""/>
  <member type="way" ref="1027502870" role=""/>
  <member type="way" ref="865148778" role=""/>
  <member type="way" ref="637923400" role=""/>
  <member type="way" ref="847296703" role=""/>
  <member type="way" ref="1027502878" role=""/>
  <member type="way" ref="1027502873" role=""/>
  <member type="way" ref="1027502874" role=""/>
  <member type="way" ref="979577183" role=""/>
  <member type="way" ref="1027502871" role=""/>
  <member type="way" ref="1191568742" role=""/>
  <member type="way" ref="1191568745" role=""/>
  <member type="way" ref="1191568741" role=""/>
  <member type="way" ref="1191568743" role=""/>
  <member type="way" ref="1027502871" role=""/>
  <member type="way" ref="940190774" role=""/>
  <member type="way" ref="20719717" role=""/>
  <member type="way" ref="20719535" role=""/>
  <member type="way" ref="847296703" role=""/>
  <member type="way" ref="705881488" role=""/>
  <member type="way" ref="1064977069" role=""/>
  <member type="way" ref="1064977068" role=""/>
  <member type="way" ref="157592124" role=""/>
  <member type="way" ref="157592123" role=""/>
  <member type="way" ref="797698128" role=""/>
  <member type="way" ref="157592904" role=""/>
  <member type="way" ref="157592900" role=""/>
  <member type="way" ref="104204746" role=""/>
  <member type="way" ref="157593708" role=""/>
  <member type="way" ref="157593707" role=""/>
  <member type="way" ref="373933408" role=""/>
  <member type="way" ref="1374010118" role=""/>
  <member type="way" ref="1027502863" role=""/>
  <member type="way" ref="1027502882" role=""/>
  <member type="way" ref="1131869023" role=""/>
  <member type="way" ref="1131869022" role=""/>
  <member type="way" ref="1027502862" role=""/>
  <member type="way" ref="619103389" role=""/>
  <member type="way" ref="373933421" role=""/>
  <member type="way" ref="1131869021" role=""/>
  <member type="way" ref="373933406" role=""/>
  <member type="way" ref="373933428" role=""/>
  <member type="way" ref="1027502858" role=""/>
  <member type="way" ref="1132528734" role=""/>
  <member type="way" ref="20717794" role=""/>
  <member type="way" ref="1265425849" role=""/>
  <member type="way" ref="1265425846" role=""/>
  <member type="way" ref="1265425847" role=""/>
  <member type="way" ref="1190376148" role=""/>
  <member type="way" ref="1190376149" role=""/>
  <member type="way" ref="20721822" role=""/>
  <member type="way" ref="1265425848" role=""/>
  <member type="way" ref="1221220840" role=""/>
  <member type="way" ref="626727177" role=""/>
  <member type="way" ref="1191558400" role=""/>
  <member type="way" ref="626727174" role=""/>
  <member type="way" ref="244333699" role=""/>
  <member type="way" ref="1131869017" role=""/>
  <member type="way" ref="1131869015" role=""/>
  <member type="way" ref="1027502886" role=""/>
  <member type="way" ref="1190376150" role=""/>
  <member type="way" ref="1027502887" role=""/>
  <member type="way" ref="1190524897" role=""/>
  <member type="way" ref="387056943" role=""/>
  <member type="way" ref="661604785" role=""/>
  <member type="way" ref="661604784" role=""/>
  <tag k="bicycle" v="no"/>
  <tag k="colour" v="#2a4244"/>
  <tag k="description" v="Nights &amp; Weekends"/>
  <tag k="from" v="MSC"/>
  <tag k="name" v="RELLIS"/>
  <tag k="network" v="AggieSpirit"/>
  <tag k="operator" v="Texas A&amp;M University Transportation Services"/>
  <tag k="public_transport:version" v="2"/>
  <tag k="ref" v="47/48"/>
  <tag k="roundtrip" v="yes"/>
  <tag k="route" v="bus"/>
  <tag k="to" v="MSC"/>
  <tag k="type" v="route"/>
  <tag k="wheelchair" v="limited"/>
 </relation>
 <relation id="16125153" visible="true" version="20" changeset="164402907" timestamp="2025-04-02T05:57:47Z" user="skquinn" uid="243003">
  <member type="node" ref="11065893552" role="platform"/>
  <member type="node" ref="8502689138" role="platform"/>
  <member type="node" ref="11065893553" role="platform"/>
  <member type="node" ref="11065893555" role="platform"/>
  <member type="node" ref="11065893554" role="platform"/>
  <member type="node" ref="11065893552" role="platform"/>
  <member type="way" ref="20730747" role=""/>
  <member type="way" ref="415318249" role=""/>
  <member type="way" ref="1193308720" role=""/>
  <member type="way" ref="1191558410" role=""/>
  <member type="way" ref="1263147565" role=""/>
  <member type="way" ref="1263147566" role=""/>
  <member type="way" ref="20719391" role=""/>
  <member type="way" ref="1263147574" role=""/>
  <member type="way" ref="144498375" role=""/>
  <member type="way" ref="1209238780" role=""/>
  <member type="way" ref="1263109073" role=""/>
  <member type="way" ref="1193299006" role=""/>
  <member type="way" ref="1193317894" role=""/>
  <member type="way" ref="1027502842" role=""/>
  <member type="way" ref="1193317893" role=""/>
  <member type="way" ref="1027502843" role=""/>
  <member type="way" ref="20729475" role=""/>
  <member type="way" ref="1054225660" role=""/>
  <member type="way" ref="1054225659" role=""/>
  <member type="way" ref="1027502847" role=""/>
  <member type="way" ref="1027502855" role=""/>
  <member type="way" ref="1027502854" role=""/>
  <member type="way" ref="1361173672" role=""/>
  <member type="way" ref="1209238775" role=""/>
  <member type="way" ref="1077200899" role=""/>
  <member type="way" ref="1363524827" role=""/>
  <member type="way" ref="988506882" role=""/>
  <member type="way" ref="895523422" role=""/>
  <member type="way" ref="1209238762" role=""/>
  <member type="way" ref="1209238763" role=""/>
  <member type="way" ref="1209238768" role=""/>
  <member type="way" ref="1209238767" role=""/>
  <member type="way" ref="1204468936" role=""/>
  <member type="way" ref="1204468937" role=""/>
  <member type="way" ref="228621545" role=""/>
  <member type="way" ref="1221220839" role=""/>
  <member type="way" ref="1027502856" role=""/>
  <member type="way" ref="1000076074" role=""/>
  <member type="way" ref="621261088" role=""/>
  <member type="way" ref="768389472" role=""/>
  <member type="way" ref="1255408167" role=""/>
  <member type="way" ref="837079802" role=""/>
  <member type="way" ref="837079801" role=""/>
  <member type="way" ref="768389471" role=""/>
  <member type="way" ref="1255408169" role=""/>
  <member type="way" ref="39899531" role=""/>
  <member type="way" ref="1191945922" role=""/>
  <member type="way" ref="847711219" role=""/>
  <member type="way" ref="621260295" role=""/>
  <member type="way" ref="1191945920" role=""/>
  <member type="way" ref="765328848" role=""/>
  <member type="way" ref="799219354" role=""/>
  <member type="way" ref="52720217" role=""/>
  <member type="way" ref="765326541" role=""/>
  <member type="way" ref="765328850" role=""/>
  <member type="way" ref="151753698" role=""/>
  <member type="way" ref="1191945917" role=""/>
  <member type="way" ref="797698126" role=""/>
  <member type="way" ref="1374011213" role=""/>
  <member type="way" ref="1374011212" role=""/>
  <member type="way" ref="20727053" role=""/>
  <member type="way" ref="1191945915" role=""/>
  <member type="way" ref="1193729431" role=""/>
  <member type="way" ref="1364510213" role=""/>
  <member type="way" ref="1191945913" role=""/>
  <member type="way" ref="151753699" role=""/>
  <member type="way" ref="1061898761" role=""/>
  <member type="way" ref="418784775" role=""/>
  <member type="way" ref="418784777" role=""/>
  <member type="way" ref="1191945911" role=""/>
  <member type="way" ref="1364510214" role=""/>
  <member type="way" ref="20731139" role=""/>
  <member type="way" ref="1191558395" role=""/>
  <member type="way" ref="1191945910" role=""/>
  <member type="way" ref="1071038416" role=""/>
  <member type="way" ref="269259169" role=""/>
  <member type="way" ref="1190524903" role=""/>
  <member type="way" ref="1190524905" role=""/>
  <member type="way" ref="1190524900" role=""/>
  <member type="way" ref="1190524914" role=""/>
  <member type="way" ref="1190524913" role=""/>
  <member type="way" ref="1193730806" role=""/>
  <member type="way" ref="1364510210" role=""/>
  <member type="way" ref="1364510207" role=""/>
  <member type="way" ref="1364510208" role=""/>
  <tag k="bicycle" v="no"/>
  <tag k="colour" v="#8d5022"/>
  <tag k="from" v="Hotel/Joe Routt"/>
  <tag k="name" v="Airport"/>
  <tag k="network" v="AggieSpirit"/>
  <tag k="network:wikidata" v="Q129718034"/>
  <tag k="operator" v="Texas A&amp;M University Transportation Services"/>
  <tag k="operator:wikidata" v="Q129718560"/>
  <tag k="public_transport:version" v="2"/>
  <tag k="ref" v="07"/>
  <tag k="roundtrip" v="yes"/>
  <tag k="route" v="bus"/>
  <tag k="to" v="Hotel/Joe Routt"/>
  <tag k="type" v="route"/>
  <tag k="wheelchair" v="limited"/>
 </relation>
 <relation id="16455209" visible="true" version="8" changeset="164402719" timestamp="2025-04-02T05:51:17Z" user="skquinn" uid="243003">
  <member type="node" ref="9461821098" role="platform"/>
  <member type="node" ref="9461821097" role="platform"/>
  <member type="node" ref="10553778088" role="platform"/>
  <member type="node" ref="9461821095" role="platform"/>
  <member type="node" ref="9461821093" role="platform"/>
  <member type="node" ref="9461821090" role="platform"/>
  <member type="node" ref="9461821089" role="platform"/>
  <member type="node" ref="9461821087" role="platform"/>
  <member type="node" ref="9461821085" role="platform"/>
  <member type="node" ref="10553778080" role="platform"/>
  <member type="node" ref="10553778082" role="platform"/>
  <member type="node" ref="10553778079" role="platform"/>
  <member type="node" ref="9461821103" role="platform"/>
  <member type="way" ref="1265457395" role=""/>
  <member type="way" ref="865148783" role=""/>
  <member type="way" ref="1027502869" role=""/>
  <member type="way" ref="1027502870" role=""/>
  <member type="way" ref="865148778" role=""/>
  <member type="way" ref="637923400" role=""/>
  <member type="way" ref="1027502867" role=""/>
  <member type="way" ref="847296702" role=""/>
  <member type="way" ref="1027502880" role=""/>
  <member type="way" ref="847296708" role=""/>
  <member type="way" ref="1064977070" role=""/>
  <member type="way" ref="705881488" role=""/>
  <member type="way" ref="1064977069" role=""/>
  <member type="way" ref="1064977068" role=""/>
  <member type="way" ref="157592124" role=""/>
  <member type="way" ref="157592123" role=""/>
  <member type="way" ref="797698128" role=""/>
  <member type="way" ref="157592904" role=""/>
  <member type="way" ref="157592900" role=""/>
  <member type="way" ref="104204746" role=""/>
  <member type="way" ref="157593708" role=""/>
  <member type="way" ref="157593707" role=""/>
  <member type="way" ref="373933408" role=""/>
  <member type="way" ref="1374010118" role=""/>
  <member type="way" ref="1027502863" role=""/>
  <member type="way" ref="1027502882" role=""/>
  <member type="way" ref="1131869023" role=""/>
  <member type="way" ref="1131869022" role=""/>
  <member type="way" ref="1027502862" role=""/>
  <member type="way" ref="619103389" role=""/>
  <member type="way" ref="373933421" role=""/>
  <member type="way" ref="1131869021" role=""/>
  <member type="way" ref="373933406" role=""/>
  <member type="way" ref="373933428" role=""/>
  <member type="way" ref="1027502858" role=""/>
  <member type="way" ref="1132528734" role=""/>
  <member type="way" ref="20717794" role=""/>
  <member type="way" ref="1265425849" role=""/>
  <member type="way" ref="1265425846" role=""/>
  <member type="way" ref="1265425847" role=""/>
  <member type="way" ref="1190376148" role=""/>
  <member type="way" ref="1190376149" role=""/>
  <member type="way" ref="20721822" role=""/>
  <member type="way" ref="1265425848" role=""/>
  <member type="way" ref="1221220840" role=""/>
  <member type="way" ref="626727177" role=""/>
  <member type="way" ref="1191558400" role=""/>
  <member type="way" ref="626727174" role=""/>
  <member type="way" ref="244333699" role=""/>
  <member type="way" ref="1131869017" role=""/>
  <member type="way" ref="1131869015" role=""/>
  <member type="way" ref="1027502886" role=""/>
  <member type="way" ref="1190376150" role=""/>
  <member type="way" ref="1027502887" role=""/>
  <member type="way" ref="1190524897" role=""/>
  <member type="way" ref="387056943" role=""/>
  <member type="way" ref="661604785" role=""/>
  <member type="way" ref="661604784" role=""/>
  <member type="way" ref="1214284878" role=""/>
  <member type="way" ref="1214284877" role=""/>
  <member type="way" ref="1265457406" role=""/>
  <tag k="colour" v="#1e1e1e"/>
  <tag k="from" v="RELLIS"/>
  <tag k="name" v="RELLIS"/>
  <tag k="public_transport:version" v="2"/>
  <tag k="route" v="bus"/>
  <tag k="to" v="MSC"/>
  <tag k="type" v="route"/>
 </relation>
 <relation id="16455210" visible="true" version="2" changeset="148714018" timestamp="2024-03-16T01:00:57Z" user="kitto33" uid="14976430">
  <member type="relation" ref="13741740" role=""/>
  <member type="relation" ref="16455209" role=""/>
  <tag k="bicycle" v="no"/>
  <tag k="colour" v="#1e1e1e"/>
  <tag k="name" v="RELLIS"/>
  <tag k="network" v="AggieSpirit"/>
  <tag k="operator" v="Texas A&amp;M University Transportation Services"/>
  <tag k="public_transport:version" v="2"/>
  <tag k="ref" v="47"/>
  <tag k="route_master" v="bus"/>
  <tag k="type" v="route_master"/>
  <tag k="wheelchair" v="limited"/>
 </relation>
 <relation id="16681485" visible="true" version="4" changeset="149042841" timestamp="2024-03-23T09:32:56Z" user="kitto33" uid="14976430">
  <member type="node" ref="11052706190" role="platform"/>
  <member type="node" ref="9461821087" role="platform"/>
  <member type="node" ref="9461821085" role="platform"/>
  <member type="node" ref="10553778080" role="platform"/>
  <member type="node" ref="10553778082" role="platform"/>
  <member type="node" ref="10553778079" role="platform"/>
  <member type="node" ref="11052706192" role="platform"/>
  <member type="way" ref="1222710325" role=""/>
  <member type="way" ref="1190376149" role=""/>
  <member type="way" ref="20721822" role=""/>
  <member type="way" ref="1265425848" role=""/>
  <member type="way" ref="1221220840" role=""/>
  <member type="way" ref="626727177" role=""/>
  <member type="way" ref="1191558400" role=""/>
  <member type="way" ref="626727174" role=""/>
  <member type="way" ref="244333699" role=""/>
  <member type="way" ref="1131869017" role=""/>
  <member type="way" ref="1131869015" role=""/>
  <member type="way" ref="1027502886" role=""/>
  <member type="way" ref="1190376150" role=""/>
  <member type="way" ref="1027502887" role=""/>
  <member type="way" ref="1190524897" role=""/>
  <member type="way" ref="387056943" role=""/>
  <member type="way" ref="661604785" role=""/>
  <member type="way" ref="661604784" role=""/>
  <member type="way" ref="1214284878" role=""/>
  <member type="way" ref="1214284877" role=""/>
  <member type="way" ref="1265457406" role=""/>
  <member type="way" ref="1265457405" role=""/>
  <member type="way" ref="1265457404" role=""/>
  <member type="way" ref="1265457403" role=""/>
  <member type="way" ref="1265457402" role=""/>
  <member type="way" ref="1151938892" role=""/>
  <member type="way" ref="1214284876" role=""/>
  <tag k="colour" v="#a84e9e"/>
  <tag k="from" v="GSC"/>
  <tag k="name" v="12th Man"/>
  <tag k="public_transport:version" v="2"/>
  <tag k="route" v="bus"/>
  <tag k="to" v="MSC"/>
  <tag k="type" v="route"/>
 </relation>
 <relation id="16681487" visible="true" version="5" changeset="149042841" timestamp="2024-03-23T09:32:56Z" user="kitto33" uid="14976430">
  <member type="node" ref="11062930450" role="platform"/>
  <member type="node" ref="11062930453" role="platform"/>
  <member type="node" ref="11062930455" role="platform"/>
  <member type="node" ref="11062930457" role="platform"/>
  <member type="node" ref="11052706189" role="platform"/>
  <member type="node" ref="11062930449" role="platform"/>
  <member type="way" ref="1265457394" role=""/>
  <member type="way" ref="1191558402" role=""/>
  <member type="way" ref="765296729" role=""/>
  <member type="way" ref="1191558404" role=""/>
  <member type="way" ref="582400510" role=""/>
  <member type="way" ref="1221252185" role=""/>
  <member type="way" ref="1191558407" role=""/>
  <member type="way" ref="1191558406" role=""/>
  <member type="way" ref="1215197985" role=""/>
  <member type="way" ref="1243109788" role=""/>
  <member type="way" ref="1243109787" role=""/>
  <member type="way" ref="405134196" role=""/>
  <member type="way" ref="1191558409" role=""/>
  <member type="way" ref="20720551" role=""/>
  <member type="way" ref="1215197981" role=""/>
  <member type="way" ref="1000076074" role=""/>
  <member type="way" ref="228621544" role=""/>
  <member type="way" ref="521352145" role=""/>
  <member type="way" ref="626727174" role=""/>
  <member type="way" ref="244333699" role=""/>
  <member type="way" ref="1131869017" role=""/>
  <member type="way" ref="1131869015" role=""/>
  <member type="way" ref="1027502886" role=""/>
  <member type="way" ref="1190376150" role=""/>
  <member type="way" ref="1027502887" role=""/>
  <member type="way" ref="1190524897" role=""/>
  <member type="way" ref="387056943" role=""/>
  <member type="way" ref="661604785" role=""/>
  <member type="way" ref="661604784" role=""/>
  <member type="way" ref="1214284878" role=""/>
  <member type="way" ref="1214284877" role=""/>
  <member type="way" ref="1265457406" role=""/>
  <member type="way" ref="1265457405" role=""/>
  <member type="way" ref="1265457404" role=""/>
  <tag k="colour" v="#467ba7"/>
  <tag k="from" v="White Creek"/>
  <tag k="name" v="Yell Practice"/>
  <tag k="public_transport:version" v="2"/>
  <tag k="route" v="bus"/>
  <tag k="to" v="MSC"/>
  <tag k="type" v="route"/>
 </relation>
 <relation id="16681489" visible="true" version="2" changeset="148714018" timestamp="2024-03-16T01:00:57Z" user="kitto33" uid="14976430">
  <member type="relation" ref="16120602" role=""/>
  <member type="relation" ref="16681487" role=""/>
  <tag k="bicycle" v="no"/>
  <tag k="colour" v="#467ba7"/>
  <tag k="name" v="Yell Practice"/>
  <tag k="network" v="AggieSpirit"/>
  <tag k="operator" v="Texas A&amp;M University Transportation Services"/>
  <tag k="public_transport:version" v="2"/>
  <tag k="ref" v="03"/>
  <tag k="route_master" v="bus"/>
  <tag k="type" v="route_master"/>
  <tag k="wheelchair" v="limited"/>
 </relation>
 <relation id="16681490" visible="true" version="2" changeset="148714018" timestamp="2024-03-16T01:00:57Z" user="kitto33" uid="14976430">
  <member type="relation" ref="16107503" role=""/>
  <member type="relation" ref="16681486" role=""/>
  <tag k="bicycle" v="no"/>
  <tag k="colour" v="#2d2e73"/>
  <tag k="name" v="Bush School"/>
  <tag k="network" v="AggieSpirit"/>
  <tag k="operator" v="Texas A&amp;M University Transportation Services"/>
  <tag k="public_transport:version" v="2"/>
  <tag k="ref" v="05"/>
  <tag k="route_master" v="bus"/>
  <tag k="type" v="route_master"/>
  <tag k="wheelchair" v="limited"/>
 </relation>
 <relation id="16681491" visible="true" version="3" changeset="158357041" timestamp="2024-10-25T22:26:12Z" user="Dbchdncindcnojasnxjoasvnhuwrfbh" uid="21836966">
  <member type="relation" ref="16120600" role=""/>
  <member type="relation" ref="16681488" role=""/>
  <tag k="bicycle" v="no"/>
  <tag k="colour" v="#7373a5"/>
  <tag k="name" v="Howdy"/>
  <tag k="network" v="AggieSpirit"/>
  <tag k="network:wikidata" v="Q129718034"/>
  <tag k="operator" v="Texas A&amp;M University Transportation Services"/>
  <tag k="operator:wikidata" v="Q129718560"/>
  <tag k="public_transport:version" v="2"/>
  <tag k="ref" v="08"/>
  <tag k="route_master" v="bus"/>
  <tag k="type" v="route_master"/>
  <tag k="wheelchair" v="limited"/>
 </relation>
 <relation id="16681492" visible="true" version="2" changeset="148714018" timestamp="2024-03-16T01:00:57Z" user="kitto33" uid="14976430">
  <member type="relation" ref="16104431" role=""/>
  <member type="relation" ref="16681485" role=""/>
  <tag k="bicycle" v="no"/>
  <tag k="colour" v="#a84e9e"/>
  <tag k="name" v="12th Man"/>
  <tag k="network" v="AggieSpirit"/>
  <tag k="operator" v="Texas A&amp;M University Transportation Services"/>
  <tag k="public_transport:version" v="2"/>
  <tag k="ref" v="06"/>
  <tag k="route_master" v="bus"/>
  <tag k="type" v="route_master"/>
  <tag k="wheelchair" v="limited"/>
 </relation>
 <relation id="16681521" visible="true" version="2" changeset="148714018" timestamp="2024-03-16T01:00:57Z" user="kitto33" uid="14976430">
  <member type="relation" ref="16681520" role=""/>
  <member type="relation" ref="15571494" role=""/>
  <tag k="bicycle" v="no"/>
  <tag k="colour" v="#7a7b31"/>
  <tag k="name" v="Old Army"/>
  <tag k="network" v="AggieSpirit"/>
  <tag k="operator" v="Texas A&amp;M University Transportation Services"/>
  <tag k="public_transport:version" v="2"/>
  <tag k="ref" v="15"/>
  <tag k="route_master" v="bus"/>
  <tag k="type" v="route_master"/>
  <tag k="wheelchair" v="yes"/>
 </relation>
 <relation id="17375630" visible="true" version="5" changeset="164453289" timestamp="2025-04-03T08:43:10Z" user="nlitvinava_lyft" uid="12604528">
  <member type="node" ref="11755049102" role="platform"/>
  <member type="node" ref="11053998554" role="platform"/>
  <member type="node" ref="11062930447" role="platform"/>
  <member type="node" ref="11755049081" role="platform"/>
  <member type="node" ref="11693047198" role="platform"/>
  <member type="node" ref="11693047199" role="platform"/>
  <member type="node" ref="11692921863" role="platform"/>
  <member type="way" ref="1265457402" role=""/>
  <member type="way" ref="1151938892" role=""/>
  <member type="way" ref="1214284876" role=""/>
  <member type="way" ref="1265457399" role=""/>
  <member type="way" ref="1265457400" role=""/>
  <member type="way" ref="1265457401" role=""/>
  <member type="way" ref="1190524921" role=""/>
  <member type="way" ref="1190524920" role=""/>
  <member type="way" ref="20728266" role=""/>
  <member type="way" ref="1190376155" role=""/>
  <member type="way" ref="387056940" role=""/>
  <member type="way" ref="661604782" role=""/>
  <member type="way" ref="661604783" role=""/>
  <member type="way" ref="1190376154" role=""/>
  <member type="way" ref="1190376153" role=""/>
  <member type="way" ref="1190376150" role=""/>
  <member type="way" ref="582400500" role=""/>
  <member type="way" ref="582400490" role=""/>
  <member type="way" ref="1190524916" role=""/>
  <member type="way" ref="20720052" role=""/>
  <member type="way" ref="1190524904" role=""/>
  <member type="way" ref="1190524903" role=""/>
  <member type="way" ref="269259169" role=""/>
  <member type="way" ref="485137804" role=""/>
  <member type="way" ref="1191558396" role=""/>
  <member type="way" ref="1071038415" role=""/>
  <member type="way" ref="1012222990" role=""/>
  <member type="way" ref="1012222991" role=""/>
  <member type="way" ref="304268995" role=""/>
  <member type="way" ref="1071038417" role=""/>
  <member type="way" ref="20720782" role=""/>
  <member type="way" ref="1374359912" role=""/>
  <member type="way" ref="1273267644" role=""/>
  <member type="way" ref="1374359913" role=""/>
  <member type="way" ref="1305866390" role=""/>
  <member type="way" ref="386108638" role=""/>
  <member type="way" ref="1265457384" role=""/>
  <tag k="colour" v="#5d8060"/>
  <tag k="from" v="MSC"/>
  <tag k="name" v="Hullabaloo"/>
  <tag k="network" v="AggieSpirit"/>
  <tag k="network:wikidata" v="Q129718034"/>
  <tag k="operator" v="Texas A&amp;M University Transportation Services"/>
  <tag k="operator:wikidata" v="Q129718560"/>
  <tag k="public_transport:version" v="2"/>
  <tag k="ref" v="35"/>
  <tag k="route" v="bus"/>
  <tag k="to" v="Luther @ Harvey Mitchell"/>
  <tag k="type" v="route"/>
 </relation>
 <relation id="17375634" visible="true" version="2" changeset="158357041" timestamp="2024-10-25T22:26:12Z" user="Dbchdncindcnojasnxjoasvnhuwrfbh" uid="21836966">
  <member type="relation" ref="17375630" role=""/>
  <member type="relation" ref="17375629" role=""/>
  <tag k="bicycle" v="no"/>
  <tag k="colour" v="#5d8060"/>
  <tag k="name" v="Hullabaloo"/>
  <tag k="network" v="AggieSpirit"/>
  <tag k="network:wikidata" v="Q129718034"/>
  <tag k="operator" v="Texas A&amp;M University Transportation Services"/>
  <tag k="operator:wikidata" v="Q129718560"/>
  <tag k="public_transport:version" v="2"/>
  <tag k="ref" v="35"/>
  <tag k="route_master" v="bus"/>
  <tag k="type" v="route_master"/>
  <tag k="wheelchair" v="limited"/>
 </relation>
 <relation id="17911524" visible="true" version="3" changeset="164453289" timestamp="2025-04-03T08:43:10Z" user="nlitvinava_lyft" uid="12604528">
  <member type="node" ref="11755049101" role="platform"/>
  <member type="node" ref="11053998554" role="platform"/>
  <member type="node" ref="11062930447" role="platform"/>
  <member type="node" ref="11755049081" role="platform"/>
  <member type="node" ref="11693047198" role="platform"/>
  <member type="node" ref="11693047199" role="platform"/>
  <member type="node" ref="12094589462" role="platform"/>
  <member type="node" ref="12094589461" role="platform"/>
  <member type="node" ref="12094589460" role="platform"/>
  <member type="node" ref="12094589466" role="platform"/>
  <member type="way" ref="1265457404" role=""/>
  <member type="way" ref="1265457403" role=""/>
  <member type="way" ref="1265457402" role=""/>
  <member type="way" ref="1151938892" role=""/>
  <member type="way" ref="1214284876" role=""/>
  <member type="way" ref="1265457399" role=""/>
  <member type="way" ref="1265457400" role=""/>
  <member type="way" ref="1265457401" role=""/>
  <member type="way" ref="1190524921" role=""/>
  <member type="way" ref="1190524920" role=""/>
  <member type="way" ref="20728266" role=""/>
  <member type="way" ref="1190376155" role=""/>
  <member type="way" ref="387056940" role=""/>
  <member type="way" ref="661604782" role=""/>
  <member type="way" ref="661604783" role=""/>
  <member type="way" ref="1190376154" role=""/>
  <member type="way" ref="1190376153" role=""/>
  <member type="way" ref="1190376150" role=""/>
  <member type="way" ref="582400500" role=""/>
  <member type="way" ref="582400490" role=""/>
  <member type="way" ref="1190524916" role=""/>
  <member type="way" ref="20720052" role=""/>
  <member type="way" ref="1190524904" role=""/>
  <member type="way" ref="1190524903" role=""/>
  <member type="way" ref="269259169" role=""/>
  <member type="way" ref="485137804" role=""/>
  <member type="way" ref="1191558396" role=""/>
  <member type="way" ref="1071038415" role=""/>
  <member type="way" ref="1012222990" role=""/>
  <member type="way" ref="1012222991" role=""/>
  <member type="way" ref="304268995" role=""/>
  <member type="way" ref="1071038417" role=""/>
  <member type="way" ref="20720782" role=""/>
  <member type="way" ref="1374359912" role=""/>
  <member type="way" ref="1273267644" role=""/>
  <member type="way" ref="1302812223" role=""/>
  <member type="way" ref="1305866388" role=""/>
  <member type="way" ref="1374359911" role=""/>
  <member type="way" ref="1374359910" role=""/>
  <member type="way" ref="1305866387" role=""/>
  <member type="way" ref="1305866385" role=""/>
  <member type="way" ref="1305866383" role=""/>
  <member type="way" ref="498916037" role=""/>
  <member type="way" ref="1071037277" role=""/>
  <member type="way" ref="1305866382" role=""/>
  <member type="way" ref="1305866380" role=""/>
  <member type="way" ref="1029614109" role=""/>
  <member type="way" ref="872001230" role=""/>
  <member type="way" ref="1029614112" role=""/>
  <member type="way" ref="1029614114" role=""/>
  <member type="way" ref="1029614113" role=""/>
  <member type="way" ref="377560078" role=""/>
  <member type="way" ref="1305866379" role=""/>
  <member type="way" ref="1305866378" role=""/>
  <member type="way" ref="1374359905" role=""/>
  <tag k="bicycle" v="no"/>
  <tag k="colour" v="#7d7c7c"/>
  <tag k="from" v="MSC"/>
  <tag k="name" v="Century Tree"/>
  <tag k="network" v="AggieSpirit"/>
  <tag k="network:wikidata" v="Q129718034"/>
  <tag k="operator" v="Texas A&amp;M University Transportation Services"/>
  <tag k="operator:wikidata" v="Q129718560"/>
  <tag k="public_transport:version" v="2"/>
  <tag k="ref" v="40"/>
  <tag k="route" v="bus"/>
  <tag k="to" v="Deacon West"/>
  <tag k="type" v="route"/>
  <tag k="wheelchair" v="limited"/>
 </relation>
 <relation id="17911527" visible="true" version="2" changeset="158357624" timestamp="2024-10-25T22:58:37Z" user="Dbchdncindcnojasnxjoasvnhuwrfbh" uid="21836966">
  <member type="relation" ref="17911524" role=""/>
  <member type="relation" ref="17911523" role=""/>
  <tag k="bicycle" v="no"/>
  <tag k="colour" v="#7d7c7c"/>
  <tag k="name" v="Century Tree"/>
  <tag k="network" v="AggieSpirit"/>
  <tag k="network:wikidata" v="Q129718034"/>
  <tag k="operator" v="Texas A&amp;M University Transportation Services"/>
  <tag k="operator:wikidata" v="Q129718560"/>
  <tag k="public_transport:version" v="2"/>
  <tag k="ref" v="40"/>
  <tag k="route_master" v="bus"/>
  <tag k="type" v="route_master"/>
  <tag k="wheelchair" v="limited"/>
 </relation>
 <relation id="18730973" visible="true" version="1" changeset="162737216" timestamp="2025-02-20T11:46:32Z" user="ihorkovtun_lyft" uid="22052511">
  <member type="way" ref="20722480" role="from"/>
  <member type="node" ref="222561629" role="via"/>
  <member type="way" ref="1361421410" role="to"/>
  <tag k="restriction" v="no_left_turn"/>
  <tag k="type" v="restriction"/>
 </relation>
</osm>
